Text,scam
Reminder: Your appointment is scheduled for 12-02-2026 at 1:00 PM.,0
Refund of Rs 7500 is ready. Share your UPI PIN to receive instantly.,1
Thank you for your payment of Rs 999. Transaction ID: 878136.,0
Order #254668 has been shipped and will be delivered by tomorrow.,0
Reminder: Your appointment is scheduled for 1-02-2026 at 6:00 PM.,0
Your OTP for login is 513104. Do not share this with anyone.,0
"Dear customer, your UPI ID abc@upi has been suspended. Click https://rbi-verify-safe.in to reactivate.",1
Your bank account will be blocked today. Verify immediately using this link: https://secure-upi-check.in,1
Meeting confirmed at 8:30 PM today. Reply YES to confirm your presence.,0
Your bank account will be blocked today. Verify immediately using this link: https://secure-upi-check.in,1
Your account balance is Rs 499. Thank you for banking with us.,0
"Dear user, suspicious login detected from a new device. Verify your password immediately using http://verify-bank-secure.com.",1
Your cab is arriving in 5 minutes. Driver contact: 9000012345.,0
"Dear customer, your UPI ID securepay@okicici has been suspended. Click https://reward-claim-now.com to reactivate.",1
Congratulations! You have won a reward of Rs 5000. Share your bank details to claim now.,1
Urgent: Your SIM will be deactivated in 2 hours. Call 9090909090 and confirm your Aadhaar number.,1
"Dear user, suspicious login detected from a new device. Verify your password immediately using http://verify-bank-secure.com.",1
Limited offer: Invest Rs 799 today and get 3x returns in one month. Pay via UPI securepay@okicici.,1
"Dear user, suspicious login detected from a new device. Verify your password immediately using http://login-security-check.com.",1
Urgent: Your SIM will be deactivated in 2 hours. Call 9123456780 and confirm your Aadhaar number.,1
You have an income tax refund pending. Fill this form at http://kyc-update-online.in to get your refund.,1
Order #773848 has been shipped and will be delivered by tomorrow.,0
Limited offer: Invest Rs 999 today and get 3x returns in one month. Pay via UPI investfast@axl.,1
Your account balance is Rs 2500. Thank you for banking with us.,0
Meeting confirmed at 1:30 PM today. Reply YES to confirm your presence.,0
Happy Birthday! Wishing you a wonderful year ahead.,0
Refund of Rs 7500 is ready. Share your UPI PIN to receive instantly.,1
Reminder: Your appointment is scheduled for 4-02-2026 at 3:30 PM.,0
Limited offer: Invest Rs 399 today and get 3x returns in one month. Pay via UPI refund@oksbi.,1
Congratulations! You have won a reward of Rs 999. Share your bank details to claim now.,1
You have an income tax refund pending. Fill this form at http://kyc-update-online.in to get your refund.,1
Important notice from RBI: Your KYC is pending. Complete it now at http://login-security-check.com or your account will be frozen.,1
Your card ending 6109 has been temporarily locked. Call 9123456780 and share OTP to unlock.,1
Your cab is arriving in 5 minutes. Driver contact: 9876543210.,0
Limited offer: Invest Rs 199 today and get 3x returns in one month. Pay via UPI bonus@ibl.,1
Your electricity bill of Rs 399 is due on 4-02-2026. Please pay on time.,0
Your electricity bill of Rs 199 is due on 21-02-2026. Please pay on time.,0
You have an income tax refund pending. Fill this form at https://reward-claim-now.com to get your refund.,1
Order #624536 has been shipped and will be delivered by tomorrow.,0
Limited offer: Invest Rs 7500 today and get 3x returns in one month. Pay via UPI bonus@ibl.,1
Your cab is arriving in 5 minutes. Driver contact: 9988776655.,0
Reminder: Your appointment is scheduled for 26-02-2026 at 11:45 PM.,0
Reminder: Your appointment is scheduled for 11-02-2026 at 5:30 PM.,0
Reminder: Your appointment is scheduled for 22-02-2026 at 7:30 PM.,0
Order #272302 has been shipped and will be delivered by tomorrow.,0
"Dear user, suspicious login detected from a new device. Verify your password immediately using http://login-security-check.com.",1
"Dear user, suspicious login detected from a new device. Verify your password immediately using https://reward-claim-now.com.",1
Your bank account will be blocked today. Verify immediately using this link: https://rbi-verify-safe.in,1
Your OTP for login is 530373. Do not share this with anyone.,0
Thank you for your payment of Rs 7500. Transaction ID: 978334.,0
Happy Birthday! Wishing you a wonderful year ahead.,0
Order #396888 has been shipped and will be delivered by tomorrow.,0
"Dear user, suspicious login detected from a new device. Verify your password immediately using http://verify-bank-secure.com.",1
Your account balance is Rs 199. Thank you for banking with us.,0
Important notice from RBI: Your KYC is pending. Complete it now at https://rbi-verify-safe.in or your account will be frozen.,1
Your OTP for login is 803619. Do not share this with anyone.,0
Your OTP for login is 369677. Do not share this with anyone.,0
"Dear customer, your UPI ID offer@ybl has been suspended. Click https://reward-claim-now.com to reactivate.",1
Reminder: Your appointment is scheduled for 11-02-2026 at 5:00 PM.,0
You have an income tax refund pending. Fill this form at https://rbi-verify-safe.in to get your refund.,1
Congratulations! You have won a reward of Rs 399. Share your bank details to claim now.,1
Refund of Rs 999 is ready. Share your UPI PIN to receive instantly.,1
Meeting confirmed at 7:00 PM today. Reply YES to confirm your presence.,0
Congratulations! You have won a reward of Rs 7500. Share your bank details to claim now.,1
Your electricity bill of Rs 499 is due on 20-02-2026. Please pay on time.,0
Limited offer: Invest Rs 7500 today and get 3x returns in one month. Pay via UPI securepay@okicici.,1
Thank you for your payment of Rs 7500. Transaction ID: 581183.,0
Order #617387 has been shipped and will be delivered by tomorrow.,0
Your bank account will be blocked today. Verify immediately using this link: https://secure-upi-check.in,1
"Dear customer, your UPI ID investfast@axl has been suspended. Click https://reward-claim-now.com to reactivate.",1
Limited offer: Invest Rs 1500 today and get 3x returns in one month. Pay via UPI abc@upi.,1
Your OTP for login is 192198. Do not share this with anyone.,0
Happy Birthday! Wishing you a wonderful year ahead.,0
"Dear customer, your UPI ID offer@ybl has been suspended. Click https://reward-claim-now.com to reactivate.",1
"Dear customer, your UPI ID abc@upi has been suspended. Click https://rbi-verify-safe.in to reactivate.",1
Order #112916 has been shipped and will be delivered by tomorrow.,0
Your account balance is Rs 999. Thank you for banking with us.,0
Meeting confirmed at 9:15 PM today. Reply YES to confirm your presence.,0
Your electricity bill of Rs 199 is due on 28-02-2026. Please pay on time.,0
Your OTP for login is 609821. Do not share this with anyone.,0
Meeting confirmed at 8:00 PM today. Reply YES to confirm your presence.,0
"Dear user, suspicious login detected from a new device. Verify your password immediately using https://secure-upi-check.in.",1
You have an income tax refund pending. Fill this form at https://secure-upi-check.in to get your refund.,1
Your card ending 4631 has been temporarily locked. Call 9123456780 and share OTP to unlock.,1
Your electricity bill of Rs 1500 is due on 16-02-2026. Please pay on time.,0
Your OTP for login is 699417. Do not share this with anyone.,0
Happy Birthday! Wishing you a wonderful year ahead.,0
"Dear user, suspicious login detected from a new device. Verify your password immediately using http://login-security-check.com.",1
Your account balance is Rs 999. Thank you for banking with us.,0
"Rs 10000 debited from your account via UPI securepay@okicici. If not you, call customer care.",0
Urgent: Your SIM will be deactivated in 2 hours. Call 9090909090 and confirm your Aadhaar number.,1
Congratulations! You have won a reward of Rs 999. Share your bank details to claim now.,1
Congratulations! You have won a reward of Rs 7500. Share your bank details to claim now.,1
Your bank account will be blocked today. Verify immediately using this link: https://secure-upi-check.in,1
Important notice from RBI: Your KYC is pending. Complete it now at http://verify-bank-secure.com or your account will be frozen.,1
"Dear customer, your UPI ID refund@oksbi has been suspended. Click https://rbi-verify-safe.in to reactivate.",1
Order #567612 has been shipped and will be delivered by tomorrow.,0
"Dear customer, your UPI ID bonus@ibl has been suspended. Click http://login-security-check.com to reactivate.",1
Order #226796 has been shipped and will be delivered by tomorrow.,0
Order #301614 has been shipped and will be delivered by tomorrow.,0
Your account balance is Rs 7500. Thank you for banking with us.,0
Your account balance is Rs 7500. Thank you for banking with us.,0
Your card ending 5323 has been temporarily locked. Call 9988776655 and share OTP to unlock.,1
Urgent: Your SIM will be deactivated in 2 hours. Call 9812345678 and confirm your Aadhaar number.,1
Congratulations! You have won a reward of Rs 999. Share your bank details to claim now.,1
"Dear user, suspicious login detected from a new device. Verify your password immediately using https://rbi-verify-safe.in.",1
Urgent: Your SIM will be deactivated in 2 hours. Call 9812345678 and confirm your Aadhaar number.,1
Happy Birthday! Wishing you a wonderful year ahead.,0
Limited offer: Invest Rs 2500 today and get 3x returns in one month. Pay via UPI offer@ybl.,1
Refund of Rs 10000 is ready. Share your UPI PIN to receive instantly.,1
Thank you for your payment of Rs 199. Transaction ID: 196327.,0
Congratulations! You have won a reward of Rs 10000. Share your bank details to claim now.,1
Your card ending 6104 has been temporarily locked. Call 9812345678 and share OTP to unlock.,1
Your account balance is Rs 399. Thank you for banking with us.,0
Thank you for your payment of Rs 1500. Transaction ID: 242889.,0
Happy Birthday! Wishing you a wonderful year ahead.,0
Happy Birthday! Wishing you a wonderful year ahead.,0
Order #290518 has been shipped and will be delivered by tomorrow.,0
Thank you for your payment of Rs 199. Transaction ID: 458203.,0
Meeting confirmed at 3:45 PM today. Reply YES to confirm your presence.,0
Your card ending 1555 has been temporarily locked. Call 9812345678 and share OTP to unlock.,1
Happy Birthday! Wishing you a wonderful year ahead.,0
Congratulations! You have won a reward of Rs 2500. Share your bank details to claim now.,1
Congratulations! You have won a reward of Rs 499. Share your bank details to claim now.,1
"Dear customer, your UPI ID abc@upi has been suspended. Click https://secure-upi-check.in to reactivate.",1
Your cab is arriving in 5 minutes. Driver contact: 9000012345.,0
Reminder: Your appointment is scheduled for 24-02-2026 at 3:15 PM.,0
Happy Birthday! Wishing you a wonderful year ahead.,0
Refund of Rs 1500 is ready. Share your UPI PIN to receive instantly.,1
"Dear customer, your UPI ID abc@upi has been suspended. Click https://reward-claim-now.com to reactivate.",1
Meeting confirmed at 1:15 PM today. Reply YES to confirm your presence.,0
Thank you for your payment of Rs 499. Transaction ID: 930880.,0
Your account balance is Rs 10000. Thank you for banking with us.,0
Your electricity bill of Rs 499 is due on 26-02-2026. Please pay on time.,0
Your account balance is Rs 1500. Thank you for banking with us.,0
Important notice from RBI: Your KYC is pending. Complete it now at http://kyc-update-online.in or your account will be frozen.,1
Your account balance is Rs 499. Thank you for banking with us.,0
You have an income tax refund pending. Fill this form at http://verify-bank-secure.com to get your refund.,1
You have an income tax refund pending. Fill this form at http://kyc-update-online.in to get your refund.,1
You have an income tax refund pending. Fill this form at https://secure-upi-check.in to get your refund.,1
Happy Birthday! Wishing you a wonderful year ahead.,0
Your bank account will be blocked today. Verify immediately using this link: http://kyc-update-online.in,1
Important notice from RBI: Your KYC is pending. Complete it now at http://kyc-update-online.in or your account will be frozen.,1
Congratulations! You have won a reward of Rs 10000. Share your bank details to claim now.,1
Happy Birthday! Wishing you a wonderful year ahead.,0
Your cab is arriving in 5 minutes. Driver contact: 9000012345.,0
Order #121514 has been shipped and will be delivered by tomorrow.,0
Urgent: Your SIM will be deactivated in 2 hours. Call 9876543210 and confirm your Aadhaar number.,1
"Dear user, suspicious login detected from a new device. Verify your password immediately using https://reward-claim-now.com.",1
"Rs 7500 debited from your account via UPI securepay@okicici. If not you, call customer care.",0
Happy Birthday! Wishing you a wonderful year ahead.,0
Your OTP for login is 798856. Do not share this with anyone.,0
Your OTP for login is 824749. Do not share this with anyone.,0
Your OTP for login is 669874. Do not share this with anyone.,0
Your cab is arriving in 5 minutes. Driver contact: 9876543210.,0
Thank you for your payment of Rs 999. Transaction ID: 322687.,0
Happy Birthday! Wishing you a wonderful year ahead.,0
"Dear customer, your UPI ID bonus@ibl has been suspended. Click https://rbi-verify-safe.in to reactivate.",1
Your bank account will be blocked today. Verify immediately using this link: https://secure-upi-check.in,1
Your OTP for login is 481514. Do not share this with anyone.,0
Refund of Rs 799 is ready. Share your UPI PIN to receive instantly.,1
Thank you for your payment of Rs 399. Transaction ID: 931670.,0
"Dear customer, your UPI ID bonus@ibl has been suspended. Click https://secure-upi-check.in to reactivate.",1
Limited offer: Invest Rs 499 today and get 3x returns in one month. Pay via UPI securepay@okicici.,1
Your card ending 4410 has been temporarily locked. Call 9988776655 and share OTP to unlock.,1
Meeting confirmed at 5:30 PM today. Reply YES to confirm your presence.,0
Your account balance is Rs 10000. Thank you for banking with us.,0
Your bank account will be blocked today. Verify immediately using this link: http://kyc-update-online.in,1
Your bank account will be blocked today. Verify immediately using this link: https://rbi-verify-safe.in,1
Refund of Rs 999 is ready. Share your UPI PIN to receive instantly.,1
Your OTP for login is 150225. Do not share this with anyone.,0
Urgent: Your SIM will be deactivated in 2 hours. Call 9988776655 and confirm your Aadhaar number.,1
"Dear customer, your UPI ID refund@oksbi has been suspended. Click https://reward-claim-now.com to reactivate.",1
Important notice from RBI: Your KYC is pending. Complete it now at https://secure-upi-check.in or your account will be frozen.,1
You have an income tax refund pending. Fill this form at https://secure-upi-check.in to get your refund.,1
Your card ending 1771 has been temporarily locked. Call 9988776655 and share OTP to unlock.,1
Refund of Rs 2500 is ready. Share your UPI PIN to receive instantly.,1
Your card ending 9764 has been temporarily locked. Call 9000012345 and share OTP to unlock.,1
Urgent: Your SIM will be deactivated in 2 hours. Call 9812345678 and confirm your Aadhaar number.,1
Thank you for your payment of Rs 2500. Transaction ID: 253595.,0
Reminder: Your appointment is scheduled for 19-02-2026 at 1:00 PM.,0
"Dear customer, your UPI ID refund@oksbi has been suspended. Click http://verify-bank-secure.com to reactivate.",1
Urgent: Your SIM will be deactivated in 2 hours. Call 9123456780 and confirm your Aadhaar number.,1
Urgent: Your SIM will be deactivated in 2 hours. Call 9000012345 and confirm your Aadhaar number.,1
Your electricity bill of Rs 399 is due on 17-02-2026. Please pay on time.,0
Your bank account will be blocked today. Verify immediately using this link: https://rbi-verify-safe.in,1
Your OTP for login is 529528. Do not share this with anyone.,0
Limited offer: Invest Rs 5000 today and get 3x returns in one month. Pay via UPI refund@oksbi.,1
Your electricity bill of Rs 199 is due on 3-02-2026. Please pay on time.,0
Congratulations! You have won a reward of Rs 799. Share your bank details to claim now.,1
Your OTP for login is 659684. Do not share this with anyone.,0
Your bank account will be blocked today. Verify immediately using this link: https://secure-upi-check.in,1
Meeting confirmed at 4:15 PM today. Reply YES to confirm your presence.,0
"Dear user, suspicious login detected from a new device. Verify your password immediately using http://verify-bank-secure.com.",1
Your cab is arriving in 5 minutes. Driver contact: 9988776655.,0
Your card ending 3273 has been temporarily locked. Call 9988776655 and share OTP to unlock.,1
You have an income tax refund pending. Fill this form at http://kyc-update-online.in to get your refund.,1
Meeting confirmed at 8:00 PM today. Reply YES to confirm your presence.,0
Limited offer: Invest Rs 10000 today and get 3x returns in one month. Pay via UPI investfast@axl.,1
Reminder: Your appointment is scheduled for 23-02-2026 at 4:00 PM.,0
Your electricity bill of Rs 7500 is due on 13-02-2026. Please pay on time.,0
Your electricity bill of Rs 2500 is due on 26-02-2026. Please pay on time.,0
Congratulations! You have won a reward of Rs 1500. Share your bank details to claim now.,1
Limited offer: Invest Rs 199 today and get 3x returns in one month. Pay via UPI refund@oksbi.,1
Your account balance is Rs 7500. Thank you for banking with us.,0
Important notice from RBI: Your KYC is pending. Complete it now at http://kyc-update-online.in or your account will be frozen.,1
Happy Birthday! Wishing you a wonderful year ahead.,0
Your OTP for login is 470043. Do not share this with anyone.,0
Limited offer: Invest Rs 10000 today and get 3x returns in one month. Pay via UPI investfast@axl.,1
Meeting confirmed at 12:30 PM today. Reply YES to confirm your presence.,0
Limited offer: Invest Rs 799 today and get 3x returns in one month. Pay via UPI securepay@okicici.,1
Your electricity bill of Rs 2500 is due on 19-02-2026. Please pay on time.,0
"Dear user, suspicious login detected from a new device. Verify your password immediately using https://reward-claim-now.com.",1
Your OTP for login is 165771. Do not share this with anyone.,0
Your cab is arriving in 5 minutes. Driver contact: 9988776655.,0
Your card ending 2997 has been temporarily locked. Call 9812345678 and share OTP to unlock.,1
"Dear customer, your UPI ID investfast@axl has been suspended. Click https://reward-claim-now.com to reactivate.",1
Reminder: Your appointment is scheduled for 11-02-2026 at 2:15 PM.,0
Your account balance is Rs 2500. Thank you for banking with us.,0
Your card ending 3641 has been temporarily locked. Call 9000012345 and share OTP to unlock.,1
Your account balance is Rs 399. Thank you for banking with us.,0
Your electricity bill of Rs 7500 is due on 12-02-2026. Please pay on time.,0
You have an income tax refund pending. Fill this form at http://login-security-check.com to get your refund.,1
Your cab is arriving in 5 minutes. Driver contact: 9123456780.,0
You have an income tax refund pending. Fill this form at https://secure-upi-check.in to get your refund.,1
Your bank account will be blocked today. Verify immediately using this link: http://login-security-check.com,1
Your account balance is Rs 199. Thank you for banking with us.,0
Reminder: Your appointment is scheduled for 19-02-2026 at 6:00 PM.,0
Meeting confirmed at 10:45 PM today. Reply YES to confirm your presence.,0
Your OTP for login is 598496. Do not share this with anyone.,0
Refund of Rs 10000 is ready. Share your UPI PIN to receive instantly.,1
"Dear user, suspicious login detected from a new device. Verify your password immediately using https://rbi-verify-safe.in.",1
Thank you for your payment of Rs 199. Transaction ID: 322648.,0
Your account balance is Rs 5000. Thank you for banking with us.,0
Thank you for your payment of Rs 399. Transaction ID: 724780.,0
"Dear customer, your UPI ID securepay@okicici has been suspended. Click http://login-security-check.com to reactivate.",1
Limited offer: Invest Rs 199 today and get 3x returns in one month. Pay via UPI offer@ybl.,1
Thank you for your payment of Rs 1500. Transaction ID: 212454.,0
Reminder: Your appointment is scheduled for 27-02-2026 at 7:45 PM.,0
"Dear customer, your UPI ID investfast@axl has been suspended. Click http://login-security-check.com to reactivate.",1
"Rs 399 debited from your account via UPI securepay@okicici. If not you, call customer care.",0
Your bank account will be blocked today. Verify immediately using this link: https://secure-upi-check.in,1
Your bank account will be blocked today. Verify immediately using this link: http://login-security-check.com,1
You have an income tax refund pending. Fill this form at http://login-security-check.com to get your refund.,1
"Rs 399 debited from your account via UPI investfast@axl. If not you, call customer care.",0
Meeting confirmed at 8:30 PM today. Reply YES to confirm your presence.,0
Reminder: Your appointment is scheduled for 2-02-2026 at 1:00 PM.,0
Thank you for your payment of Rs 199. Transaction ID: 224155.,0
Happy Birthday! Wishing you a wonderful year ahead.,0
Your bank account will be blocked today. Verify immediately using this link: https://reward-claim-now.com,1
Meeting confirmed at 5:15 PM today. Reply YES to confirm your presence.,0
Important notice from RBI: Your KYC is pending. Complete it now at https://secure-upi-check.in or your account will be frozen.,1
Important notice from RBI: Your KYC is pending. Complete it now at http://kyc-update-online.in or your account will be frozen.,1
Meeting confirmed at 8:45 PM today. Reply YES to confirm your presence.,0
Your cab is arriving in 5 minutes. Driver contact: 9812345678.,0
Limited offer: Invest Rs 10000 today and get 3x returns in one month. Pay via UPI investfast@axl.,1
Reminder: Your appointment is scheduled for 15-02-2026 at 12:45 PM.,0
You have an income tax refund pending. Fill this form at https://rbi-verify-safe.in to get your refund.,1
Your account balance is Rs 1500. Thank you for banking with us.,0
Your cab is arriving in 5 minutes. Driver contact: 9123456780.,0
Urgent: Your SIM will be deactivated in 2 hours. Call 9876543210 and confirm your Aadhaar number.,1
Thank you for your payment of Rs 799. Transaction ID: 123299.,0
Your bank account will be blocked today. Verify immediately using this link: http://kyc-update-online.in,1
Your OTP for login is 488504. Do not share this with anyone.,0
Urgent: Your SIM will be deactivated in 2 hours. Call 9090909090 and confirm your Aadhaar number.,1
"Dear customer, your UPI ID refund@oksbi has been suspended. Click https://rbi-verify-safe.in to reactivate.",1
Your account balance is Rs 5000. Thank you for banking with us.,0
Your card ending 1658 has been temporarily locked. Call 9988776655 and share OTP to unlock.,1
Your bank account will be blocked today. Verify immediately using this link: https://reward-claim-now.com,1
Your cab is arriving in 5 minutes. Driver contact: 9000012345.,0
Your bank account will be blocked today. Verify immediately using this link: https://secure-upi-check.in,1
Thank you for your payment of Rs 199. Transaction ID: 239148.,0
Order #657038 has been shipped and will be delivered by tomorrow.,0
Your electricity bill of Rs 1500 is due on 11-02-2026. Please pay on time.,0
Limited offer: Invest Rs 799 today and get 3x returns in one month. Pay via UPI bonus@ibl.,1
Your card ending 7390 has been temporarily locked. Call 9876543210 and share OTP to unlock.,1
Your OTP for login is 987122. Do not share this with anyone.,0
Urgent: Your SIM will be deactivated in 2 hours. Call 9090909090 and confirm your Aadhaar number.,1
Order #637944 has been shipped and will be delivered by tomorrow.,0
Your bank account will be blocked today. Verify immediately using this link: https://rbi-verify-safe.in,1
Your cab is arriving in 5 minutes. Driver contact: 9988776655.,0
Your cab is arriving in 5 minutes. Driver contact: 9876543210.,0
Your bank account will be blocked today. Verify immediately using this link: https://rbi-verify-safe.in,1
Meeting confirmed at 7:00 PM today. Reply YES to confirm your presence.,0
"Rs 799 debited from your account via UPI refund@oksbi. If not you, call customer care.",0
Your card ending 3223 has been temporarily locked. Call 9090909090 and share OTP to unlock.,1
You have an income tax refund pending. Fill this form at http://verify-bank-secure.com to get your refund.,1
Limited offer: Invest Rs 199 today and get 3x returns in one month. Pay via UPI securepay@okicici.,1
Meeting confirmed at 6:00 PM today. Reply YES to confirm your presence.,0
Reminder: Your appointment is scheduled for 19-02-2026 at 3:30 PM.,0
Congratulations! You have won a reward of Rs 799. Share your bank details to claim now.,1
Meeting confirmed at 1:00 PM today. Reply YES to confirm your presence.,0
Your account balance is Rs 7500. Thank you for banking with us.,0
Your card ending 5149 has been temporarily locked. Call 9812345678 and share OTP to unlock.,1
"Rs 7500 debited from your account via UPI refund@oksbi. If not you, call customer care.",0
Refund of Rs 499 is ready. Share your UPI PIN to receive instantly.,1
"Dear user, suspicious login detected from a new device. Verify your password immediately using https://reward-claim-now.com.",1
Reminder: Your appointment is scheduled for 18-02-2026 at 4:45 PM.,0
Your account balance is Rs 399. Thank you for banking with us.,0
Your electricity bill of Rs 399 is due on 28-02-2026. Please pay on time.,0
Thank you for your payment of Rs 1500. Transaction ID: 460516.,0
Your bank account will be blocked today. Verify immediately using this link: http://login-security-check.com,1
Refund of Rs 1500 is ready. Share your UPI PIN to receive instantly.,1
Urgent: Your SIM will be deactivated in 2 hours. Call 9988776655 and confirm your Aadhaar number.,1
Your bank account will be blocked today. Verify immediately using this link: https://secure-upi-check.in,1
Urgent: Your SIM will be deactivated in 2 hours. Call 9123456780 and confirm your Aadhaar number.,1
Reminder: Your appointment is scheduled for 8-02-2026 at 10:00 PM.,0
Your OTP for login is 901140. Do not share this with anyone.,0
Urgent: Your SIM will be deactivated in 2 hours. Call 9000012345 and confirm your Aadhaar number.,1
Congratulations! You have won a reward of Rs 199. Share your bank details to claim now.,1
Happy Birthday! Wishing you a wonderful year ahead.,0
You have an income tax refund pending. Fill this form at http://verify-bank-secure.com to get your refund.,1
Limited offer: Invest Rs 799 today and get 3x returns in one month. Pay via UPI bonus@ibl.,1
Refund of Rs 10000 is ready. Share your UPI PIN to receive instantly.,1
"Rs 2500 debited from your account via UPI offer@ybl. If not you, call customer care.",0
"Dear user, suspicious login detected from a new device. Verify your password immediately using http://kyc-update-online.in.",1
You have an income tax refund pending. Fill this form at https://secure-upi-check.in to get your refund.,1
You have an income tax refund pending. Fill this form at https://secure-upi-check.in to get your refund.,1
Your OTP for login is 485931. Do not share this with anyone.,0
Important notice from RBI: Your KYC is pending. Complete it now at https://secure-upi-check.in or your account will be frozen.,1
Reminder: Your appointment is scheduled for 23-02-2026 at 12:00 PM.,0
Thank you for your payment of Rs 999. Transaction ID: 973493.,0
Your OTP for login is 393093. Do not share this with anyone.,0
"Rs 499 debited from your account via UPI abc@upi. If not you, call customer care.",0
Reminder: Your appointment is scheduled for 20-02-2026 at 2:30 PM.,0
Your OTP for login is 246043. Do not share this with anyone.,0
Refund of Rs 199 is ready. Share your UPI PIN to receive instantly.,1
Refund of Rs 2500 is ready. Share your UPI PIN to receive instantly.,1
"Dear customer, your UPI ID refund@oksbi has been suspended. Click http://verify-bank-secure.com to reactivate.",1
Your OTP for login is 533955. Do not share this with anyone.,0
Your electricity bill of Rs 5000 is due on 28-02-2026. Please pay on time.,0
Order #111656 has been shipped and will be delivered by tomorrow.,0
Thank you for your payment of Rs 5000. Transaction ID: 744580.,0
Your bank account will be blocked today. Verify immediately using this link: http://login-security-check.com,1
Congratulations! You have won a reward of Rs 199. Share your bank details to claim now.,1
"Rs 499 debited from your account via UPI investfast@axl. If not you, call customer care.",0
Congratulations! You have won a reward of Rs 1500. Share your bank details to claim now.,1
"Dear user, suspicious login detected from a new device. Verify your password immediately using http://login-security-check.com.",1
Your account balance is Rs 999. Thank you for banking with us.,0
Your card ending 8086 has been temporarily locked. Call 9812345678 and share OTP to unlock.,1
Your bank account will be blocked today. Verify immediately using this link: https://rbi-verify-safe.in,1
"Rs 1500 debited from your account via UPI securepay@okicici. If not you, call customer care.",0
Happy Birthday! Wishing you a wonderful year ahead.,0
Refund of Rs 499 is ready. Share your UPI PIN to receive instantly.,1
Urgent: Your SIM will be deactivated in 2 hours. Call 9812345678 and confirm your Aadhaar number.,1
Your account balance is Rs 799. Thank you for banking with us.,0
Reminder: Your appointment is scheduled for 14-02-2026 at 1:45 PM.,0
Meeting confirmed at 1:15 PM today. Reply YES to confirm your presence.,0
Your card ending 9013 has been temporarily locked. Call 9988776655 and share OTP to unlock.,1
Thank you for your payment of Rs 999. Transaction ID: 210278.,0
Urgent: Your SIM will be deactivated in 2 hours. Call 9090909090 and confirm your Aadhaar number.,1
Meeting confirmed at 5:45 PM today. Reply YES to confirm your presence.,0
Reminder: Your appointment is scheduled for 12-02-2026 at 5:30 PM.,0
Your OTP for login is 744220. Do not share this with anyone.,0
Your electricity bill of Rs 7500 is due on 18-02-2026. Please pay on time.,0
Your electricity bill of Rs 7500 is due on 23-02-2026. Please pay on time.,0
Reminder: Your appointment is scheduled for 19-02-2026 at 1:00 PM.,0
Thank you for your payment of Rs 5000. Transaction ID: 349853.,0
"Dear customer, your UPI ID investfast@axl has been suspended. Click http://kyc-update-online.in to reactivate.",1
Thank you for your payment of Rs 499. Transaction ID: 482871.,0
Limited offer: Invest Rs 2500 today and get 3x returns in one month. Pay via UPI investfast@axl.,1
Urgent: Your SIM will be deactivated in 2 hours. Call 9090909090 and confirm your Aadhaar number.,1
You have an income tax refund pending. Fill this form at http://login-security-check.com to get your refund.,1
Your card ending 6917 has been temporarily locked. Call 9812345678 and share OTP to unlock.,1
Reminder: Your appointment is scheduled for 1-02-2026 at 9:15 PM.,0
Your bank account will be blocked today. Verify immediately using this link: https://secure-upi-check.in,1
Refund of Rs 999 is ready. Share your UPI PIN to receive instantly.,1
Meeting confirmed at 4:45 PM today. Reply YES to confirm your presence.,0
Your cab is arriving in 5 minutes. Driver contact: 9812345678.,0
Important notice from RBI: Your KYC is pending. Complete it now at https://reward-claim-now.com or your account will be frozen.,1
Your cab is arriving in 5 minutes. Driver contact: 9123456780.,0
"Dear user, suspicious login detected from a new device. Verify your password immediately using https://secure-upi-check.in.",1
Important notice from RBI: Your KYC is pending. Complete it now at http://login-security-check.com or your account will be frozen.,1
Happy Birthday! Wishing you a wonderful year ahead.,0
Important notice from RBI: Your KYC is pending. Complete it now at https://secure-upi-check.in or your account will be frozen.,1
Congratulations! You have won a reward of Rs 10000. Share your bank details to claim now.,1
Order #416127 has been shipped and will be delivered by tomorrow.,0
"Dear customer, your UPI ID offer@ybl has been suspended. Click http://kyc-update-online.in to reactivate.",1
"Dear customer, your UPI ID bonus@ibl has been suspended. Click http://verify-bank-secure.com to reactivate.",1
Reminder: Your appointment is scheduled for 11-02-2026 at 6:15 PM.,0
"Dear customer, your UPI ID investfast@axl has been suspended. Click http://kyc-update-online.in to reactivate.",1
Refund of Rs 5000 is ready. Share your UPI PIN to receive instantly.,1
Refund of Rs 499 is ready. Share your UPI PIN to receive instantly.,1
Thank you for your payment of Rs 1500. Transaction ID: 446777.,0
Congratulations! You have won a reward of Rs 499. Share your bank details to claim now.,1
Congratulations! You have won a reward of Rs 499. Share your bank details to claim now.,1
Order #386763 has been shipped and will be delivered by tomorrow.,0
"Rs 1500 debited from your account via UPI investfast@axl. If not you, call customer care.",0
Limited offer: Invest Rs 799 today and get 3x returns in one month. Pay via UPI securepay@okicici.,1
Your cab is arriving in 5 minutes. Driver contact: 9988776655.,0
Order #570619 has been shipped and will be delivered by tomorrow.,0
Meeting confirmed at 11:15 PM today. Reply YES to confirm your presence.,0
Important notice from RBI: Your KYC is pending. Complete it now at https://reward-claim-now.com or your account will be frozen.,1
Thank you for your payment of Rs 2500. Transaction ID: 418218.,0
Order #637313 has been shipped and will be delivered by tomorrow.,0
"Dear user, suspicious login detected from a new device. Verify your password immediately using https://rbi-verify-safe.in.",1
"Rs 799 debited from your account via UPI offer@ybl. If not you, call customer care.",0
Your card ending 3532 has been temporarily locked. Call 9812345678 and share OTP to unlock.,1
Reminder: Your appointment is scheduled for 2-02-2026 at 9:45 PM.,0
"Rs 199 debited from your account via UPI refund@oksbi. If not you, call customer care.",0
"Dear customer, your UPI ID bonus@ibl has been suspended. Click http://verify-bank-secure.com to reactivate.",1
You have an income tax refund pending. Fill this form at http://login-security-check.com to get your refund.,1
Urgent: Your SIM will be deactivated in 2 hours. Call 9090909090 and confirm your Aadhaar number.,1
Order #996296 has been shipped and will be delivered by tomorrow.,0
Reminder: Your appointment is scheduled for 3-02-2026 at 8:00 PM.,0
"Dear user, suspicious login detected from a new device. Verify your password immediately using http://verify-bank-secure.com.",1
Your electricity bill of Rs 7500 is due on 25-02-2026. Please pay on time.,0
You have an income tax refund pending. Fill this form at https://reward-claim-now.com to get your refund.,1
Limited offer: Invest Rs 399 today and get 3x returns in one month. Pay via UPI abc@upi.,1
Urgent: Your SIM will be deactivated in 2 hours. Call 9876543210 and confirm your Aadhaar number.,1
Order #856827 has been shipped and will be delivered by tomorrow.,0
Reminder: Your appointment is scheduled for 2-02-2026 at 1:15 PM.,0
Important notice from RBI: Your KYC is pending. Complete it now at https://reward-claim-now.com or your account will be frozen.,1
Happy Birthday! Wishing you a wonderful year ahead.,0
Your card ending 1313 has been temporarily locked. Call 9123456780 and share OTP to unlock.,1
Important notice from RBI: Your KYC is pending. Complete it now at http://login-security-check.com or your account will be frozen.,1
Thank you for your payment of Rs 2500. Transaction ID: 510695.,0
You have an income tax refund pending. Fill this form at https://reward-claim-now.com to get your refund.,1
You have an income tax refund pending. Fill this form at https://secure-upi-check.in to get your refund.,1
Reminder: Your appointment is scheduled for 14-02-2026 at 3:45 PM.,0
Refund of Rs 1500 is ready. Share your UPI PIN to receive instantly.,1
"Dear customer, your UPI ID investfast@axl has been suspended. Click https://rbi-verify-safe.in to reactivate.",1
Your electricity bill of Rs 799 is due on 9-02-2026. Please pay on time.,0
Your bank account will be blocked today. Verify immediately using this link: https://reward-claim-now.com,1
Your cab is arriving in 5 minutes. Driver contact: 9123456780.,0
Meeting confirmed at 1:30 PM today. Reply YES to confirm your presence.,0
Important notice from RBI: Your KYC is pending. Complete it now at http://kyc-update-online.in or your account will be frozen.,1
Order #245458 has been shipped and will be delivered by tomorrow.,0
Limited offer: Invest Rs 499 today and get 3x returns in one month. Pay via UPI offer@ybl.,1
Happy Birthday! Wishing you a wonderful year ahead.,0
Your bank account will be blocked today. Verify immediately using this link: https://secure-upi-check.in,1
Your OTP for login is 126450. Do not share this with anyone.,0
Meeting confirmed at 3:45 PM today. Reply YES to confirm your presence.,0
Your OTP for login is 424828. Do not share this with anyone.,0
Meeting confirmed at 2:15 PM today. Reply YES to confirm your presence.,0
Your card ending 4573 has been temporarily locked. Call 9000012345 and share OTP to unlock.,1
Your electricity bill of Rs 399 is due on 3-02-2026. Please pay on time.,0
"Dear customer, your UPI ID investfast@axl has been suspended. Click http://login-security-check.com to reactivate.",1
Your account balance is Rs 499. Thank you for banking with us.,0
Meeting confirmed at 8:00 PM today. Reply YES to confirm your presence.,0
Refund of Rs 399 is ready. Share your UPI PIN to receive instantly.,1
Important notice from RBI: Your KYC is pending. Complete it now at http://kyc-update-online.in or your account will be frozen.,1
Meeting confirmed at 7:15 PM today. Reply YES to confirm your presence.,0
Your OTP for login is 344626. Do not share this with anyone.,0
Your cab is arriving in 5 minutes. Driver contact: 9000012345.,0
Happy Birthday! Wishing you a wonderful year ahead.,0
Your cab is arriving in 5 minutes. Driver contact: 9988776655.,0
Your OTP for login is 953243. Do not share this with anyone.,0
Limited offer: Invest Rs 5000 today and get 3x returns in one month. Pay via UPI securepay@okicici.,1
Your cab is arriving in 5 minutes. Driver contact: 9000012345.,0
Limited offer: Invest Rs 5000 today and get 3x returns in one month. Pay via UPI offer@ybl.,1
Reminder: Your appointment is scheduled for 1-02-2026 at 5:30 PM.,0
"Dear customer, your UPI ID abc@upi has been suspended. Click https://reward-claim-now.com to reactivate.",1
Your cab is arriving in 5 minutes. Driver contact: 9988776655.,0
Limited offer: Invest Rs 999 today and get 3x returns in one month. Pay via UPI investfast@axl.,1
Your electricity bill of Rs 2500 is due on 6-02-2026. Please pay on time.,0
"Rs 999 debited from your account via UPI offer@ybl. If not you, call customer care.",0
Your electricity bill of Rs 5000 is due on 11-02-2026. Please pay on time.,0
Your account balance is Rs 1500. Thank you for banking with us.,0
You have an income tax refund pending. Fill this form at https://secure-upi-check.in to get your refund.,1
Order #378670 has been shipped and will be delivered by tomorrow.,0
Your account balance is Rs 5000. Thank you for banking with us.,0
Your bank account will be blocked today. Verify immediately using this link: https://secure-upi-check.in,1
"Dear user, suspicious login detected from a new device. Verify your password immediately using https://rbi-verify-safe.in.",1
"Dear user, suspicious login detected from a new device. Verify your password immediately using https://reward-claim-now.com.",1
Important notice from RBI: Your KYC is pending. Complete it now at https://reward-claim-now.com or your account will be frozen.,1
"Rs 799 debited from your account via UPI abc@upi. If not you, call customer care.",0
Congratulations! You have won a reward of Rs 199. Share your bank details to claim now.,1
Your cab is arriving in 5 minutes. Driver contact: 9090909090.,0
Important notice from RBI: Your KYC is pending. Complete it now at https://reward-claim-now.com or your account will be frozen.,1
Meeting confirmed at 7:30 PM today. Reply YES to confirm your presence.,0
Urgent: Your SIM will be deactivated in 2 hours. Call 9090909090 and confirm your Aadhaar number.,1
Important notice from RBI: Your KYC is pending. Complete it now at http://login-security-check.com or your account will be frozen.,1
Order #899391 has been shipped and will be delivered by tomorrow.,0
Thank you for your payment of Rs 5000. Transaction ID: 705368.,0
Your account balance is Rs 5000. Thank you for banking with us.,0
Your electricity bill of Rs 10000 is due on 2-02-2026. Please pay on time.,0
Your cab is arriving in 5 minutes. Driver contact: 9876543210.,0
"Rs 199 debited from your account via UPI refund@oksbi. If not you, call customer care.",0
Order #739506 has been shipped and will be delivered by tomorrow.,0
Meeting confirmed at 10:30 PM today. Reply YES to confirm your presence.,0
Congratulations! You have won a reward of Rs 499. Share your bank details to claim now.,1
Happy Birthday! Wishing you a wonderful year ahead.,0
Limited offer: Invest Rs 5000 today and get 3x returns in one month. Pay via UPI securepay@okicici.,1
Your cab is arriving in 5 minutes. Driver contact: 9876543210.,0
Thank you for your payment of Rs 2500. Transaction ID: 529636.,0
Thank you for your payment of Rs 499. Transaction ID: 419542.,0
Thank you for your payment of Rs 1500. Transaction ID: 545900.,0
Limited offer: Invest Rs 999 today and get 3x returns in one month. Pay via UPI abc@upi.,1
Urgent: Your SIM will be deactivated in 2 hours. Call 9123456780 and confirm your Aadhaar number.,1
You have an income tax refund pending. Fill this form at http://kyc-update-online.in to get your refund.,1
Refund of Rs 2500 is ready. Share your UPI PIN to receive instantly.,1
Your card ending 9627 has been temporarily locked. Call 9988776655 and share OTP to unlock.,1
Your bank account will be blocked today. Verify immediately using this link: http://login-security-check.com,1
"Dear user, suspicious login detected from a new device. Verify your password immediately using https://rbi-verify-safe.in.",1
Thank you for your payment of Rs 2500. Transaction ID: 155857.,0
Thank you for your payment of Rs 5000. Transaction ID: 301041.,0
"Dear user, suspicious login detected from a new device. Verify your password immediately using http://kyc-update-online.in.",1
Your cab is arriving in 5 minutes. Driver contact: 9812345678.,0
Happy Birthday! Wishing you a wonderful year ahead.,0
Meeting confirmed at 12:45 PM today. Reply YES to confirm your presence.,0
Urgent: Your SIM will be deactivated in 2 hours. Call 9988776655 and confirm your Aadhaar number.,1
Your OTP for login is 560498. Do not share this with anyone.,0
Order #681211 has been shipped and will be delivered by tomorrow.,0
Your card ending 5718 has been temporarily locked. Call 9988776655 and share OTP to unlock.,1
Your cab is arriving in 5 minutes. Driver contact: 9000012345.,0
Your OTP for login is 498791. Do not share this with anyone.,0
Your card ending 9968 has been temporarily locked. Call 9876543210 and share OTP to unlock.,1
Urgent: Your SIM will be deactivated in 2 hours. Call 9123456780 and confirm your Aadhaar number.,1
"Dear user, suspicious login detected from a new device. Verify your password immediately using https://reward-claim-now.com.",1
Important notice from RBI: Your KYC is pending. Complete it now at http://kyc-update-online.in or your account will be frozen.,1
Meeting confirmed at 12:30 PM today. Reply YES to confirm your presence.,0
You have an income tax refund pending. Fill this form at https://rbi-verify-safe.in to get your refund.,1
Happy Birthday! Wishing you a wonderful year ahead.,0
Order #589419 has been shipped and will be delivered by tomorrow.,0
Your card ending 8321 has been temporarily locked. Call 9988776655 and share OTP to unlock.,1
Refund of Rs 1500 is ready. Share your UPI PIN to receive instantly.,1
Meeting confirmed at 3:15 PM today. Reply YES to confirm your presence.,0
Order #664632 has been shipped and will be delivered by tomorrow.,0
Happy Birthday! Wishing you a wonderful year ahead.,0
Your account balance is Rs 2500. Thank you for banking with us.,0
"Dear user, suspicious login detected from a new device. Verify your password immediately using http://kyc-update-online.in.",1
Your OTP for login is 804206. Do not share this with anyone.,0
Congratulations! You have won a reward of Rs 2500. Share your bank details to claim now.,1
Your OTP for login is 471174. Do not share this with anyone.,0
Urgent: Your SIM will be deactivated in 2 hours. Call 9000012345 and confirm your Aadhaar number.,1
Order #268203 has been shipped and will be delivered by tomorrow.,0
Your account balance is Rs 499. Thank you for banking with us.,0
Reminder: Your appointment is scheduled for 19-02-2026 at 3:45 PM.,0
"Rs 499 debited from your account via UPI bonus@ibl. If not you, call customer care.",0
"Rs 2500 debited from your account via UPI refund@oksbi. If not you, call customer care.",0
Congratulations! You have won a reward of Rs 2500. Share your bank details to claim now.,1
Urgent: Your SIM will be deactivated in 2 hours. Call 9876543210 and confirm your Aadhaar number.,1
Reminder: Your appointment is scheduled for 22-02-2026 at 6:15 PM.,0
"Rs 199 debited from your account via UPI investfast@axl. If not you, call customer care.",0
Happy Birthday! Wishing you a wonderful year ahead.,0
Your card ending 1226 has been temporarily locked. Call 9000012345 and share OTP to unlock.,1
"Rs 5000 debited from your account via UPI offer@ybl. If not you, call customer care.",0
You have an income tax refund pending. Fill this form at http://verify-bank-secure.com to get your refund.,1
Limited offer: Invest Rs 799 today and get 3x returns in one month. Pay via UPI offer@ybl.,1
Reminder: Your appointment is scheduled for 6-02-2026 at 10:30 PM.,0
Congratulations! You have won a reward of Rs 399. Share your bank details to claim now.,1
Meeting confirmed at 2:45 PM today. Reply YES to confirm your presence.,0
Your bank account will be blocked today. Verify immediately using this link: http://login-security-check.com,1
Reminder: Your appointment is scheduled for 23-02-2026 at 6:15 PM.,0
Your card ending 4098 has been temporarily locked. Call 9988776655 and share OTP to unlock.,1
Meeting confirmed at 2:15 PM today. Reply YES to confirm your presence.,0
Happy Birthday! Wishing you a wonderful year ahead.,0
Thank you for your payment of Rs 1500. Transaction ID: 608007.,0
Your bank account will be blocked today. Verify immediately using this link: http://kyc-update-online.in,1
Reminder: Your appointment is scheduled for 24-02-2026 at 2:15 PM.,0
"Dear user, suspicious login detected from a new device. Verify your password immediately using http://verify-bank-secure.com.",1
Order #100802 has been shipped and will be delivered by tomorrow.,0
Urgent: Your SIM will be deactivated in 2 hours. Call 9812345678 and confirm your Aadhaar number.,1
Thank you for your payment of Rs 5000. Transaction ID: 605941.,0
Limited offer: Invest Rs 799 today and get 3x returns in one month. Pay via UPI investfast@axl.,1
Meeting confirmed at 4:30 PM today. Reply YES to confirm your presence.,0
"Dear user, suspicious login detected from a new device. Verify your password immediately using http://kyc-update-online.in.",1
Congratulations! You have won a reward of Rs 10000. Share your bank details to claim now.,1
"Rs 799 debited from your account via UPI abc@upi. If not you, call customer care.",0
Congratulations! You have won a reward of Rs 399. Share your bank details to claim now.,1
You have an income tax refund pending. Fill this form at http://login-security-check.com to get your refund.,1
Congratulations! You have won a reward of Rs 1500. Share your bank details to claim now.,1
Important notice from RBI: Your KYC is pending. Complete it now at http://login-security-check.com or your account will be frozen.,1
Urgent: Your SIM will be deactivated in 2 hours. Call 9123456780 and confirm your Aadhaar number.,1
Your electricity bill of Rs 10000 is due on 11-02-2026. Please pay on time.,0
You have an income tax refund pending. Fill this form at https://rbi-verify-safe.in to get your refund.,1
Your OTP for login is 684607. Do not share this with anyone.,0
Your card ending 9248 has been temporarily locked. Call 9123456780 and share OTP to unlock.,1
Your OTP for login is 692695. Do not share this with anyone.,0
Limited offer: Invest Rs 499 today and get 3x returns in one month. Pay via UPI bonus@ibl.,1
"Rs 2500 debited from your account via UPI abc@upi. If not you, call customer care.",0
"Dear customer, your UPI ID offer@ybl has been suspended. Click https://secure-upi-check.in to reactivate.",1
Refund of Rs 1500 is ready. Share your UPI PIN to receive instantly.,1
Urgent: Your SIM will be deactivated in 2 hours. Call 9000012345 and confirm your Aadhaar number.,1
"Dear user, suspicious login detected from a new device. Verify your password immediately using https://rbi-verify-safe.in.",1
Important notice from RBI: Your KYC is pending. Complete it now at http://login-security-check.com or your account will be frozen.,1
Limited offer: Invest Rs 10000 today and get 3x returns in one month. Pay via UPI investfast@axl.,1
Your account balance is Rs 1500. Thank you for banking with us.,0
Happy Birthday! Wishing you a wonderful year ahead.,0
Order #330579 has been shipped and will be delivered by tomorrow.,0
Limited offer: Invest Rs 10000 today and get 3x returns in one month. Pay via UPI abc@upi.,1
Important notice from RBI: Your KYC is pending. Complete it now at http://kyc-update-online.in or your account will be frozen.,1
Your electricity bill of Rs 7500 is due on 5-02-2026. Please pay on time.,0
Congratulations! You have won a reward of Rs 10000. Share your bank details to claim now.,1
Your cab is arriving in 5 minutes. Driver contact: 9090909090.,0
Meeting confirmed at 4:15 PM today. Reply YES to confirm your presence.,0
Your electricity bill of Rs 2500 is due on 22-02-2026. Please pay on time.,0
Your OTP for login is 782712. Do not share this with anyone.,0
"Dear customer, your UPI ID investfast@axl has been suspended. Click http://verify-bank-secure.com to reactivate.",1
"Dear user, suspicious login detected from a new device. Verify your password immediately using http://verify-bank-secure.com.",1
Your cab is arriving in 5 minutes. Driver contact: 9988776655.,0
Your electricity bill of Rs 399 is due on 11-02-2026. Please pay on time.,0
Your electricity bill of Rs 7500 is due on 14-02-2026. Please pay on time.,0
Limited offer: Invest Rs 399 today and get 3x returns in one month. Pay via UPI bonus@ibl.,1
Meeting confirmed at 11:30 PM today. Reply YES to confirm your presence.,0
Limited offer: Invest Rs 199 today and get 3x returns in one month. Pay via UPI investfast@axl.,1
Your account balance is Rs 2500. Thank you for banking with us.,0
Your cab is arriving in 5 minutes. Driver contact: 9123456780.,0
Refund of Rs 10000 is ready. Share your UPI PIN to receive instantly.,1
Refund of Rs 1500 is ready. Share your UPI PIN to receive instantly.,1
Your cab is arriving in 5 minutes. Driver contact: 9988776655.,0
Happy Birthday! Wishing you a wonderful year ahead.,0
Order #318388 has been shipped and will be delivered by tomorrow.,0
"Dear user, suspicious login detected from a new device. Verify your password immediately using https://secure-upi-check.in.",1
Your OTP for login is 180347. Do not share this with anyone.,0
Your electricity bill of Rs 499 is due on 1-02-2026. Please pay on time.,0
Urgent: Your SIM will be deactivated in 2 hours. Call 9090909090 and confirm your Aadhaar number.,1
"Rs 199 debited from your account via UPI offer@ybl. If not you, call customer care.",0
Limited offer: Invest Rs 199 today and get 3x returns in one month. Pay via UPI securepay@okicici.,1
Happy Birthday! Wishing you a wonderful year ahead.,0
You have an income tax refund pending. Fill this form at https://rbi-verify-safe.in to get your refund.,1
Your account balance is Rs 499. Thank you for banking with us.,0
Your bank account will be blocked today. Verify immediately using this link: http://kyc-update-online.in,1
Your OTP for login is 587227. Do not share this with anyone.,0
Your electricity bill of Rs 7500 is due on 19-02-2026. Please pay on time.,0
Your bank account will be blocked today. Verify immediately using this link: http://login-security-check.com,1
"Dear customer, your UPI ID abc@upi has been suspended. Click https://secure-upi-check.in to reactivate.",1
Refund of Rs 10000 is ready. Share your UPI PIN to receive instantly.,1
Important notice from RBI: Your KYC is pending. Complete it now at https://reward-claim-now.com or your account will be frozen.,1
"Dear user, suspicious login detected from a new device. Verify your password immediately using https://reward-claim-now.com.",1
"Dear user, suspicious login detected from a new device. Verify your password immediately using https://rbi-verify-safe.in.",1
Your OTP for login is 223772. Do not share this with anyone.,0
Your card ending 5329 has been temporarily locked. Call 9812345678 and share OTP to unlock.,1
Happy Birthday! Wishing you a wonderful year ahead.,0
"Rs 499 debited from your account via UPI abc@upi. If not you, call customer care.",0
Your card ending 7872 has been temporarily locked. Call 9812345678 and share OTP to unlock.,1
Your cab is arriving in 5 minutes. Driver contact: 9000012345.,0
Congratulations! You have won a reward of Rs 399. Share your bank details to claim now.,1
Order #394377 has been shipped and will be delivered by tomorrow.,0
"Rs 5000 debited from your account via UPI bonus@ibl. If not you, call customer care.",0
Meeting confirmed at 11:00 PM today. Reply YES to confirm your presence.,0
Congratulations! You have won a reward of Rs 499. Share your bank details to claim now.,1
Your cab is arriving in 5 minutes. Driver contact: 9123456780.,0
Congratulations! You have won a reward of Rs 499. Share your bank details to claim now.,1
Your OTP for login is 353187. Do not share this with anyone.,0
Your account balance is Rs 399. Thank you for banking with us.,0
Limited offer: Invest Rs 499 today and get 3x returns in one month. Pay via UPI refund@oksbi.,1
Your account balance is Rs 399. Thank you for banking with us.,0
You have an income tax refund pending. Fill this form at https://secure-upi-check.in to get your refund.,1
Your bank account will be blocked today. Verify immediately using this link: https://reward-claim-now.com,1
"Rs 1500 debited from your account via UPI offer@ybl. If not you, call customer care.",0
"Dear customer, your UPI ID securepay@okicici has been suspended. Click http://login-security-check.com to reactivate.",1
Order #225581 has been shipped and will be delivered by tomorrow.,0
Meeting confirmed at 3:00 PM today. Reply YES to confirm your presence.,0
"Dear customer, your UPI ID abc@upi has been suspended. Click http://kyc-update-online.in to reactivate.",1
Your card ending 9362 has been temporarily locked. Call 9876543210 and share OTP to unlock.,1
Meeting confirmed at 7:15 PM today. Reply YES to confirm your presence.,0
Congratulations! You have won a reward of Rs 5000. Share your bank details to claim now.,1
Thank you for your payment of Rs 5000. Transaction ID: 252873.,0
Your OTP for login is 268253. Do not share this with anyone.,0
Important notice from RBI: Your KYC is pending. Complete it now at http://kyc-update-online.in or your account will be frozen.,1
Your card ending 4619 has been temporarily locked. Call 9090909090 and share OTP to unlock.,1
Congratulations! You have won a reward of Rs 999. Share your bank details to claim now.,1
"Dear customer, your UPI ID securepay@okicici has been suspended. Click https://reward-claim-now.com to reactivate.",1
Your cab is arriving in 5 minutes. Driver contact: 9000012345.,0
Meeting confirmed at 9:30 PM today. Reply YES to confirm your presence.,0
Congratulations! You have won a reward of Rs 399. Share your bank details to claim now.,1
Your electricity bill of Rs 199 is due on 28-02-2026. Please pay on time.,0
"Rs 7500 debited from your account via UPI investfast@axl. If not you, call customer care.",0
Happy Birthday! Wishing you a wonderful year ahead.,0
Your card ending 6782 has been temporarily locked. Call 9812345678 and share OTP to unlock.,1
Your account balance is Rs 5000. Thank you for banking with us.,0
Your OTP for login is 968761. Do not share this with anyone.,0
Your account balance is Rs 1500. Thank you for banking with us.,0
Your card ending 2833 has been temporarily locked. Call 9876543210 and share OTP to unlock.,1
Thank you for your payment of Rs 999. Transaction ID: 364558.,0
You have an income tax refund pending. Fill this form at https://secure-upi-check.in to get your refund.,1
Your card ending 3494 has been temporarily locked. Call 9090909090 and share OTP to unlock.,1
Happy Birthday! Wishing you a wonderful year ahead.,0
"Dear user, suspicious login detected from a new device. Verify your password immediately using https://secure-upi-check.in.",1
Urgent: Your SIM will be deactivated in 2 hours. Call 9123456780 and confirm your Aadhaar number.,1
Urgent: Your SIM will be deactivated in 2 hours. Call 9876543210 and confirm your Aadhaar number.,1
Your bank account will be blocked today. Verify immediately using this link: http://kyc-update-online.in,1
Urgent: Your SIM will be deactivated in 2 hours. Call 9876543210 and confirm your Aadhaar number.,1
Your account balance is Rs 10000. Thank you for banking with us.,0
Your cab is arriving in 5 minutes. Driver contact: 9876543210.,0
Thank you for your payment of Rs 7500. Transaction ID: 363720.,0
Congratulations! You have won a reward of Rs 2500. Share your bank details to claim now.,1
Urgent: Your SIM will be deactivated in 2 hours. Call 9876543210 and confirm your Aadhaar number.,1
Your OTP for login is 282211. Do not share this with anyone.,0
"Rs 5000 debited from your account via UPI abc@upi. If not you, call customer care.",0
Limited offer: Invest Rs 799 today and get 3x returns in one month. Pay via UPI bonus@ibl.,1
Happy Birthday! Wishing you a wonderful year ahead.,0
Your OTP for login is 251763. Do not share this with anyone.,0
Happy Birthday! Wishing you a wonderful year ahead.,0
"Dear customer, your UPI ID investfast@axl has been suspended. Click http://verify-bank-secure.com to reactivate.",1
Your electricity bill of Rs 2500 is due on 12-02-2026. Please pay on time.,0
Your account balance is Rs 499. Thank you for banking with us.,0
Happy Birthday! Wishing you a wonderful year ahead.,0
Urgent: Your SIM will be deactivated in 2 hours. Call 9000012345 and confirm your Aadhaar number.,1
Congratulations! You have won a reward of Rs 399. Share your bank details to claim now.,1
Your card ending 8101 has been temporarily locked. Call 9090909090 and share OTP to unlock.,1
Meeting confirmed at 7:15 PM today. Reply YES to confirm your presence.,0
Your OTP for login is 826489. Do not share this with anyone.,0
Your cab is arriving in 5 minutes. Driver contact: 9988776655.,0
Happy Birthday! Wishing you a wonderful year ahead.,0
Urgent: Your SIM will be deactivated in 2 hours. Call 9090909090 and confirm your Aadhaar number.,1
Thank you for your payment of Rs 5000. Transaction ID: 853062.,0
Your OTP for login is 750593. Do not share this with anyone.,0
Congratulations! You have won a reward of Rs 799. Share your bank details to claim now.,1
Order #569342 has been shipped and will be delivered by tomorrow.,0
"Dear customer, your UPI ID offer@ybl has been suspended. Click http://verify-bank-secure.com to reactivate.",1
Limited offer: Invest Rs 2500 today and get 3x returns in one month. Pay via UPI abc@upi.,1
Reminder: Your appointment is scheduled for 6-02-2026 at 5:15 PM.,0
Your bank account will be blocked today. Verify immediately using this link: https://secure-upi-check.in,1
Refund of Rs 499 is ready. Share your UPI PIN to receive instantly.,1
"Rs 10000 debited from your account via UPI investfast@axl. If not you, call customer care.",0
Important notice from RBI: Your KYC is pending. Complete it now at https://rbi-verify-safe.in or your account will be frozen.,1
Your bank account will be blocked today. Verify immediately using this link: https://rbi-verify-safe.in,1
Important notice from RBI: Your KYC is pending. Complete it now at https://reward-claim-now.com or your account will be frozen.,1
Your account balance is Rs 999. Thank you for banking with us.,0
Reminder: Your appointment is scheduled for 5-02-2026 at 8:30 PM.,0
Your cab is arriving in 5 minutes. Driver contact: 9000012345.,0
Your account balance is Rs 399. Thank you for banking with us.,0
Reminder: Your appointment is scheduled for 3-02-2026 at 2:15 PM.,0
"Rs 199 debited from your account via UPI bonus@ibl. If not you, call customer care.",0
Happy Birthday! Wishing you a wonderful year ahead.,0
Your electricity bill of Rs 7500 is due on 19-02-2026. Please pay on time.,0
Your electricity bill of Rs 1500 is due on 24-02-2026. Please pay on time.,0
"Rs 2500 debited from your account via UPI abc@upi. If not you, call customer care.",0
Refund of Rs 2500 is ready. Share your UPI PIN to receive instantly.,1
Your card ending 5468 has been temporarily locked. Call 9123456780 and share OTP to unlock.,1
"Dear user, suspicious login detected from a new device. Verify your password immediately using http://verify-bank-secure.com.",1
Your OTP for login is 297428. Do not share this with anyone.,0
Meeting confirmed at 1:00 PM today. Reply YES to confirm your presence.,0
Your account balance is Rs 399. Thank you for banking with us.,0
Urgent: Your SIM will be deactivated in 2 hours. Call 9090909090 and confirm your Aadhaar number.,1
Thank you for your payment of Rs 10000. Transaction ID: 902286.,0
Your cab is arriving in 5 minutes. Driver contact: 9876543210.,0
Reminder: Your appointment is scheduled for 11-02-2026 at 8:00 PM.,0
Limited offer: Invest Rs 399 today and get 3x returns in one month. Pay via UPI securepay@okicici.,1
Order #250589 has been shipped and will be delivered by tomorrow.,0
Your electricity bill of Rs 7500 is due on 6-02-2026. Please pay on time.,0
Reminder: Your appointment is scheduled for 14-02-2026 at 1:00 PM.,0
Limited offer: Invest Rs 999 today and get 3x returns in one month. Pay via UPI investfast@axl.,1
Limited offer: Invest Rs 499 today and get 3x returns in one month. Pay via UPI offer@ybl.,1
Reminder: Your appointment is scheduled for 16-02-2026 at 2:00 PM.,0
You have an income tax refund pending. Fill this form at http://kyc-update-online.in to get your refund.,1
Urgent: Your SIM will be deactivated in 2 hours. Call 9988776655 and confirm your Aadhaar number.,1
Meeting confirmed at 10:30 PM today. Reply YES to confirm your presence.,0
Your electricity bill of Rs 2500 is due on 11-02-2026. Please pay on time.,0
Happy Birthday! Wishing you a wonderful year ahead.,0
Thank you for your payment of Rs 10000. Transaction ID: 196428.,0
Your OTP for login is 352019. Do not share this with anyone.,0
Refund of Rs 10000 is ready. Share your UPI PIN to receive instantly.,1
Limited offer: Invest Rs 5000 today and get 3x returns in one month. Pay via UPI refund@oksbi.,1
"Rs 399 debited from your account via UPI bonus@ibl. If not you, call customer care.",0
"Rs 7500 debited from your account via UPI investfast@axl. If not you, call customer care.",0
You have an income tax refund pending. Fill this form at https://rbi-verify-safe.in to get your refund.,1
Your card ending 1603 has been temporarily locked. Call 9812345678 and share OTP to unlock.,1
Happy Birthday! Wishing you a wonderful year ahead.,0
Important notice from RBI: Your KYC is pending. Complete it now at http://verify-bank-secure.com or your account will be frozen.,1
Congratulations! You have won a reward of Rs 2500. Share your bank details to claim now.,1
Your card ending 8375 has been temporarily locked. Call 9812345678 and share OTP to unlock.,1
Urgent: Your SIM will be deactivated in 2 hours. Call 9000012345 and confirm your Aadhaar number.,1
"Rs 999 debited from your account via UPI abc@upi. If not you, call customer care.",0
Order #594588 has been shipped and will be delivered by tomorrow.,0
Your card ending 7414 has been temporarily locked. Call 9812345678 and share OTP to unlock.,1
Your electricity bill of Rs 799 is due on 13-02-2026. Please pay on time.,0
Order #951387 has been shipped and will be delivered by tomorrow.,0
Your electricity bill of Rs 10000 is due on 16-02-2026. Please pay on time.,0
Important notice from RBI: Your KYC is pending. Complete it now at https://rbi-verify-safe.in or your account will be frozen.,1
Your electricity bill of Rs 799 is due on 23-02-2026. Please pay on time.,0
Happy Birthday! Wishing you a wonderful year ahead.,0
Your card ending 3317 has been temporarily locked. Call 9812345678 and share OTP to unlock.,1
Limited offer: Invest Rs 7500 today and get 3x returns in one month. Pay via UPI refund@oksbi.,1
Refund of Rs 2500 is ready. Share your UPI PIN to receive instantly.,1
Limited offer: Invest Rs 399 today and get 3x returns in one month. Pay via UPI securepay@okicici.,1
Reminder: Your appointment is scheduled for 14-02-2026 at 5:00 PM.,0
Urgent: Your SIM will be deactivated in 2 hours. Call 9812345678 and confirm your Aadhaar number.,1
Reminder: Your appointment is scheduled for 22-02-2026 at 6:45 PM.,0
Your cab is arriving in 5 minutes. Driver contact: 9123456780.,0
Your cab is arriving in 5 minutes. Driver contact: 9876543210.,0
Urgent: Your SIM will be deactivated in 2 hours. Call 9123456780 and confirm your Aadhaar number.,1
Your bank account will be blocked today. Verify immediately using this link: http://verify-bank-secure.com,1
Important notice from RBI: Your KYC is pending. Complete it now at http://kyc-update-online.in or your account will be frozen.,1
Order #464206 has been shipped and will be delivered by tomorrow.,0
Refund of Rs 2500 is ready. Share your UPI PIN to receive instantly.,1
Your OTP for login is 511506. Do not share this with anyone.,0
Your card ending 9216 has been temporarily locked. Call 9876543210 and share OTP to unlock.,1
"Dear user, suspicious login detected from a new device. Verify your password immediately using https://rbi-verify-safe.in.",1
Meeting confirmed at 11:00 PM today. Reply YES to confirm your presence.,0
"Dear user, suspicious login detected from a new device. Verify your password immediately using http://kyc-update-online.in.",1
Reminder: Your appointment is scheduled for 3-02-2026 at 8:30 PM.,0
Limited offer: Invest Rs 999 today and get 3x returns in one month. Pay via UPI refund@oksbi.,1
Reminder: Your appointment is scheduled for 9-02-2026 at 1:00 PM.,0
Congratulations! You have won a reward of Rs 1500. Share your bank details to claim now.,1
"Dear customer, your UPI ID abc@upi has been suspended. Click https://secure-upi-check.in to reactivate.",1
Order #123324 has been shipped and will be delivered by tomorrow.,0
Your OTP for login is 187696. Do not share this with anyone.,0
Reminder: Your appointment is scheduled for 8-02-2026 at 4:45 PM.,0
Your card ending 7599 has been temporarily locked. Call 9123456780 and share OTP to unlock.,1
You have an income tax refund pending. Fill this form at http://kyc-update-online.in to get your refund.,1
Meeting confirmed at 7:00 PM today. Reply YES to confirm your presence.,0
"Dear customer, your UPI ID offer@ybl has been suspended. Click http://login-security-check.com to reactivate.",1
Congratulations! You have won a reward of Rs 799. Share your bank details to claim now.,1
Refund of Rs 199 is ready. Share your UPI PIN to receive instantly.,1
Your OTP for login is 384458. Do not share this with anyone.,0
Happy Birthday! Wishing you a wonderful year ahead.,0
Order #168280 has been shipped and will be delivered by tomorrow.,0
Important notice from RBI: Your KYC is pending. Complete it now at http://verify-bank-secure.com or your account will be frozen.,1
Your OTP for login is 126549. Do not share this with anyone.,0
Limited offer: Invest Rs 2500 today and get 3x returns in one month. Pay via UPI offer@ybl.,1
Your card ending 9010 has been temporarily locked. Call 9812345678 and share OTP to unlock.,1
"Dear customer, your UPI ID investfast@axl has been suspended. Click https://reward-claim-now.com to reactivate.",1
Limited offer: Invest Rs 499 today and get 3x returns in one month. Pay via UPI offer@ybl.,1
You have an income tax refund pending. Fill this form at http://login-security-check.com to get your refund.,1
Your bank account will be blocked today. Verify immediately using this link: https://reward-claim-now.com,1
Your cab is arriving in 5 minutes. Driver contact: 9123456780.,0
"Dear customer, your UPI ID securepay@okicici has been suspended. Click https://secure-upi-check.in to reactivate.",1
Your bank account will be blocked today. Verify immediately using this link: http://login-security-check.com,1
Thank you for your payment of Rs 999. Transaction ID: 769989.,0
"Dear customer, your UPI ID investfast@axl has been suspended. Click https://secure-upi-check.in to reactivate.",1
Your card ending 4417 has been temporarily locked. Call 9090909090 and share OTP to unlock.,1
Reminder: Your appointment is scheduled for 21-02-2026 at 5:15 PM.,0
Your card ending 4539 has been temporarily locked. Call 9123456780 and share OTP to unlock.,1
Refund of Rs 399 is ready. Share your UPI PIN to receive instantly.,1
Congratulations! You have won a reward of Rs 2500. Share your bank details to claim now.,1
Refund of Rs 1500 is ready. Share your UPI PIN to receive instantly.,1
"Dear customer, your UPI ID securepay@okicici has been suspended. Click https://rbi-verify-safe.in to reactivate.",1
Reminder: Your appointment is scheduled for 20-02-2026 at 12:30 PM.,0
Your card ending 8544 has been temporarily locked. Call 9090909090 and share OTP to unlock.,1
Refund of Rs 7500 is ready. Share your UPI PIN to receive instantly.,1
Your electricity bill of Rs 7500 is due on 12-02-2026. Please pay on time.,0
Your bank account will be blocked today. Verify immediately using this link: https://rbi-verify-safe.in,1
Your bank account will be blocked today. Verify immediately using this link: http://verify-bank-secure.com,1
"Rs 7500 debited from your account via UPI abc@upi. If not you, call customer care.",0
Your bank account will be blocked today. Verify immediately using this link: https://rbi-verify-safe.in,1
Meeting confirmed at 10:30 PM today. Reply YES to confirm your presence.,0
"Dear customer, your UPI ID abc@upi has been suspended. Click http://login-security-check.com to reactivate.",1
Your electricity bill of Rs 799 is due on 21-02-2026. Please pay on time.,0
Happy Birthday! Wishing you a wonderful year ahead.,0
Your electricity bill of Rs 10000 is due on 23-02-2026. Please pay on time.,0
Order #867533 has been shipped and will be delivered by tomorrow.,0
Happy Birthday! Wishing you a wonderful year ahead.,0
Your bank account will be blocked today. Verify immediately using this link: http://verify-bank-secure.com,1
Your electricity bill of Rs 5000 is due on 27-02-2026. Please pay on time.,0
Your bank account will be blocked today. Verify immediately using this link: http://verify-bank-secure.com,1
"Rs 1500 debited from your account via UPI abc@upi. If not you, call customer care.",0
Congratulations! You have won a reward of Rs 199. Share your bank details to claim now.,1
Limited offer: Invest Rs 10000 today and get 3x returns in one month. Pay via UPI abc@upi.,1
Limited offer: Invest Rs 2500 today and get 3x returns in one month. Pay via UPI offer@ybl.,1
Your card ending 4905 has been temporarily locked. Call 9812345678 and share OTP to unlock.,1
Order #995832 has been shipped and will be delivered by tomorrow.,0
"Dear user, suspicious login detected from a new device. Verify your password immediately using http://kyc-update-online.in.",1
Limited offer: Invest Rs 2500 today and get 3x returns in one month. Pay via UPI offer@ybl.,1
Congratulations! You have won a reward of Rs 199. Share your bank details to claim now.,1
Important notice from RBI: Your KYC is pending. Complete it now at http://verify-bank-secure.com or your account will be frozen.,1
Urgent: Your SIM will be deactivated in 2 hours. Call 9000012345 and confirm your Aadhaar number.,1
"Rs 799 debited from your account via UPI abc@upi. If not you, call customer care.",0
Reminder: Your appointment is scheduled for 7-02-2026 at 9:30 PM.,0
Refund of Rs 2500 is ready. Share your UPI PIN to receive instantly.,1
Your cab is arriving in 5 minutes. Driver contact: 9876543210.,0
Thank you for your payment of Rs 799. Transaction ID: 562998.,0
Your card ending 7659 has been temporarily locked. Call 9812345678 and share OTP to unlock.,1
"Dear user, suspicious login detected from a new device. Verify your password immediately using https://rbi-verify-safe.in.",1
Your account balance is Rs 2500. Thank you for banking with us.,0
"Dear customer, your UPI ID abc@upi has been suspended. Click http://kyc-update-online.in to reactivate.",1
Your account balance is Rs 7500. Thank you for banking with us.,0
Your account balance is Rs 2500. Thank you for banking with us.,0
Your cab is arriving in 5 minutes. Driver contact: 9812345678.,0
Your cab is arriving in 5 minutes. Driver contact: 9812345678.,0
Urgent: Your SIM will be deactivated in 2 hours. Call 9812345678 and confirm your Aadhaar number.,1
You have an income tax refund pending. Fill this form at https://reward-claim-now.com to get your refund.,1
Your electricity bill of Rs 999 is due on 24-02-2026. Please pay on time.,0
Your bank account will be blocked today. Verify immediately using this link: https://rbi-verify-safe.in,1
Refund of Rs 2500 is ready. Share your UPI PIN to receive instantly.,1
You have an income tax refund pending. Fill this form at http://kyc-update-online.in to get your refund.,1
"Dear user, suspicious login detected from a new device. Verify your password immediately using http://kyc-update-online.in.",1
Your electricity bill of Rs 199 is due on 1-02-2026. Please pay on time.,0
Limited offer: Invest Rs 7500 today and get 3x returns in one month. Pay via UPI refund@oksbi.,1
Congratulations! You have won a reward of Rs 199. Share your bank details to claim now.,1
Refund of Rs 7500 is ready. Share your UPI PIN to receive instantly.,1
Your OTP for login is 737546. Do not share this with anyone.,0
Important notice from RBI: Your KYC is pending. Complete it now at http://verify-bank-secure.com or your account will be frozen.,1
Important notice from RBI: Your KYC is pending. Complete it now at http://kyc-update-online.in or your account will be frozen.,1
You have an income tax refund pending. Fill this form at http://login-security-check.com to get your refund.,1
Reminder: Your appointment is scheduled for 4-02-2026 at 1:45 PM.,0
Reminder: Your appointment is scheduled for 19-02-2026 at 12:45 PM.,0
Your account balance is Rs 999. Thank you for banking with us.,0
Your bank account will be blocked today. Verify immediately using this link: http://verify-bank-secure.com,1
Refund of Rs 2500 is ready. Share your UPI PIN to receive instantly.,1
Your cab is arriving in 5 minutes. Driver contact: 9876543210.,0
Your account balance is Rs 499. Thank you for banking with us.,0
Happy Birthday! Wishing you a wonderful year ahead.,0
Your account balance is Rs 999. Thank you for banking with us.,0
Refund of Rs 2500 is ready. Share your UPI PIN to receive instantly.,1
"Rs 999 debited from your account via UPI investfast@axl. If not you, call customer care.",0
Limited offer: Invest Rs 199 today and get 3x returns in one month. Pay via UPI securepay@okicici.,1
Your OTP for login is 753794. Do not share this with anyone.,0
Limited offer: Invest Rs 499 today and get 3x returns in one month. Pay via UPI securepay@okicici.,1
Your OTP for login is 807099. Do not share this with anyone.,0
Your electricity bill of Rs 499 is due on 27-02-2026. Please pay on time.,0
Limited offer: Invest Rs 1500 today and get 3x returns in one month. Pay via UPI abc@upi.,1
Your account balance is Rs 7500. Thank you for banking with us.,0
Meeting confirmed at 10:15 PM today. Reply YES to confirm your presence.,0
Thank you for your payment of Rs 499. Transaction ID: 924542.,0
Your account balance is Rs 399. Thank you for banking with us.,0
Thank you for your payment of Rs 7500. Transaction ID: 873213.,0
Refund of Rs 399 is ready. Share your UPI PIN to receive instantly.,1
Your bank account will be blocked today. Verify immediately using this link: https://reward-claim-now.com,1
Meeting confirmed at 4:15 PM today. Reply YES to confirm your presence.,0
Happy Birthday! Wishing you a wonderful year ahead.,0
"Dear user, suspicious login detected from a new device. Verify your password immediately using https://rbi-verify-safe.in.",1
Limited offer: Invest Rs 799 today and get 3x returns in one month. Pay via UPI refund@oksbi.,1
Meeting confirmed at 1:00 PM today. Reply YES to confirm your presence.,0
"Dear user, suspicious login detected from a new device. Verify your password immediately using https://rbi-verify-safe.in.",1
"Dear customer, your UPI ID bonus@ibl has been suspended. Click https://reward-claim-now.com to reactivate.",1
You have an income tax refund pending. Fill this form at http://verify-bank-secure.com to get your refund.,1
Your OTP for login is 750416. Do not share this with anyone.,0
Your bank account will be blocked today. Verify immediately using this link: http://login-security-check.com,1
You have an income tax refund pending. Fill this form at https://rbi-verify-safe.in to get your refund.,1
Order #500088 has been shipped and will be delivered by tomorrow.,0
Limited offer: Invest Rs 1500 today and get 3x returns in one month. Pay via UPI bonus@ibl.,1
Congratulations! You have won a reward of Rs 999. Share your bank details to claim now.,1
"Dear user, suspicious login detected from a new device. Verify your password immediately using http://kyc-update-online.in.",1
Meeting confirmed at 7:00 PM today. Reply YES to confirm your presence.,0
Congratulations! You have won a reward of Rs 499. Share your bank details to claim now.,1
Thank you for your payment of Rs 5000. Transaction ID: 774484.,0
Reminder: Your appointment is scheduled for 11-02-2026 at 12:15 PM.,0
Reminder: Your appointment is scheduled for 1-02-2026 at 8:00 PM.,0
Meeting confirmed at 6:00 PM today. Reply YES to confirm your presence.,0
Your OTP for login is 106592. Do not share this with anyone.,0
Order #754559 has been shipped and will be delivered by tomorrow.,0
Congratulations! You have won a reward of Rs 2500. Share your bank details to claim now.,1
Reminder: Your appointment is scheduled for 23-02-2026 at 3:15 PM.,0
Important notice from RBI: Your KYC is pending. Complete it now at https://secure-upi-check.in or your account will be frozen.,1
Your bank account will be blocked today. Verify immediately using this link: http://verify-bank-secure.com,1
You have an income tax refund pending. Fill this form at http://login-security-check.com to get your refund.,1
Congratulations! You have won a reward of Rs 1500. Share your bank details to claim now.,1
"Dear customer, your UPI ID bonus@ibl has been suspended. Click http://kyc-update-online.in to reactivate.",1
Important notice from RBI: Your KYC is pending. Complete it now at https://rbi-verify-safe.in or your account will be frozen.,1
You have an income tax refund pending. Fill this form at http://login-security-check.com to get your refund.,1
Your card ending 1635 has been temporarily locked. Call 9988776655 and share OTP to unlock.,1
Your bank account will be blocked today. Verify immediately using this link: http://login-security-check.com,1
Refund of Rs 799 is ready. Share your UPI PIN to receive instantly.,1
Urgent: Your SIM will be deactivated in 2 hours. Call 9090909090 and confirm your Aadhaar number.,1
Urgent: Your SIM will be deactivated in 2 hours. Call 9988776655 and confirm your Aadhaar number.,1
Your account balance is Rs 7500. Thank you for banking with us.,0
Your electricity bill of Rs 5000 is due on 24-02-2026. Please pay on time.,0
You have an income tax refund pending. Fill this form at http://login-security-check.com to get your refund.,1
Urgent: Your SIM will be deactivated in 2 hours. Call 9123456780 and confirm your Aadhaar number.,1
Your bank account will be blocked today. Verify immediately using this link: http://verify-bank-secure.com,1
Order #475274 has been shipped and will be delivered by tomorrow.,0
"Dear customer, your UPI ID securepay@okicici has been suspended. Click http://kyc-update-online.in to reactivate.",1
Reminder: Your appointment is scheduled for 6-02-2026 at 4:30 PM.,0
Limited offer: Invest Rs 999 today and get 3x returns in one month. Pay via UPI securepay@okicici.,1
Limited offer: Invest Rs 5000 today and get 3x returns in one month. Pay via UPI abc@upi.,1
"Dear customer, your UPI ID abc@upi has been suspended. Click http://verify-bank-secure.com to reactivate.",1
Your OTP for login is 226637. Do not share this with anyone.,0
Limited offer: Invest Rs 5000 today and get 3x returns in one month. Pay via UPI securepay@okicici.,1
Limited offer: Invest Rs 10000 today and get 3x returns in one month. Pay via UPI offer@ybl.,1
Your electricity bill of Rs 2500 is due on 1-02-2026. Please pay on time.,0
Congratulations! You have won a reward of Rs 7500. Share your bank details to claim now.,1
Limited offer: Invest Rs 5000 today and get 3x returns in one month. Pay via UPI abc@upi.,1
You have an income tax refund pending. Fill this form at https://secure-upi-check.in to get your refund.,1
Reminder: Your appointment is scheduled for 25-02-2026 at 1:15 PM.,0
Reminder: Your appointment is scheduled for 4-02-2026 at 5:15 PM.,0
Congratulations! You have won a reward of Rs 10000. Share your bank details to claim now.,1
Your card ending 7270 has been temporarily locked. Call 9000012345 and share OTP to unlock.,1
Your OTP for login is 820010. Do not share this with anyone.,0
Happy Birthday! Wishing you a wonderful year ahead.,0
Urgent: Your SIM will be deactivated in 2 hours. Call 9988776655 and confirm your Aadhaar number.,1
You have an income tax refund pending. Fill this form at http://login-security-check.com to get your refund.,1
Your account balance is Rs 199. Thank you for banking with us.,0
"Dear customer, your UPI ID abc@upi has been suspended. Click https://rbi-verify-safe.in to reactivate.",1
Order #512392 has been shipped and will be delivered by tomorrow.,0
Limited offer: Invest Rs 999 today and get 3x returns in one month. Pay via UPI bonus@ibl.,1
"Dear user, suspicious login detected from a new device. Verify your password immediately using https://reward-claim-now.com.",1
Meeting confirmed at 12:15 PM today. Reply YES to confirm your presence.,0
"Rs 10000 debited from your account via UPI offer@ybl. If not you, call customer care.",0
Your bank account will be blocked today. Verify immediately using this link: http://verify-bank-secure.com,1
Your bank account will be blocked today. Verify immediately using this link: https://secure-upi-check.in,1
"Dear user, suspicious login detected from a new device. Verify your password immediately using http://kyc-update-online.in.",1
Order #986107 has been shipped and will be delivered by tomorrow.,0
Your card ending 4888 has been temporarily locked. Call 9988776655 and share OTP to unlock.,1
Congratulations! You have won a reward of Rs 999. Share your bank details to claim now.,1
You have an income tax refund pending. Fill this form at http://login-security-check.com to get your refund.,1
Order #619556 has been shipped and will be delivered by tomorrow.,0
Reminder: Your appointment is scheduled for 3-02-2026 at 10:00 PM.,0
Congratulations! You have won a reward of Rs 7500. Share your bank details to claim now.,1
Happy Birthday! Wishing you a wonderful year ahead.,0
Meeting confirmed at 10:00 PM today. Reply YES to confirm your presence.,0
Reminder: Your appointment is scheduled for 18-02-2026 at 5:15 PM.,0
Your account balance is Rs 999. Thank you for banking with us.,0
Your electricity bill of Rs 5000 is due on 1-02-2026. Please pay on time.,0
Important notice from RBI: Your KYC is pending. Complete it now at http://verify-bank-secure.com or your account will be frozen.,1
Your electricity bill of Rs 799 is due on 7-02-2026. Please pay on time.,0
Important notice from RBI: Your KYC is pending. Complete it now at http://login-security-check.com or your account will be frozen.,1
Happy Birthday! Wishing you a wonderful year ahead.,0
Your bank account will be blocked today. Verify immediately using this link: https://rbi-verify-safe.in,1
Reminder: Your appointment is scheduled for 18-02-2026 at 9:30 PM.,0
Your account balance is Rs 7500. Thank you for banking with us.,0
"Dear user, suspicious login detected from a new device. Verify your password immediately using https://secure-upi-check.in.",1
Order #950858 has been shipped and will be delivered by tomorrow.,0
Your bank account will be blocked today. Verify immediately using this link: http://kyc-update-online.in,1
Your card ending 4186 has been temporarily locked. Call 9000012345 and share OTP to unlock.,1
Your OTP for login is 361194. Do not share this with anyone.,0
Your account balance is Rs 1500. Thank you for banking with us.,0
Your cab is arriving in 5 minutes. Driver contact: 9000012345.,0
Important notice from RBI: Your KYC is pending. Complete it now at http://kyc-update-online.in or your account will be frozen.,1
Your card ending 9168 has been temporarily locked. Call 9988776655 and share OTP to unlock.,1
Order #104005 has been shipped and will be delivered by tomorrow.,0
"Rs 999 debited from your account via UPI securepay@okicici. If not you, call customer care.",0
Urgent: Your SIM will be deactivated in 2 hours. Call 9090909090 and confirm your Aadhaar number.,1
"Dear user, suspicious login detected from a new device. Verify your password immediately using http://verify-bank-secure.com.",1
Order #787057 has been shipped and will be delivered by tomorrow.,0
Thank you for your payment of Rs 1500. Transaction ID: 899406.,0
Your cab is arriving in 5 minutes. Driver contact: 9876543210.,0
Your card ending 8881 has been temporarily locked. Call 9988776655 and share OTP to unlock.,1
Your cab is arriving in 5 minutes. Driver contact: 9123456780.,0
Congratulations! You have won a reward of Rs 7500. Share your bank details to claim now.,1
Meeting confirmed at 7:30 PM today. Reply YES to confirm your presence.,0
"Rs 7500 debited from your account via UPI refund@oksbi. If not you, call customer care.",0
Urgent: Your SIM will be deactivated in 2 hours. Call 9988776655 and confirm your Aadhaar number.,1
Refund of Rs 799 is ready. Share your UPI PIN to receive instantly.,1
Your OTP for login is 707695. Do not share this with anyone.,0
Important notice from RBI: Your KYC is pending. Complete it now at https://secure-upi-check.in or your account will be frozen.,1
"Dear user, suspicious login detected from a new device. Verify your password immediately using https://secure-upi-check.in.",1
Order #769859 has been shipped and will be delivered by tomorrow.,0
Meeting confirmed at 9:15 PM today. Reply YES to confirm your presence.,0
You have an income tax refund pending. Fill this form at https://reward-claim-now.com to get your refund.,1
Refund of Rs 999 is ready. Share your UPI PIN to receive instantly.,1
Your account balance is Rs 7500. Thank you for banking with us.,0
Happy Birthday! Wishing you a wonderful year ahead.,0
"Dear customer, your UPI ID abc@upi has been suspended. Click http://verify-bank-secure.com to reactivate.",1
Your OTP for login is 808823. Do not share this with anyone.,0
Thank you for your payment of Rs 199. Transaction ID: 544745.,0
Thank you for your payment of Rs 2500. Transaction ID: 212771.,0
Urgent: Your SIM will be deactivated in 2 hours. Call 9988776655 and confirm your Aadhaar number.,1
Order #880880 has been shipped and will be delivered by tomorrow.,0
Order #903276 has been shipped and will be delivered by tomorrow.,0
Your OTP for login is 614949. Do not share this with anyone.,0
Urgent: Your SIM will be deactivated in 2 hours. Call 9123456780 and confirm your Aadhaar number.,1
Happy Birthday! Wishing you a wonderful year ahead.,0
Order #779559 has been shipped and will be delivered by tomorrow.,0
Your cab is arriving in 5 minutes. Driver contact: 9000012345.,0
Your cab is arriving in 5 minutes. Driver contact: 9812345678.,0
Important notice from RBI: Your KYC is pending. Complete it now at http://verify-bank-secure.com or your account will be frozen.,1
Limited offer: Invest Rs 399 today and get 3x returns in one month. Pay via UPI securepay@okicici.,1
"Rs 799 debited from your account via UPI abc@upi. If not you, call customer care.",0
Your bank account will be blocked today. Verify immediately using this link: https://secure-upi-check.in,1
You have an income tax refund pending. Fill this form at https://secure-upi-check.in to get your refund.,1
Thank you for your payment of Rs 2500. Transaction ID: 695144.,0
"Dear user, suspicious login detected from a new device. Verify your password immediately using http://login-security-check.com.",1
Your cab is arriving in 5 minutes. Driver contact: 9812345678.,0
Your bank account will be blocked today. Verify immediately using this link: http://verify-bank-secure.com,1
Urgent: Your SIM will be deactivated in 2 hours. Call 9090909090 and confirm your Aadhaar number.,1
Your cab is arriving in 5 minutes. Driver contact: 9123456780.,0
Happy Birthday! Wishing you a wonderful year ahead.,0
Your bank account will be blocked today. Verify immediately using this link: http://kyc-update-online.in,1
Your bank account will be blocked today. Verify immediately using this link: http://verify-bank-secure.com,1
Congratulations! You have won a reward of Rs 1500. Share your bank details to claim now.,1
Your OTP for login is 373592. Do not share this with anyone.,0
Order #739013 has been shipped and will be delivered by tomorrow.,0
Your card ending 8880 has been temporarily locked. Call 9812345678 and share OTP to unlock.,1
Order #736973 has been shipped and will be delivered by tomorrow.,0
Meeting confirmed at 6:00 PM today. Reply YES to confirm your presence.,0
Your bank account will be blocked today. Verify immediately using this link: https://reward-claim-now.com,1
Thank you for your payment of Rs 199. Transaction ID: 316055.,0
Your cab is arriving in 5 minutes. Driver contact: 9000012345.,0
Your electricity bill of Rs 799 is due on 20-02-2026. Please pay on time.,0
Happy Birthday! Wishing you a wonderful year ahead.,0
"Rs 10000 debited from your account via UPI abc@upi. If not you, call customer care.",0
Thank you for your payment of Rs 10000. Transaction ID: 608673.,0
Your card ending 7636 has been temporarily locked. Call 9812345678 and share OTP to unlock.,1
Your bank account will be blocked today. Verify immediately using this link: https://reward-claim-now.com,1
You have an income tax refund pending. Fill this form at http://kyc-update-online.in to get your refund.,1
"Dear user, suspicious login detected from a new device. Verify your password immediately using http://verify-bank-secure.com.",1
Happy Birthday! Wishing you a wonderful year ahead.,0
Your electricity bill of Rs 999 is due on 22-02-2026. Please pay on time.,0
Important notice from RBI: Your KYC is pending. Complete it now at http://login-security-check.com or your account will be frozen.,1
Order #673867 has been shipped and will be delivered by tomorrow.,0
Your bank account will be blocked today. Verify immediately using this link: https://reward-claim-now.com,1
"Dear user, suspicious login detected from a new device. Verify your password immediately using http://login-security-check.com.",1
Important notice from RBI: Your KYC is pending. Complete it now at http://verify-bank-secure.com or your account will be frozen.,1
Reminder: Your appointment is scheduled for 6-02-2026 at 10:45 PM.,0
Refund of Rs 10000 is ready. Share your UPI PIN to receive instantly.,1
Your electricity bill of Rs 199 is due on 1-02-2026. Please pay on time.,0
Order #699233 has been shipped and will be delivered by tomorrow.,0
Your OTP for login is 308715. Do not share this with anyone.,0
"Dear user, suspicious login detected from a new device. Verify your password immediately using https://rbi-verify-safe.in.",1
Your card ending 7702 has been temporarily locked. Call 9876543210 and share OTP to unlock.,1
"Dear user, suspicious login detected from a new device. Verify your password immediately using https://secure-upi-check.in.",1
Refund of Rs 199 is ready. Share your UPI PIN to receive instantly.,1
Order #324317 has been shipped and will be delivered by tomorrow.,0
Congratulations! You have won a reward of Rs 999. Share your bank details to claim now.,1
Happy Birthday! Wishing you a wonderful year ahead.,0
Urgent: Your SIM will be deactivated in 2 hours. Call 9988776655 and confirm your Aadhaar number.,1
Your cab is arriving in 5 minutes. Driver contact: 9090909090.,0
Important notice from RBI: Your KYC is pending. Complete it now at http://kyc-update-online.in or your account will be frozen.,1
Congratulations! You have won a reward of Rs 199. Share your bank details to claim now.,1
"Rs 999 debited from your account via UPI abc@upi. If not you, call customer care.",0
Refund of Rs 5000 is ready. Share your UPI PIN to receive instantly.,1
Your account balance is Rs 399. Thank you for banking with us.,0
"Rs 199 debited from your account via UPI investfast@axl. If not you, call customer care.",0
Refund of Rs 5000 is ready. Share your UPI PIN to receive instantly.,1
Order #848105 has been shipped and will be delivered by tomorrow.,0
"Rs 799 debited from your account via UPI securepay@okicici. If not you, call customer care.",0
Order #463725 has been shipped and will be delivered by tomorrow.,0
Your electricity bill of Rs 2500 is due on 9-02-2026. Please pay on time.,0
Meeting confirmed at 1:30 PM today. Reply YES to confirm your presence.,0
Your electricity bill of Rs 7500 is due on 23-02-2026. Please pay on time.,0
Limited offer: Invest Rs 5000 today and get 3x returns in one month. Pay via UPI abc@upi.,1
Happy Birthday! Wishing you a wonderful year ahead.,0
Congratulations! You have won a reward of Rs 2500. Share your bank details to claim now.,1
Congratulations! You have won a reward of Rs 799. Share your bank details to claim now.,1
Refund of Rs 2500 is ready. Share your UPI PIN to receive instantly.,1
Your cab is arriving in 5 minutes. Driver contact: 9090909090.,0
"Dear user, suspicious login detected from a new device. Verify your password immediately using http://verify-bank-secure.com.",1
Refund of Rs 7500 is ready. Share your UPI PIN to receive instantly.,1
Thank you for your payment of Rs 7500. Transaction ID: 933923.,0
Order #270691 has been shipped and will be delivered by tomorrow.,0
Thank you for your payment of Rs 499. Transaction ID: 247580.,0
You have an income tax refund pending. Fill this form at http://login-security-check.com to get your refund.,1
You have an income tax refund pending. Fill this form at http://verify-bank-secure.com to get your refund.,1
Order #867983 has been shipped and will be delivered by tomorrow.,0
Your card ending 9957 has been temporarily locked. Call 9876543210 and share OTP to unlock.,1
Limited offer: Invest Rs 799 today and get 3x returns in one month. Pay via UPI offer@ybl.,1
Your OTP for login is 985488. Do not share this with anyone.,0
Limited offer: Invest Rs 7500 today and get 3x returns in one month. Pay via UPI investfast@axl.,1
Important notice from RBI: Your KYC is pending. Complete it now at http://login-security-check.com or your account will be frozen.,1
"Dear customer, your UPI ID offer@ybl has been suspended. Click https://reward-claim-now.com to reactivate.",1
Your electricity bill of Rs 5000 is due on 4-02-2026. Please pay on time.,0
Congratulations! You have won a reward of Rs 999. Share your bank details to claim now.,1
Refund of Rs 5000 is ready. Share your UPI PIN to receive instantly.,1
Order #336221 has been shipped and will be delivered by tomorrow.,0
Order #957051 has been shipped and will be delivered by tomorrow.,0
Urgent: Your SIM will be deactivated in 2 hours. Call 9876543210 and confirm your Aadhaar number.,1
"Dear customer, your UPI ID investfast@axl has been suspended. Click https://secure-upi-check.in to reactivate.",1
Your card ending 6550 has been temporarily locked. Call 9988776655 and share OTP to unlock.,1
"Dear user, suspicious login detected from a new device. Verify your password immediately using http://kyc-update-online.in.",1
"Dear user, suspicious login detected from a new device. Verify your password immediately using http://kyc-update-online.in.",1
Limited offer: Invest Rs 7500 today and get 3x returns in one month. Pay via UPI investfast@axl.,1
Your cab is arriving in 5 minutes. Driver contact: 9000012345.,0
Thank you for your payment of Rs 199. Transaction ID: 595180.,0
"Dear user, suspicious login detected from a new device. Verify your password immediately using http://login-security-check.com.",1
Urgent: Your SIM will be deactivated in 2 hours. Call 9988776655 and confirm your Aadhaar number.,1
Your OTP for login is 143527. Do not share this with anyone.,0
Order #340362 has been shipped and will be delivered by tomorrow.,0
Your OTP for login is 368422. Do not share this with anyone.,0
Thank you for your payment of Rs 199. Transaction ID: 870576.,0
Limited offer: Invest Rs 1500 today and get 3x returns in one month. Pay via UPI investfast@axl.,1
You have an income tax refund pending. Fill this form at https://reward-claim-now.com to get your refund.,1
Your cab is arriving in 5 minutes. Driver contact: 9876543210.,0
Order #293490 has been shipped and will be delivered by tomorrow.,0
Happy Birthday! Wishing you a wonderful year ahead.,0
Congratulations! You have won a reward of Rs 799. Share your bank details to claim now.,1
You have an income tax refund pending. Fill this form at https://reward-claim-now.com to get your refund.,1
Your electricity bill of Rs 2500 is due on 18-02-2026. Please pay on time.,0
"Dear user, suspicious login detected from a new device. Verify your password immediately using https://reward-claim-now.com.",1
Your account balance is Rs 1500. Thank you for banking with us.,0
Reminder: Your appointment is scheduled for 15-02-2026 at 3:15 PM.,0
Your electricity bill of Rs 2500 is due on 22-02-2026. Please pay on time.,0
Order #382953 has been shipped and will be delivered by tomorrow.,0
Your OTP for login is 212462. Do not share this with anyone.,0
Urgent: Your SIM will be deactivated in 2 hours. Call 9000012345 and confirm your Aadhaar number.,1
Thank you for your payment of Rs 999. Transaction ID: 460802.,0
Your electricity bill of Rs 10000 is due on 13-02-2026. Please pay on time.,0
You have an income tax refund pending. Fill this form at http://login-security-check.com to get your refund.,1
Limited offer: Invest Rs 5000 today and get 3x returns in one month. Pay via UPI refund@oksbi.,1
Important notice from RBI: Your KYC is pending. Complete it now at https://reward-claim-now.com or your account will be frozen.,1
Your OTP for login is 495685. Do not share this with anyone.,0
Your electricity bill of Rs 1500 is due on 14-02-2026. Please pay on time.,0
"Rs 1500 debited from your account via UPI offer@ybl. If not you, call customer care.",0
You have an income tax refund pending. Fill this form at http://kyc-update-online.in to get your refund.,1
Thank you for your payment of Rs 499. Transaction ID: 530957.,0
"Dear user, suspicious login detected from a new device. Verify your password immediately using http://verify-bank-secure.com.",1
Urgent: Your SIM will be deactivated in 2 hours. Call 9090909090 and confirm your Aadhaar number.,1
Happy Birthday! Wishing you a wonderful year ahead.,0
Thank you for your payment of Rs 1500. Transaction ID: 765812.,0
"Dear customer, your UPI ID bonus@ibl has been suspended. Click https://secure-upi-check.in to reactivate.",1
Happy Birthday! Wishing you a wonderful year ahead.,0
"Rs 2500 debited from your account via UPI investfast@axl. If not you, call customer care.",0
Reminder: Your appointment is scheduled for 20-02-2026 at 4:30 PM.,0
Your card ending 1746 has been temporarily locked. Call 9000012345 and share OTP to unlock.,1
Urgent: Your SIM will be deactivated in 2 hours. Call 9988776655 and confirm your Aadhaar number.,1
"Dear customer, your UPI ID refund@oksbi has been suspended. Click https://rbi-verify-safe.in to reactivate.",1
Your card ending 2666 has been temporarily locked. Call 9812345678 and share OTP to unlock.,1
Important notice from RBI: Your KYC is pending. Complete it now at https://reward-claim-now.com or your account will be frozen.,1
"Dear customer, your UPI ID securepay@okicici has been suspended. Click https://rbi-verify-safe.in to reactivate.",1
"Dear customer, your UPI ID securepay@okicici has been suspended. Click https://rbi-verify-safe.in to reactivate.",1
Your electricity bill of Rs 2500 is due on 22-02-2026. Please pay on time.,0
Your OTP for login is 531365. Do not share this with anyone.,0
Meeting confirmed at 8:30 PM today. Reply YES to confirm your presence.,0
Congratulations! You have won a reward of Rs 799. Share your bank details to claim now.,1
Important notice from RBI: Your KYC is pending. Complete it now at http://login-security-check.com or your account will be frozen.,1
Your bank account will be blocked today. Verify immediately using this link: https://reward-claim-now.com,1
Reminder: Your appointment is scheduled for 28-02-2026 at 2:30 PM.,0
"Dear customer, your UPI ID securepay@okicici has been suspended. Click http://verify-bank-secure.com to reactivate.",1
Reminder: Your appointment is scheduled for 18-02-2026 at 5:45 PM.,0
Reminder: Your appointment is scheduled for 9-02-2026 at 8:45 PM.,0
You have an income tax refund pending. Fill this form at https://reward-claim-now.com to get your refund.,1
Refund of Rs 499 is ready. Share your UPI PIN to receive instantly.,1
Congratulations! You have won a reward of Rs 1500. Share your bank details to claim now.,1
Your bank account will be blocked today. Verify immediately using this link: https://reward-claim-now.com,1
Your bank account will be blocked today. Verify immediately using this link: http://kyc-update-online.in,1
Reminder: Your appointment is scheduled for 18-02-2026 at 2:30 PM.,0
Refund of Rs 7500 is ready. Share your UPI PIN to receive instantly.,1
Urgent: Your SIM will be deactivated in 2 hours. Call 9090909090 and confirm your Aadhaar number.,1
Your OTP for login is 820385. Do not share this with anyone.,0
Thank you for your payment of Rs 10000. Transaction ID: 533871.,0
Order #872348 has been shipped and will be delivered by tomorrow.,0
Congratulations! You have won a reward of Rs 499. Share your bank details to claim now.,1
Thank you for your payment of Rs 5000. Transaction ID: 882861.,0
"Rs 199 debited from your account via UPI securepay@okicici. If not you, call customer care.",0
Refund of Rs 799 is ready. Share your UPI PIN to receive instantly.,1
You have an income tax refund pending. Fill this form at https://reward-claim-now.com to get your refund.,1
"Dear customer, your UPI ID refund@oksbi has been suspended. Click http://login-security-check.com to reactivate.",1
Your OTP for login is 160450. Do not share this with anyone.,0
"Rs 499 debited from your account via UPI offer@ybl. If not you, call customer care.",0
Your OTP for login is 384780. Do not share this with anyone.,0
Congratulations! You have won a reward of Rs 1500. Share your bank details to claim now.,1
Your card ending 6544 has been temporarily locked. Call 9000012345 and share OTP to unlock.,1
Your cab is arriving in 5 minutes. Driver contact: 9090909090.,0
"Dear customer, your UPI ID refund@oksbi has been suspended. Click https://rbi-verify-safe.in to reactivate.",1
Important notice from RBI: Your KYC is pending. Complete it now at https://reward-claim-now.com or your account will be frozen.,1
Your electricity bill of Rs 199 is due on 17-02-2026. Please pay on time.,0
Meeting confirmed at 6:00 PM today. Reply YES to confirm your presence.,0
Congratulations! You have won a reward of Rs 5000. Share your bank details to claim now.,1
Urgent: Your SIM will be deactivated in 2 hours. Call 9876543210 and confirm your Aadhaar number.,1
Order #342116 has been shipped and will be delivered by tomorrow.,0
Your card ending 4801 has been temporarily locked. Call 9123456780 and share OTP to unlock.,1
Refund of Rs 199 is ready. Share your UPI PIN to receive instantly.,1
Urgent: Your SIM will be deactivated in 2 hours. Call 9123456780 and confirm your Aadhaar number.,1
"Dear user, suspicious login detected from a new device. Verify your password immediately using http://login-security-check.com.",1
Happy Birthday! Wishing you a wonderful year ahead.,0
Thank you for your payment of Rs 399. Transaction ID: 536552.,0
"Dear customer, your UPI ID securepay@okicici has been suspended. Click http://verify-bank-secure.com to reactivate.",1
Meeting confirmed at 4:00 PM today. Reply YES to confirm your presence.,0
"Dear customer, your UPI ID abc@upi has been suspended. Click http://verify-bank-secure.com to reactivate.",1
Refund of Rs 2500 is ready. Share your UPI PIN to receive instantly.,1
Limited offer: Invest Rs 499 today and get 3x returns in one month. Pay via UPI offer@ybl.,1
Your OTP for login is 468353. Do not share this with anyone.,0
Limited offer: Invest Rs 199 today and get 3x returns in one month. Pay via UPI refund@oksbi.,1
Congratulations! You have won a reward of Rs 199. Share your bank details to claim now.,1
Your electricity bill of Rs 199 is due on 7-02-2026. Please pay on time.,0
"Dear user, suspicious login detected from a new device. Verify your password immediately using https://reward-claim-now.com.",1
"Rs 10000 debited from your account via UPI refund@oksbi. If not you, call customer care.",0
Refund of Rs 5000 is ready. Share your UPI PIN to receive instantly.,1
Meeting confirmed at 12:15 PM today. Reply YES to confirm your presence.,0
Meeting confirmed at 6:15 PM today. Reply YES to confirm your presence.,0
Your account balance is Rs 1500. Thank you for banking with us.,0
Thank you for your payment of Rs 10000. Transaction ID: 657062.,0
Meeting confirmed at 4:15 PM today. Reply YES to confirm your presence.,0
Thank you for your payment of Rs 5000. Transaction ID: 681746.,0
Thank you for your payment of Rs 499. Transaction ID: 841729.,0
Your bank account will be blocked today. Verify immediately using this link: https://reward-claim-now.com,1
Your card ending 4720 has been temporarily locked. Call 9988776655 and share OTP to unlock.,1
Urgent: Your SIM will be deactivated in 2 hours. Call 9988776655 and confirm your Aadhaar number.,1
Thank you for your payment of Rs 399. Transaction ID: 760400.,0
Limited offer: Invest Rs 2500 today and get 3x returns in one month. Pay via UPI securepay@okicici.,1
"Dear user, suspicious login detected from a new device. Verify your password immediately using http://login-security-check.com.",1
Happy Birthday! Wishing you a wonderful year ahead.,0
Thank you for your payment of Rs 5000. Transaction ID: 710178.,0
Limited offer: Invest Rs 7500 today and get 3x returns in one month. Pay via UPI refund@oksbi.,1
Meeting confirmed at 7:15 PM today. Reply YES to confirm your presence.,0
Happy Birthday! Wishing you a wonderful year ahead.,0
Your OTP for login is 245612. Do not share this with anyone.,0
Important notice from RBI: Your KYC is pending. Complete it now at https://reward-claim-now.com or your account will be frozen.,1
Congratulations! You have won a reward of Rs 799. Share your bank details to claim now.,1
Your OTP for login is 872488. Do not share this with anyone.,0
Your OTP for login is 714334. Do not share this with anyone.,0
Refund of Rs 399 is ready. Share your UPI PIN to receive instantly.,1
Meeting confirmed at 6:45 PM today. Reply YES to confirm your presence.,0
Your bank account will be blocked today. Verify immediately using this link: http://login-security-check.com,1
Your cab is arriving in 5 minutes. Driver contact: 9812345678.,0
Refund of Rs 10000 is ready. Share your UPI PIN to receive instantly.,1
Refund of Rs 499 is ready. Share your UPI PIN to receive instantly.,1
Congratulations! You have won a reward of Rs 1500. Share your bank details to claim now.,1
Your bank account will be blocked today. Verify immediately using this link: http://kyc-update-online.in,1
Refund of Rs 999 is ready. Share your UPI PIN to receive instantly.,1
Refund of Rs 1500 is ready. Share your UPI PIN to receive instantly.,1
You have an income tax refund pending. Fill this form at http://login-security-check.com to get your refund.,1
Important notice from RBI: Your KYC is pending. Complete it now at https://rbi-verify-safe.in or your account will be frozen.,1
Your cab is arriving in 5 minutes. Driver contact: 9876543210.,0
"Dear customer, your UPI ID bonus@ibl has been suspended. Click https://rbi-verify-safe.in to reactivate.",1
Reminder: Your appointment is scheduled for 16-02-2026 at 2:30 PM.,0
Refund of Rs 799 is ready. Share your UPI PIN to receive instantly.,1
Your electricity bill of Rs 1500 is due on 28-02-2026. Please pay on time.,0
Important notice from RBI: Your KYC is pending. Complete it now at https://reward-claim-now.com or your account will be frozen.,1
"Dear user, suspicious login detected from a new device. Verify your password immediately using https://rbi-verify-safe.in.",1
Congratulations! You have won a reward of Rs 7500. Share your bank details to claim now.,1
Happy Birthday! Wishing you a wonderful year ahead.,0
Order #601946 has been shipped and will be delivered by tomorrow.,0
Your card ending 3094 has been temporarily locked. Call 9876543210 and share OTP to unlock.,1
Limited offer: Invest Rs 10000 today and get 3x returns in one month. Pay via UPI bonus@ibl.,1
Your OTP for login is 475781. Do not share this with anyone.,0
Your cab is arriving in 5 minutes. Driver contact: 9876543210.,0
"Rs 7500 debited from your account via UPI abc@upi. If not you, call customer care.",0
Your OTP for login is 734898. Do not share this with anyone.,0
Happy Birthday! Wishing you a wonderful year ahead.,0
Limited offer: Invest Rs 10000 today and get 3x returns in one month. Pay via UPI securepay@okicici.,1
Refund of Rs 2500 is ready. Share your UPI PIN to receive instantly.,1
Order #413755 has been shipped and will be delivered by tomorrow.,0
Refund of Rs 999 is ready. Share your UPI PIN to receive instantly.,1
Your bank account will be blocked today. Verify immediately using this link: https://secure-upi-check.in,1
Urgent: Your SIM will be deactivated in 2 hours. Call 9090909090 and confirm your Aadhaar number.,1
Refund of Rs 999 is ready. Share your UPI PIN to receive instantly.,1
Important notice from RBI: Your KYC is pending. Complete it now at https://rbi-verify-safe.in or your account will be frozen.,1
Your electricity bill of Rs 2500 is due on 3-02-2026. Please pay on time.,0
Your cab is arriving in 5 minutes. Driver contact: 9988776655.,0
Your card ending 5671 has been temporarily locked. Call 9090909090 and share OTP to unlock.,1
Meeting confirmed at 8:15 PM today. Reply YES to confirm your presence.,0
"Dear user, suspicious login detected from a new device. Verify your password immediately using http://verify-bank-secure.com.",1
Your card ending 8930 has been temporarily locked. Call 9988776655 and share OTP to unlock.,1
Your account balance is Rs 199. Thank you for banking with us.,0
Your account balance is Rs 199. Thank you for banking with us.,0
"Dear customer, your UPI ID abc@upi has been suspended. Click http://login-security-check.com to reactivate.",1
Your OTP for login is 416996. Do not share this with anyone.,0
Your electricity bill of Rs 199 is due on 12-02-2026. Please pay on time.,0
Thank you for your payment of Rs 399. Transaction ID: 804546.,0
Meeting confirmed at 12:30 PM today. Reply YES to confirm your presence.,0
Happy Birthday! Wishing you a wonderful year ahead.,0
Reminder: Your appointment is scheduled for 22-02-2026 at 4:45 PM.,0
Your bank account will be blocked today. Verify immediately using this link: https://rbi-verify-safe.in,1
"Rs 399 debited from your account via UPI securepay@okicici. If not you, call customer care.",0
"Rs 499 debited from your account via UPI investfast@axl. If not you, call customer care.",0
Your bank account will be blocked today. Verify immediately using this link: http://login-security-check.com,1
Congratulations! You have won a reward of Rs 10000. Share your bank details to claim now.,1
Thank you for your payment of Rs 799. Transaction ID: 500700.,0
Meeting confirmed at 11:00 PM today. Reply YES to confirm your presence.,0
Reminder: Your appointment is scheduled for 22-02-2026 at 10:15 PM.,0
Congratulations! You have won a reward of Rs 999. Share your bank details to claim now.,1
Important notice from RBI: Your KYC is pending. Complete it now at http://verify-bank-secure.com or your account will be frozen.,1
Your electricity bill of Rs 1500 is due on 27-02-2026. Please pay on time.,0
Your account balance is Rs 5000. Thank you for banking with us.,0
Your bank account will be blocked today. Verify immediately using this link: https://secure-upi-check.in,1
Limited offer: Invest Rs 10000 today and get 3x returns in one month. Pay via UPI securepay@okicici.,1
Meeting confirmed at 7:45 PM today. Reply YES to confirm your presence.,0
"Dear user, suspicious login detected from a new device. Verify your password immediately using http://verify-bank-secure.com.",1
Limited offer: Invest Rs 499 today and get 3x returns in one month. Pay via UPI offer@ybl.,1
Meeting confirmed at 3:15 PM today. Reply YES to confirm your presence.,0
Your cab is arriving in 5 minutes. Driver contact: 9812345678.,0
Your card ending 4557 has been temporarily locked. Call 9000012345 and share OTP to unlock.,1
You have an income tax refund pending. Fill this form at https://secure-upi-check.in to get your refund.,1
Happy Birthday! Wishing you a wonderful year ahead.,0
Limited offer: Invest Rs 5000 today and get 3x returns in one month. Pay via UPI investfast@axl.,1
Reminder: Your appointment is scheduled for 7-02-2026 at 6:45 PM.,0
Your card ending 4907 has been temporarily locked. Call 9000012345 and share OTP to unlock.,1
Order #561985 has been shipped and will be delivered by tomorrow.,0
Important notice from RBI: Your KYC is pending. Complete it now at https://reward-claim-now.com or your account will be frozen.,1
Your account balance is Rs 2500. Thank you for banking with us.,0
You have an income tax refund pending. Fill this form at http://login-security-check.com to get your refund.,1
Reminder: Your appointment is scheduled for 22-02-2026 at 5:15 PM.,0
Your account balance is Rs 499. Thank you for banking with us.,0
Limited offer: Invest Rs 999 today and get 3x returns in one month. Pay via UPI securepay@okicici.,1
Your OTP for login is 275050. Do not share this with anyone.,0
Refund of Rs 799 is ready. Share your UPI PIN to receive instantly.,1
Your electricity bill of Rs 10000 is due on 20-02-2026. Please pay on time.,0
Congratulations! You have won a reward of Rs 799. Share your bank details to claim now.,1
Congratulations! You have won a reward of Rs 2500. Share your bank details to claim now.,1
"Dear user, suspicious login detected from a new device. Verify your password immediately using http://kyc-update-online.in.",1
"Rs 999 debited from your account via UPI offer@ybl. If not you, call customer care.",0
Happy Birthday! Wishing you a wonderful year ahead.,0
Your electricity bill of Rs 2500 is due on 20-02-2026. Please pay on time.,0
Order #672357 has been shipped and will be delivered by tomorrow.,0
Thank you for your payment of Rs 799. Transaction ID: 422898.,0
"Dear user, suspicious login detected from a new device. Verify your password immediately using https://secure-upi-check.in.",1
Urgent: Your SIM will be deactivated in 2 hours. Call 9876543210 and confirm your Aadhaar number.,1
Refund of Rs 999 is ready. Share your UPI PIN to receive instantly.,1
"Dear customer, your UPI ID abc@upi has been suspended. Click https://reward-claim-now.com to reactivate.",1
Your electricity bill of Rs 499 is due on 3-02-2026. Please pay on time.,0
"Rs 10000 debited from your account via UPI securepay@okicici. If not you, call customer care.",0
Your account balance is Rs 499. Thank you for banking with us.,0
Happy Birthday! Wishing you a wonderful year ahead.,0
Refund of Rs 799 is ready. Share your UPI PIN to receive instantly.,1
Your bank account will be blocked today. Verify immediately using this link: http://login-security-check.com,1
You have an income tax refund pending. Fill this form at https://rbi-verify-safe.in to get your refund.,1
Your cab is arriving in 5 minutes. Driver contact: 9090909090.,0
"Dear user, suspicious login detected from a new device. Verify your password immediately using https://reward-claim-now.com.",1
Your card ending 9631 has been temporarily locked. Call 9123456780 and share OTP to unlock.,1
"Rs 10000 debited from your account via UPI bonus@ibl. If not you, call customer care.",0
Thank you for your payment of Rs 399. Transaction ID: 257806.,0
You have an income tax refund pending. Fill this form at http://kyc-update-online.in to get your refund.,1
"Dear user, suspicious login detected from a new device. Verify your password immediately using https://secure-upi-check.in.",1
Your card ending 9326 has been temporarily locked. Call 9988776655 and share OTP to unlock.,1
Your bank account will be blocked today. Verify immediately using this link: http://login-security-check.com,1
Order #274277 has been shipped and will be delivered by tomorrow.,0
Reminder: Your appointment is scheduled for 16-02-2026 at 7:15 PM.,0
Refund of Rs 2500 is ready. Share your UPI PIN to receive instantly.,1
Order #644399 has been shipped and will be delivered by tomorrow.,0
Your OTP for login is 329085. Do not share this with anyone.,0
Your bank account will be blocked today. Verify immediately using this link: http://login-security-check.com,1
Limited offer: Invest Rs 5000 today and get 3x returns in one month. Pay via UPI investfast@axl.,1
Urgent: Your SIM will be deactivated in 2 hours. Call 9876543210 and confirm your Aadhaar number.,1
Your bank account will be blocked today. Verify immediately using this link: http://login-security-check.com,1
Your card ending 9374 has been temporarily locked. Call 9123456780 and share OTP to unlock.,1
Congratulations! You have won a reward of Rs 5000. Share your bank details to claim now.,1
"Rs 5000 debited from your account via UPI abc@upi. If not you, call customer care.",0
Meeting confirmed at 7:15 PM today. Reply YES to confirm your presence.,0
Your account balance is Rs 7500. Thank you for banking with us.,0
Limited offer: Invest Rs 7500 today and get 3x returns in one month. Pay via UPI securepay@okicici.,1
Refund of Rs 5000 is ready. Share your UPI PIN to receive instantly.,1
Thank you for your payment of Rs 399. Transaction ID: 818680.,0
Limited offer: Invest Rs 10000 today and get 3x returns in one month. Pay via UPI abc@upi.,1
"Dear customer, your UPI ID offer@ybl has been suspended. Click http://verify-bank-secure.com to reactivate.",1
Your electricity bill of Rs 399 is due on 17-02-2026. Please pay on time.,0
Happy Birthday! Wishing you a wonderful year ahead.,0
Your bank account will be blocked today. Verify immediately using this link: http://login-security-check.com,1
Congratulations! You have won a reward of Rs 5000. Share your bank details to claim now.,1
Important notice from RBI: Your KYC is pending. Complete it now at https://secure-upi-check.in or your account will be frozen.,1
Congratulations! You have won a reward of Rs 1500. Share your bank details to claim now.,1
Thank you for your payment of Rs 799. Transaction ID: 970890.,0
Your bank account will be blocked today. Verify immediately using this link: http://login-security-check.com,1
Your cab is arriving in 5 minutes. Driver contact: 9988776655.,0
Your bank account will be blocked today. Verify immediately using this link: https://reward-claim-now.com,1
Reminder: Your appointment is scheduled for 22-02-2026 at 7:45 PM.,0
Your cab is arriving in 5 minutes. Driver contact: 9988776655.,0
Meeting confirmed at 2:45 PM today. Reply YES to confirm your presence.,0
Happy Birthday! Wishing you a wonderful year ahead.,0
Your account balance is Rs 999. Thank you for banking with us.,0
Important notice from RBI: Your KYC is pending. Complete it now at https://reward-claim-now.com or your account will be frozen.,1
Your card ending 4557 has been temporarily locked. Call 9000012345 and share OTP to unlock.,1
Thank you for your payment of Rs 199. Transaction ID: 259770.,0
Your card ending 7428 has been temporarily locked. Call 9812345678 and share OTP to unlock.,1
Congratulations! You have won a reward of Rs 999. Share your bank details to claim now.,1
Refund of Rs 2500 is ready. Share your UPI PIN to receive instantly.,1
"Dear user, suspicious login detected from a new device. Verify your password immediately using https://rbi-verify-safe.in.",1
Order #384675 has been shipped and will be delivered by tomorrow.,0
Meeting confirmed at 9:15 PM today. Reply YES to confirm your presence.,0
Your account balance is Rs 1500. Thank you for banking with us.,0
"Dear user, suspicious login detected from a new device. Verify your password immediately using http://verify-bank-secure.com.",1
Thank you for your payment of Rs 1500. Transaction ID: 763929.,0
Your electricity bill of Rs 199 is due on 13-02-2026. Please pay on time.,0
Your account balance is Rs 799. Thank you for banking with us.,0
Congratulations! You have won a reward of Rs 2500. Share your bank details to claim now.,1
Your OTP for login is 867606. Do not share this with anyone.,0
Congratulations! You have won a reward of Rs 399. Share your bank details to claim now.,1
Meeting confirmed at 10:15 PM today. Reply YES to confirm your presence.,0
Important notice from RBI: Your KYC is pending. Complete it now at http://verify-bank-secure.com or your account will be frozen.,1
Important notice from RBI: Your KYC is pending. Complete it now at http://kyc-update-online.in or your account will be frozen.,1
Your bank account will be blocked today. Verify immediately using this link: https://rbi-verify-safe.in,1
Refund of Rs 199 is ready. Share your UPI PIN to receive instantly.,1
Happy Birthday! Wishing you a wonderful year ahead.,0
Meeting confirmed at 7:00 PM today. Reply YES to confirm your presence.,0
Your OTP for login is 567912. Do not share this with anyone.,0
Reminder: Your appointment is scheduled for 10-02-2026 at 2:45 PM.,0
Your electricity bill of Rs 999 is due on 19-02-2026. Please pay on time.,0
"Rs 499 debited from your account via UPI abc@upi. If not you, call customer care.",0
Important notice from RBI: Your KYC is pending. Complete it now at https://rbi-verify-safe.in or your account will be frozen.,1
"Rs 7500 debited from your account via UPI bonus@ibl. If not you, call customer care.",0
Meeting confirmed at 9:00 PM today. Reply YES to confirm your presence.,0
Important notice from RBI: Your KYC is pending. Complete it now at https://reward-claim-now.com or your account will be frozen.,1
Your electricity bill of Rs 399 is due on 9-02-2026. Please pay on time.,0
Your cab is arriving in 5 minutes. Driver contact: 9812345678.,0
Order #527954 has been shipped and will be delivered by tomorrow.,0
Thank you for your payment of Rs 399. Transaction ID: 888249.,0
Your bank account will be blocked today. Verify immediately using this link: https://secure-upi-check.in,1
Your electricity bill of Rs 799 is due on 2-02-2026. Please pay on time.,0
"Rs 10000 debited from your account via UPI investfast@axl. If not you, call customer care.",0
"Dear customer, your UPI ID securepay@okicici has been suspended. Click https://reward-claim-now.com to reactivate.",1
Your card ending 5071 has been temporarily locked. Call 9876543210 and share OTP to unlock.,1
Your account balance is Rs 399. Thank you for banking with us.,0
"Rs 2500 debited from your account via UPI bonus@ibl. If not you, call customer care.",0
Thank you for your payment of Rs 1500. Transaction ID: 461322.,0
Important notice from RBI: Your KYC is pending. Complete it now at http://login-security-check.com or your account will be frozen.,1
Urgent: Your SIM will be deactivated in 2 hours. Call 9876543210 and confirm your Aadhaar number.,1
Your bank account will be blocked today. Verify immediately using this link: http://verify-bank-secure.com,1
Your OTP for login is 445373. Do not share this with anyone.,0
You have an income tax refund pending. Fill this form at http://kyc-update-online.in to get your refund.,1
Your card ending 9667 has been temporarily locked. Call 9090909090 and share OTP to unlock.,1
Important notice from RBI: Your KYC is pending. Complete it now at http://kyc-update-online.in or your account will be frozen.,1
Your account balance is Rs 399. Thank you for banking with us.,0
Your electricity bill of Rs 399 is due on 10-02-2026. Please pay on time.,0
Your cab is arriving in 5 minutes. Driver contact: 9090909090.,0
Limited offer: Invest Rs 199 today and get 3x returns in one month. Pay via UPI bonus@ibl.,1
Reminder: Your appointment is scheduled for 11-02-2026 at 7:45 PM.,0
Reminder: Your appointment is scheduled for 18-02-2026 at 9:00 PM.,0
Order #478704 has been shipped and will be delivered by tomorrow.,0
Meeting confirmed at 5:45 PM today. Reply YES to confirm your presence.,0
Your cab is arriving in 5 minutes. Driver contact: 9988776655.,0
Refund of Rs 1500 is ready. Share your UPI PIN to receive instantly.,1
Limited offer: Invest Rs 199 today and get 3x returns in one month. Pay via UPI bonus@ibl.,1
Your bank account will be blocked today. Verify immediately using this link: http://login-security-check.com,1
Your account balance is Rs 10000. Thank you for banking with us.,0
Happy Birthday! Wishing you a wonderful year ahead.,0
Order #800278 has been shipped and will be delivered by tomorrow.,0
Happy Birthday! Wishing you a wonderful year ahead.,0
Your account balance is Rs 7500. Thank you for banking with us.,0
Meeting confirmed at 2:45 PM today. Reply YES to confirm your presence.,0
Your electricity bill of Rs 499 is due on 8-02-2026. Please pay on time.,0
Your bank account will be blocked today. Verify immediately using this link: http://kyc-update-online.in,1
Refund of Rs 999 is ready. Share your UPI PIN to receive instantly.,1
Urgent: Your SIM will be deactivated in 2 hours. Call 9812345678 and confirm your Aadhaar number.,1
Reminder: Your appointment is scheduled for 25-02-2026 at 3:45 PM.,0
Meeting confirmed at 5:30 PM today. Reply YES to confirm your presence.,0
Important notice from RBI: Your KYC is pending. Complete it now at https://rbi-verify-safe.in or your account will be frozen.,1
Important notice from RBI: Your KYC is pending. Complete it now at https://secure-upi-check.in or your account will be frozen.,1
Limited offer: Invest Rs 999 today and get 3x returns in one month. Pay via UPI investfast@axl.,1
"Dear user, suspicious login detected from a new device. Verify your password immediately using http://verify-bank-secure.com.",1
Your cab is arriving in 5 minutes. Driver contact: 9090909090.,0
Important notice from RBI: Your KYC is pending. Complete it now at https://reward-claim-now.com or your account will be frozen.,1
Meeting confirmed at 4:30 PM today. Reply YES to confirm your presence.,0
Your electricity bill of Rs 1500 is due on 17-02-2026. Please pay on time.,0
Your cab is arriving in 5 minutes. Driver contact: 9812345678.,0
Your electricity bill of Rs 10000 is due on 20-02-2026. Please pay on time.,0
Order #395949 has been shipped and will be delivered by tomorrow.,0
You have an income tax refund pending. Fill this form at https://reward-claim-now.com to get your refund.,1
Congratulations! You have won a reward of Rs 5000. Share your bank details to claim now.,1
Meeting confirmed at 11:00 PM today. Reply YES to confirm your presence.,0
Order #458921 has been shipped and will be delivered by tomorrow.,0
Refund of Rs 999 is ready. Share your UPI PIN to receive instantly.,1
Refund of Rs 2500 is ready. Share your UPI PIN to receive instantly.,1
Your card ending 1642 has been temporarily locked. Call 9000012345 and share OTP to unlock.,1
Happy Birthday! Wishing you a wonderful year ahead.,0
Thank you for your payment of Rs 799. Transaction ID: 645633.,0
"Dear customer, your UPI ID investfast@axl has been suspended. Click http://kyc-update-online.in to reactivate.",1
"Dear customer, your UPI ID offer@ybl has been suspended. Click https://reward-claim-now.com to reactivate.",1
Happy Birthday! Wishing you a wonderful year ahead.,0
Refund of Rs 199 is ready. Share your UPI PIN to receive instantly.,1
Your bank account will be blocked today. Verify immediately using this link: https://rbi-verify-safe.in,1
You have an income tax refund pending. Fill this form at http://login-security-check.com to get your refund.,1
Your card ending 7574 has been temporarily locked. Call 9876543210 and share OTP to unlock.,1
Order #997630 has been shipped and will be delivered by tomorrow.,0
Limited offer: Invest Rs 999 today and get 3x returns in one month. Pay via UPI abc@upi.,1
"Dear user, suspicious login detected from a new device. Verify your password immediately using http://login-security-check.com.",1
Urgent: Your SIM will be deactivated in 2 hours. Call 9876543210 and confirm your Aadhaar number.,1
Your cab is arriving in 5 minutes. Driver contact: 9812345678.,0
Your cab is arriving in 5 minutes. Driver contact: 9876543210.,0
Urgent: Your SIM will be deactivated in 2 hours. Call 9812345678 and confirm your Aadhaar number.,1
Thank you for your payment of Rs 999. Transaction ID: 743013.,0
Your bank account will be blocked today. Verify immediately using this link: https://rbi-verify-safe.in,1
Refund of Rs 7500 is ready. Share your UPI PIN to receive instantly.,1
Limited offer: Invest Rs 499 today and get 3x returns in one month. Pay via UPI securepay@okicici.,1
Your cab is arriving in 5 minutes. Driver contact: 9876543210.,0
Your OTP for login is 997085. Do not share this with anyone.,0
Order #624776 has been shipped and will be delivered by tomorrow.,0
Refund of Rs 2500 is ready. Share your UPI PIN to receive instantly.,1
Important notice from RBI: Your KYC is pending. Complete it now at https://secure-upi-check.in or your account will be frozen.,1
Refund of Rs 199 is ready. Share your UPI PIN to receive instantly.,1
Refund of Rs 10000 is ready. Share your UPI PIN to receive instantly.,1
You have an income tax refund pending. Fill this form at https://rbi-verify-safe.in to get your refund.,1
"Dear customer, your UPI ID refund@oksbi has been suspended. Click https://reward-claim-now.com to reactivate.",1
Limited offer: Invest Rs 399 today and get 3x returns in one month. Pay via UPI abc@upi.,1
"Dear user, suspicious login detected from a new device. Verify your password immediately using https://secure-upi-check.in.",1
Urgent: Your SIM will be deactivated in 2 hours. Call 9090909090 and confirm your Aadhaar number.,1
Happy Birthday! Wishing you a wonderful year ahead.,0
Your account balance is Rs 1500. Thank you for banking with us.,0
Thank you for your payment of Rs 499. Transaction ID: 603826.,0
Thank you for your payment of Rs 5000. Transaction ID: 611054.,0
Congratulations! You have won a reward of Rs 199. Share your bank details to claim now.,1
Urgent: Your SIM will be deactivated in 2 hours. Call 9090909090 and confirm your Aadhaar number.,1
Your OTP for login is 731415. Do not share this with anyone.,0
Urgent: Your SIM will be deactivated in 2 hours. Call 9090909090 and confirm your Aadhaar number.,1
Your card ending 2278 has been temporarily locked. Call 9000012345 and share OTP to unlock.,1
Refund of Rs 999 is ready. Share your UPI PIN to receive instantly.,1
Congratulations! You have won a reward of Rs 2500. Share your bank details to claim now.,1
You have an income tax refund pending. Fill this form at https://rbi-verify-safe.in to get your refund.,1
You have an income tax refund pending. Fill this form at http://verify-bank-secure.com to get your refund.,1
Thank you for your payment of Rs 799. Transaction ID: 231379.,0
Your cab is arriving in 5 minutes. Driver contact: 9090909090.,0
"Rs 199 debited from your account via UPI abc@upi. If not you, call customer care.",0
Reminder: Your appointment is scheduled for 16-02-2026 at 8:30 PM.,0
Your card ending 2589 has been temporarily locked. Call 9090909090 and share OTP to unlock.,1
Your bank account will be blocked today. Verify immediately using this link: https://reward-claim-now.com,1
"Dear user, suspicious login detected from a new device. Verify your password immediately using http://kyc-update-online.in.",1
Congratulations! You have won a reward of Rs 199. Share your bank details to claim now.,1
Happy Birthday! Wishing you a wonderful year ahead.,0
You have an income tax refund pending. Fill this form at https://reward-claim-now.com to get your refund.,1
Refund of Rs 799 is ready. Share your UPI PIN to receive instantly.,1
Happy Birthday! Wishing you a wonderful year ahead.,0
Urgent: Your SIM will be deactivated in 2 hours. Call 9000012345 and confirm your Aadhaar number.,1
Refund of Rs 1500 is ready. Share your UPI PIN to receive instantly.,1
Reminder: Your appointment is scheduled for 26-02-2026 at 10:30 PM.,0
"Dear customer, your UPI ID offer@ybl has been suspended. Click http://verify-bank-secure.com to reactivate.",1
Limited offer: Invest Rs 10000 today and get 3x returns in one month. Pay via UPI abc@upi.,1
Order #871654 has been shipped and will be delivered by tomorrow.,0
Limited offer: Invest Rs 499 today and get 3x returns in one month. Pay via UPI bonus@ibl.,1
Your account balance is Rs 10000. Thank you for banking with us.,0
Important notice from RBI: Your KYC is pending. Complete it now at https://reward-claim-now.com or your account will be frozen.,1
Your card ending 5490 has been temporarily locked. Call 9988776655 and share OTP to unlock.,1
Thank you for your payment of Rs 1500. Transaction ID: 112818.,0
Congratulations! You have won a reward of Rs 999. Share your bank details to claim now.,1
Your OTP for login is 255000. Do not share this with anyone.,0
Your account balance is Rs 5000. Thank you for banking with us.,0
Congratulations! You have won a reward of Rs 499. Share your bank details to claim now.,1
You have an income tax refund pending. Fill this form at http://kyc-update-online.in to get your refund.,1
Thank you for your payment of Rs 5000. Transaction ID: 964815.,0
Your bank account will be blocked today. Verify immediately using this link: https://secure-upi-check.in,1
Congratulations! You have won a reward of Rs 5000. Share your bank details to claim now.,1
You have an income tax refund pending. Fill this form at https://reward-claim-now.com to get your refund.,1
Your bank account will be blocked today. Verify immediately using this link: https://reward-claim-now.com,1
Meeting confirmed at 11:15 PM today. Reply YES to confirm your presence.,0
Order #403706 has been shipped and will be delivered by tomorrow.,0
You have an income tax refund pending. Fill this form at http://kyc-update-online.in to get your refund.,1
Your electricity bill of Rs 999 is due on 8-02-2026. Please pay on time.,0
Your account balance is Rs 999. Thank you for banking with us.,0
Important notice from RBI: Your KYC is pending. Complete it now at http://kyc-update-online.in or your account will be frozen.,1
Your bank account will be blocked today. Verify immediately using this link: https://secure-upi-check.in,1
Your bank account will be blocked today. Verify immediately using this link: https://secure-upi-check.in,1
Your account balance is Rs 10000. Thank you for banking with us.,0
Congratulations! You have won a reward of Rs 499. Share your bank details to claim now.,1
Thank you for your payment of Rs 199. Transaction ID: 878788.,0
Important notice from RBI: Your KYC is pending. Complete it now at http://login-security-check.com or your account will be frozen.,1
Congratulations! You have won a reward of Rs 199. Share your bank details to claim now.,1
"Dear customer, your UPI ID bonus@ibl has been suspended. Click http://verify-bank-secure.com to reactivate.",1
Order #730260 has been shipped and will be delivered by tomorrow.,0
Your cab is arriving in 5 minutes. Driver contact: 9000012345.,0
Limited offer: Invest Rs 7500 today and get 3x returns in one month. Pay via UPI investfast@axl.,1
Happy Birthday! Wishing you a wonderful year ahead.,0
You have an income tax refund pending. Fill this form at https://rbi-verify-safe.in to get your refund.,1
Limited offer: Invest Rs 2500 today and get 3x returns in one month. Pay via UPI abc@upi.,1
Meeting confirmed at 2:15 PM today. Reply YES to confirm your presence.,0
"Rs 499 debited from your account via UPI refund@oksbi. If not you, call customer care.",0
Limited offer: Invest Rs 1500 today and get 3x returns in one month. Pay via UPI abc@upi.,1
Reminder: Your appointment is scheduled for 24-02-2026 at 1:15 PM.,0
Your card ending 8153 has been temporarily locked. Call 9090909090 and share OTP to unlock.,1
"Rs 399 debited from your account via UPI investfast@axl. If not you, call customer care.",0
Order #178080 has been shipped and will be delivered by tomorrow.,0
"Dear user, suspicious login detected from a new device. Verify your password immediately using https://reward-claim-now.com.",1
Refund of Rs 199 is ready. Share your UPI PIN to receive instantly.,1
Your account balance is Rs 999. Thank you for banking with us.,0
"Dear customer, your UPI ID bonus@ibl has been suspended. Click https://secure-upi-check.in to reactivate.",1
"Dear user, suspicious login detected from a new device. Verify your password immediately using https://secure-upi-check.in.",1
Thank you for your payment of Rs 199. Transaction ID: 496910.,0
Your OTP for login is 764576. Do not share this with anyone.,0
Your electricity bill of Rs 399 is due on 9-02-2026. Please pay on time.,0
Thank you for your payment of Rs 5000. Transaction ID: 413603.,0
Important notice from RBI: Your KYC is pending. Complete it now at http://kyc-update-online.in or your account will be frozen.,1
"Dear customer, your UPI ID refund@oksbi has been suspended. Click http://login-security-check.com to reactivate.",1
Reminder: Your appointment is scheduled for 9-02-2026 at 3:30 PM.,0
"Dear customer, your UPI ID offer@ybl has been suspended. Click http://kyc-update-online.in to reactivate.",1
Meeting confirmed at 6:15 PM today. Reply YES to confirm your presence.,0
"Rs 1500 debited from your account via UPI abc@upi. If not you, call customer care.",0
Reminder: Your appointment is scheduled for 23-02-2026 at 3:00 PM.,0
Meeting confirmed at 11:30 PM today. Reply YES to confirm your presence.,0
Reminder: Your appointment is scheduled for 16-02-2026 at 3:15 PM.,0
"Dear customer, your UPI ID abc@upi has been suspended. Click http://verify-bank-secure.com to reactivate.",1
Your cab is arriving in 5 minutes. Driver contact: 9812345678.,0
Urgent: Your SIM will be deactivated in 2 hours. Call 9812345678 and confirm your Aadhaar number.,1
Limited offer: Invest Rs 799 today and get 3x returns in one month. Pay via UPI bonus@ibl.,1
Your card ending 3191 has been temporarily locked. Call 9000012345 and share OTP to unlock.,1
Thank you for your payment of Rs 499. Transaction ID: 699920.,0
"Dear customer, your UPI ID refund@oksbi has been suspended. Click http://verify-bank-secure.com to reactivate.",1
Meeting confirmed at 11:45 PM today. Reply YES to confirm your presence.,0
Important notice from RBI: Your KYC is pending. Complete it now at https://secure-upi-check.in or your account will be frozen.,1
"Rs 1500 debited from your account via UPI offer@ybl. If not you, call customer care.",0
Your account balance is Rs 799. Thank you for banking with us.,0
"Dear user, suspicious login detected from a new device. Verify your password immediately using http://verify-bank-secure.com.",1
Important notice from RBI: Your KYC is pending. Complete it now at https://reward-claim-now.com or your account will be frozen.,1
Your electricity bill of Rs 5000 is due on 7-02-2026. Please pay on time.,0
Your account balance is Rs 999. Thank you for banking with us.,0
Happy Birthday! Wishing you a wonderful year ahead.,0
Your card ending 7280 has been temporarily locked. Call 9000012345 and share OTP to unlock.,1
Meeting confirmed at 11:15 PM today. Reply YES to confirm your presence.,0
Congratulations! You have won a reward of Rs 7500. Share your bank details to claim now.,1
Refund of Rs 2500 is ready. Share your UPI PIN to receive instantly.,1
Your electricity bill of Rs 7500 is due on 10-02-2026. Please pay on time.,0
Thank you for your payment of Rs 399. Transaction ID: 587355.,0
Limited offer: Invest Rs 999 today and get 3x returns in one month. Pay via UPI abc@upi.,1
Your account balance is Rs 199. Thank you for banking with us.,0
Meeting confirmed at 8:00 PM today. Reply YES to confirm your presence.,0
Refund of Rs 499 is ready. Share your UPI PIN to receive instantly.,1
Reminder: Your appointment is scheduled for 27-02-2026 at 4:45 PM.,0
Your card ending 8199 has been temporarily locked. Call 9876543210 and share OTP to unlock.,1
Reminder: Your appointment is scheduled for 14-02-2026 at 8:45 PM.,0
Congratulations! You have won a reward of Rs 10000. Share your bank details to claim now.,1
Your account balance is Rs 399. Thank you for banking with us.,0
You have an income tax refund pending. Fill this form at http://verify-bank-secure.com to get your refund.,1
Refund of Rs 2500 is ready. Share your UPI PIN to receive instantly.,1
Your bank account will be blocked today. Verify immediately using this link: https://secure-upi-check.in,1
Thank you for your payment of Rs 5000. Transaction ID: 413778.,0
Your account balance is Rs 5000. Thank you for banking with us.,0
Your electricity bill of Rs 2500 is due on 21-02-2026. Please pay on time.,0
Limited offer: Invest Rs 399 today and get 3x returns in one month. Pay via UPI securepay@okicici.,1
Limited offer: Invest Rs 399 today and get 3x returns in one month. Pay via UPI bonus@ibl.,1
"Dear user, suspicious login detected from a new device. Verify your password immediately using https://secure-upi-check.in.",1
Your electricity bill of Rs 399 is due on 21-02-2026. Please pay on time.,0
Happy Birthday! Wishing you a wonderful year ahead.,0
Your bank account will be blocked today. Verify immediately using this link: http://login-security-check.com,1
You have an income tax refund pending. Fill this form at https://secure-upi-check.in to get your refund.,1
"Rs 999 debited from your account via UPI securepay@okicici. If not you, call customer care.",0
Your card ending 6512 has been temporarily locked. Call 9988776655 and share OTP to unlock.,1
Your account balance is Rs 5000. Thank you for banking with us.,0
Reminder: Your appointment is scheduled for 28-02-2026 at 3:30 PM.,0
Limited offer: Invest Rs 799 today and get 3x returns in one month. Pay via UPI securepay@okicici.,1
Your account balance is Rs 499. Thank you for banking with us.,0
Limited offer: Invest Rs 1500 today and get 3x returns in one month. Pay via UPI refund@oksbi.,1
Urgent: Your SIM will be deactivated in 2 hours. Call 9812345678 and confirm your Aadhaar number.,1
"Dear user, suspicious login detected from a new device. Verify your password immediately using http://kyc-update-online.in.",1
Reminder: Your appointment is scheduled for 12-02-2026 at 6:15 PM.,0
You have an income tax refund pending. Fill this form at https://rbi-verify-safe.in to get your refund.,1
Thank you for your payment of Rs 499. Transaction ID: 837657.,0
You have an income tax refund pending. Fill this form at https://reward-claim-now.com to get your refund.,1
Reminder: Your appointment is scheduled for 8-02-2026 at 4:15 PM.,0
"Dear user, suspicious login detected from a new device. Verify your password immediately using https://secure-upi-check.in.",1
Your electricity bill of Rs 199 is due on 1-02-2026. Please pay on time.,0
Your cab is arriving in 5 minutes. Driver contact: 9876543210.,0
Meeting confirmed at 9:15 PM today. Reply YES to confirm your presence.,0
Your bank account will be blocked today. Verify immediately using this link: https://secure-upi-check.in,1
"Dear user, suspicious login detected from a new device. Verify your password immediately using https://secure-upi-check.in.",1
You have an income tax refund pending. Fill this form at http://login-security-check.com to get your refund.,1
Happy Birthday! Wishing you a wonderful year ahead.,0
Your OTP for login is 364135. Do not share this with anyone.,0
Your OTP for login is 133128. Do not share this with anyone.,0
Order #279344 has been shipped and will be delivered by tomorrow.,0
Your bank account will be blocked today. Verify immediately using this link: http://kyc-update-online.in,1
Your bank account will be blocked today. Verify immediately using this link: https://rbi-verify-safe.in,1
Reminder: Your appointment is scheduled for 14-02-2026 at 5:15 PM.,0
"Dear customer, your UPI ID securepay@okicici has been suspended. Click http://verify-bank-secure.com to reactivate.",1
Your electricity bill of Rs 2500 is due on 5-02-2026. Please pay on time.,0
Congratulations! You have won a reward of Rs 2500. Share your bank details to claim now.,1
"Dear user, suspicious login detected from a new device. Verify your password immediately using http://verify-bank-secure.com.",1
"Dear user, suspicious login detected from a new device. Verify your password immediately using http://verify-bank-secure.com.",1
Your bank account will be blocked today. Verify immediately using this link: https://reward-claim-now.com,1
Limited offer: Invest Rs 199 today and get 3x returns in one month. Pay via UPI securepay@okicici.,1
Order #688787 has been shipped and will be delivered by tomorrow.,0
Reminder: Your appointment is scheduled for 27-02-2026 at 2:15 PM.,0
Happy Birthday! Wishing you a wonderful year ahead.,0
Your account balance is Rs 999. Thank you for banking with us.,0
Your account balance is Rs 199. Thank you for banking with us.,0
Limited offer: Invest Rs 799 today and get 3x returns in one month. Pay via UPI offer@ybl.,1
Your electricity bill of Rs 499 is due on 26-02-2026. Please pay on time.,0
Refund of Rs 1500 is ready. Share your UPI PIN to receive instantly.,1
Order #419720 has been shipped and will be delivered by tomorrow.,0
Order #187095 has been shipped and will be delivered by tomorrow.,0
"Rs 2500 debited from your account via UPI bonus@ibl. If not you, call customer care.",0
You have an income tax refund pending. Fill this form at http://verify-bank-secure.com to get your refund.,1
Your bank account will be blocked today. Verify immediately using this link: http://kyc-update-online.in,1
Thank you for your payment of Rs 799. Transaction ID: 553617.,0
Limited offer: Invest Rs 1500 today and get 3x returns in one month. Pay via UPI investfast@axl.,1
Limited offer: Invest Rs 1500 today and get 3x returns in one month. Pay via UPI refund@oksbi.,1
"Rs 7500 debited from your account via UPI abc@upi. If not you, call customer care.",0
Refund of Rs 499 is ready. Share your UPI PIN to receive instantly.,1
Your bank account will be blocked today. Verify immediately using this link: http://verify-bank-secure.com,1
Important notice from RBI: Your KYC is pending. Complete it now at https://secure-upi-check.in or your account will be frozen.,1
Meeting confirmed at 5:15 PM today. Reply YES to confirm your presence.,0
Your electricity bill of Rs 10000 is due on 12-02-2026. Please pay on time.,0
Order #941234 has been shipped and will be delivered by tomorrow.,0
"Rs 1500 debited from your account via UPI refund@oksbi. If not you, call customer care.",0
Your bank account will be blocked today. Verify immediately using this link: http://kyc-update-online.in,1
Happy Birthday! Wishing you a wonderful year ahead.,0
"Rs 1500 debited from your account via UPI abc@upi. If not you, call customer care.",0
Reminder: Your appointment is scheduled for 22-02-2026 at 4:45 PM.,0
Urgent: Your SIM will be deactivated in 2 hours. Call 9000012345 and confirm your Aadhaar number.,1
Urgent: Your SIM will be deactivated in 2 hours. Call 9988776655 and confirm your Aadhaar number.,1
Your electricity bill of Rs 799 is due on 27-02-2026. Please pay on time.,0
Reminder: Your appointment is scheduled for 26-02-2026 at 3:45 PM.,0
Your account balance is Rs 399. Thank you for banking with us.,0
Your OTP for login is 327544. Do not share this with anyone.,0
Happy Birthday! Wishing you a wonderful year ahead.,0
Thank you for your payment of Rs 7500. Transaction ID: 912020.,0
Reminder: Your appointment is scheduled for 25-02-2026 at 6:30 PM.,0
Congratulations! You have won a reward of Rs 10000. Share your bank details to claim now.,1
Order #559285 has been shipped and will be delivered by tomorrow.,0
Your cab is arriving in 5 minutes. Driver contact: 9812345678.,0
Your OTP for login is 540244. Do not share this with anyone.,0
Your account balance is Rs 499. Thank you for banking with us.,0
"Dear user, suspicious login detected from a new device. Verify your password immediately using https://reward-claim-now.com.",1
Reminder: Your appointment is scheduled for 3-02-2026 at 6:45 PM.,0
"Dear user, suspicious login detected from a new device. Verify your password immediately using http://verify-bank-secure.com.",1
Meeting confirmed at 4:15 PM today. Reply YES to confirm your presence.,0
Your account balance is Rs 399. Thank you for banking with us.,0
"Dear user, suspicious login detected from a new device. Verify your password immediately using http://kyc-update-online.in.",1
Your electricity bill of Rs 10000 is due on 19-02-2026. Please pay on time.,0
Meeting confirmed at 5:30 PM today. Reply YES to confirm your presence.,0
Order #510171 has been shipped and will be delivered by tomorrow.,0
Your card ending 2244 has been temporarily locked. Call 9123456780 and share OTP to unlock.,1
You have an income tax refund pending. Fill this form at https://secure-upi-check.in to get your refund.,1
Reminder: Your appointment is scheduled for 17-02-2026 at 1:15 PM.,0
Important notice from RBI: Your KYC is pending. Complete it now at http://kyc-update-online.in or your account will be frozen.,1
Your card ending 5595 has been temporarily locked. Call 9123456780 and share OTP to unlock.,1
"Rs 399 debited from your account via UPI refund@oksbi. If not you, call customer care.",0
Your OTP for login is 228679. Do not share this with anyone.,0
Reminder: Your appointment is scheduled for 21-02-2026 at 8:15 PM.,0
Your OTP for login is 793286. Do not share this with anyone.,0
Reminder: Your appointment is scheduled for 8-02-2026 at 3:00 PM.,0
Your account balance is Rs 799. Thank you for banking with us.,0
Urgent: Your SIM will be deactivated in 2 hours. Call 9876543210 and confirm your Aadhaar number.,1
"Dear user, suspicious login detected from a new device. Verify your password immediately using http://verify-bank-secure.com.",1
"Dear customer, your UPI ID bonus@ibl has been suspended. Click https://rbi-verify-safe.in to reactivate.",1
"Rs 799 debited from your account via UPI offer@ybl. If not you, call customer care.",0
"Dear user, suspicious login detected from a new device. Verify your password immediately using https://rbi-verify-safe.in.",1
"Rs 999 debited from your account via UPI refund@oksbi. If not you, call customer care.",0
Important notice from RBI: Your KYC is pending. Complete it now at https://reward-claim-now.com or your account will be frozen.,1
Limited offer: Invest Rs 7500 today and get 3x returns in one month. Pay via UPI abc@upi.,1
"Dear user, suspicious login detected from a new device. Verify your password immediately using https://rbi-verify-safe.in.",1
Reminder: Your appointment is scheduled for 18-02-2026 at 12:15 PM.,0
Your OTP for login is 153910. Do not share this with anyone.,0
Meeting confirmed at 8:00 PM today. Reply YES to confirm your presence.,0
Limited offer: Invest Rs 799 today and get 3x returns in one month. Pay via UPI abc@upi.,1
Your card ending 1296 has been temporarily locked. Call 9123456780 and share OTP to unlock.,1
Your electricity bill of Rs 799 is due on 26-02-2026. Please pay on time.,0
Important notice from RBI: Your KYC is pending. Complete it now at https://reward-claim-now.com or your account will be frozen.,1
"Dear user, suspicious login detected from a new device. Verify your password immediately using http://verify-bank-secure.com.",1
Important notice from RBI: Your KYC is pending. Complete it now at https://rbi-verify-safe.in or your account will be frozen.,1
"Dear user, suspicious login detected from a new device. Verify your password immediately using https://rbi-verify-safe.in.",1
Meeting confirmed at 5:30 PM today. Reply YES to confirm your presence.,0
Happy Birthday! Wishing you a wonderful year ahead.,0
Thank you for your payment of Rs 499. Transaction ID: 412404.,0
"Dear user, suspicious login detected from a new device. Verify your password immediately using http://verify-bank-secure.com.",1
Thank you for your payment of Rs 799. Transaction ID: 889201.,0
You have an income tax refund pending. Fill this form at http://login-security-check.com to get your refund.,1
Refund of Rs 399 is ready. Share your UPI PIN to receive instantly.,1
Your bank account will be blocked today. Verify immediately using this link: http://login-security-check.com,1
Thank you for your payment of Rs 10000. Transaction ID: 269226.,0
Your OTP for login is 626545. Do not share this with anyone.,0
Your electricity bill of Rs 199 is due on 6-02-2026. Please pay on time.,0
Order #380951 has been shipped and will be delivered by tomorrow.,0
Reminder: Your appointment is scheduled for 22-02-2026 at 9:30 PM.,0
"Dear user, suspicious login detected from a new device. Verify your password immediately using http://kyc-update-online.in.",1
Your account balance is Rs 1500. Thank you for banking with us.,0
Urgent: Your SIM will be deactivated in 2 hours. Call 9812345678 and confirm your Aadhaar number.,1
Your account balance is Rs 1500. Thank you for banking with us.,0
"Dear user, suspicious login detected from a new device. Verify your password immediately using https://reward-claim-now.com.",1
Important notice from RBI: Your KYC is pending. Complete it now at http://verify-bank-secure.com or your account will be frozen.,1
Happy Birthday! Wishing you a wonderful year ahead.,0
Your account balance is Rs 999. Thank you for banking with us.,0
Your OTP for login is 957382. Do not share this with anyone.,0
Your bank account will be blocked today. Verify immediately using this link: http://kyc-update-online.in,1
Meeting confirmed at 8:00 PM today. Reply YES to confirm your presence.,0
You have an income tax refund pending. Fill this form at https://reward-claim-now.com to get your refund.,1
Congratulations! You have won a reward of Rs 799. Share your bank details to claim now.,1
Your card ending 9542 has been temporarily locked. Call 9090909090 and share OTP to unlock.,1
Your bank account will be blocked today. Verify immediately using this link: https://reward-claim-now.com,1
You have an income tax refund pending. Fill this form at https://reward-claim-now.com to get your refund.,1
Your OTP for login is 880777. Do not share this with anyone.,0
Refund of Rs 10000 is ready. Share your UPI PIN to receive instantly.,1
Important notice from RBI: Your KYC is pending. Complete it now at http://login-security-check.com or your account will be frozen.,1
Thank you for your payment of Rs 1500. Transaction ID: 937234.,0
Your cab is arriving in 5 minutes. Driver contact: 9090909090.,0
Your card ending 3754 has been temporarily locked. Call 9812345678 and share OTP to unlock.,1
Meeting confirmed at 9:00 PM today. Reply YES to confirm your presence.,0
Happy Birthday! Wishing you a wonderful year ahead.,0
Important notice from RBI: Your KYC is pending. Complete it now at http://verify-bank-secure.com or your account will be frozen.,1
"Dear customer, your UPI ID abc@upi has been suspended. Click https://secure-upi-check.in to reactivate.",1
Limited offer: Invest Rs 499 today and get 3x returns in one month. Pay via UPI bonus@ibl.,1
Thank you for your payment of Rs 799. Transaction ID: 976603.,0
"Dear user, suspicious login detected from a new device. Verify your password immediately using https://secure-upi-check.in.",1
Limited offer: Invest Rs 399 today and get 3x returns in one month. Pay via UPI abc@upi.,1
Your card ending 3813 has been temporarily locked. Call 9812345678 and share OTP to unlock.,1
"Rs 7500 debited from your account via UPI offer@ybl. If not you, call customer care.",0
Important notice from RBI: Your KYC is pending. Complete it now at http://verify-bank-secure.com or your account will be frozen.,1
Happy Birthday! Wishing you a wonderful year ahead.,0
Your account balance is Rs 1500. Thank you for banking with us.,0
Refund of Rs 5000 is ready. Share your UPI PIN to receive instantly.,1
Your cab is arriving in 5 minutes. Driver contact: 9812345678.,0
Your account balance is Rs 799. Thank you for banking with us.,0
Thank you for your payment of Rs 199. Transaction ID: 518446.,0
"Rs 5000 debited from your account via UPI offer@ybl. If not you, call customer care.",0
Your cab is arriving in 5 minutes. Driver contact: 9988776655.,0
Your cab is arriving in 5 minutes. Driver contact: 9812345678.,0
Your bank account will be blocked today. Verify immediately using this link: http://login-security-check.com,1
"Dear customer, your UPI ID securepay@okicici has been suspended. Click http://login-security-check.com to reactivate.",1
"Dear customer, your UPI ID bonus@ibl has been suspended. Click https://secure-upi-check.in to reactivate.",1
Important notice from RBI: Your KYC is pending. Complete it now at http://kyc-update-online.in or your account will be frozen.,1
"Dear user, suspicious login detected from a new device. Verify your password immediately using http://kyc-update-online.in.",1
Limited offer: Invest Rs 7500 today and get 3x returns in one month. Pay via UPI bonus@ibl.,1
Urgent: Your SIM will be deactivated in 2 hours. Call 9123456780 and confirm your Aadhaar number.,1
Urgent: Your SIM will be deactivated in 2 hours. Call 9876543210 and confirm your Aadhaar number.,1
Your bank account will be blocked today. Verify immediately using this link: http://kyc-update-online.in,1
Your bank account will be blocked today. Verify immediately using this link: http://kyc-update-online.in,1
Your card ending 8657 has been temporarily locked. Call 9000012345 and share OTP to unlock.,1
Congratulations! You have won a reward of Rs 999. Share your bank details to claim now.,1
Thank you for your payment of Rs 799. Transaction ID: 580231.,0
Your card ending 9219 has been temporarily locked. Call 9812345678 and share OTP to unlock.,1
Reminder: Your appointment is scheduled for 25-02-2026 at 11:00 PM.,0
Happy Birthday! Wishing you a wonderful year ahead.,0
Congratulations! You have won a reward of Rs 999. Share your bank details to claim now.,1
You have an income tax refund pending. Fill this form at https://rbi-verify-safe.in to get your refund.,1
Order #168738 has been shipped and will be delivered by tomorrow.,0
Your OTP for login is 225712. Do not share this with anyone.,0
You have an income tax refund pending. Fill this form at https://reward-claim-now.com to get your refund.,1
Meeting confirmed at 3:15 PM today. Reply YES to confirm your presence.,0
Limited offer: Invest Rs 499 today and get 3x returns in one month. Pay via UPI securepay@okicici.,1
Meeting confirmed at 6:30 PM today. Reply YES to confirm your presence.,0
Your electricity bill of Rs 1500 is due on 15-02-2026. Please pay on time.,0
Your card ending 8943 has been temporarily locked. Call 9090909090 and share OTP to unlock.,1
Limited offer: Invest Rs 799 today and get 3x returns in one month. Pay via UPI securepay@okicici.,1
Your card ending 9385 has been temporarily locked. Call 9000012345 and share OTP to unlock.,1
Limited offer: Invest Rs 499 today and get 3x returns in one month. Pay via UPI offer@ybl.,1
Important notice from RBI: Your KYC is pending. Complete it now at http://kyc-update-online.in or your account will be frozen.,1
Refund of Rs 5000 is ready. Share your UPI PIN to receive instantly.,1
Your electricity bill of Rs 499 is due on 26-02-2026. Please pay on time.,0
Happy Birthday! Wishing you a wonderful year ahead.,0
Your account balance is Rs 7500. Thank you for banking with us.,0
"Dear customer, your UPI ID investfast@axl has been suspended. Click http://verify-bank-secure.com to reactivate.",1
Urgent: Your SIM will be deactivated in 2 hours. Call 9812345678 and confirm your Aadhaar number.,1
Your account balance is Rs 1500. Thank you for banking with us.,0
Reminder: Your appointment is scheduled for 16-02-2026 at 5:00 PM.,0
Congratulations! You have won a reward of Rs 1500. Share your bank details to claim now.,1
Your bank account will be blocked today. Verify immediately using this link: https://secure-upi-check.in,1
Refund of Rs 799 is ready. Share your UPI PIN to receive instantly.,1
You have an income tax refund pending. Fill this form at https://rbi-verify-safe.in to get your refund.,1
Your cab is arriving in 5 minutes. Driver contact: 9988776655.,0
Limited offer: Invest Rs 499 today and get 3x returns in one month. Pay via UPI investfast@axl.,1
Refund of Rs 10000 is ready. Share your UPI PIN to receive instantly.,1
Order #847601 has been shipped and will be delivered by tomorrow.,0
Your electricity bill of Rs 399 is due on 10-02-2026. Please pay on time.,0
Order #653012 has been shipped and will be delivered by tomorrow.,0
Refund of Rs 1500 is ready. Share your UPI PIN to receive instantly.,1
"Dear user, suspicious login detected from a new device. Verify your password immediately using http://login-security-check.com.",1
Your OTP for login is 932678. Do not share this with anyone.,0
Your card ending 8143 has been temporarily locked. Call 9000012345 and share OTP to unlock.,1
Thank you for your payment of Rs 2500. Transaction ID: 396094.,0
Happy Birthday! Wishing you a wonderful year ahead.,0
"Dear customer, your UPI ID bonus@ibl has been suspended. Click http://verify-bank-secure.com to reactivate.",1
Your electricity bill of Rs 7500 is due on 28-02-2026. Please pay on time.,0
Important notice from RBI: Your KYC is pending. Complete it now at https://secure-upi-check.in or your account will be frozen.,1
"Dear customer, your UPI ID securepay@okicici has been suspended. Click http://kyc-update-online.in to reactivate.",1
"Rs 7500 debited from your account via UPI abc@upi. If not you, call customer care.",0
"Dear customer, your UPI ID abc@upi has been suspended. Click http://kyc-update-online.in to reactivate.",1
Thank you for your payment of Rs 799. Transaction ID: 373536.,0
Your card ending 7239 has been temporarily locked. Call 9090909090 and share OTP to unlock.,1
Your electricity bill of Rs 499 is due on 22-02-2026. Please pay on time.,0
Your account balance is Rs 10000. Thank you for banking with us.,0
Reminder: Your appointment is scheduled for 25-02-2026 at 1:15 PM.,0
You have an income tax refund pending. Fill this form at http://login-security-check.com to get your refund.,1
"Dear customer, your UPI ID refund@oksbi has been suspended. Click https://reward-claim-now.com to reactivate.",1
Urgent: Your SIM will be deactivated in 2 hours. Call 9000012345 and confirm your Aadhaar number.,1
"Rs 1500 debited from your account via UPI offer@ybl. If not you, call customer care.",0
Your bank account will be blocked today. Verify immediately using this link: http://kyc-update-online.in,1
Your account balance is Rs 5000. Thank you for banking with us.,0
Meeting confirmed at 3:15 PM today. Reply YES to confirm your presence.,0
Refund of Rs 999 is ready. Share your UPI PIN to receive instantly.,1
"Dear customer, your UPI ID bonus@ibl has been suspended. Click http://login-security-check.com to reactivate.",1
"Dear customer, your UPI ID securepay@okicici has been suspended. Click http://verify-bank-secure.com to reactivate.",1
Happy Birthday! Wishing you a wonderful year ahead.,0
Important notice from RBI: Your KYC is pending. Complete it now at http://login-security-check.com or your account will be frozen.,1
Limited offer: Invest Rs 799 today and get 3x returns in one month. Pay via UPI refund@oksbi.,1
Congratulations! You have won a reward of Rs 199. Share your bank details to claim now.,1
Your bank account will be blocked today. Verify immediately using this link: https://secure-upi-check.in,1
Limited offer: Invest Rs 2500 today and get 3x returns in one month. Pay via UPI abc@upi.,1
Your account balance is Rs 399. Thank you for banking with us.,0
Congratulations! You have won a reward of Rs 10000. Share your bank details to claim now.,1
Urgent: Your SIM will be deactivated in 2 hours. Call 9090909090 and confirm your Aadhaar number.,1
You have an income tax refund pending. Fill this form at https://reward-claim-now.com to get your refund.,1
"Dear user, suspicious login detected from a new device. Verify your password immediately using http://login-security-check.com.",1
Congratulations! You have won a reward of Rs 2500. Share your bank details to claim now.,1
"Dear user, suspicious login detected from a new device. Verify your password immediately using http://login-security-check.com.",1
You have an income tax refund pending. Fill this form at https://rbi-verify-safe.in to get your refund.,1
Congratulations! You have won a reward of Rs 1500. Share your bank details to claim now.,1
"Rs 5000 debited from your account via UPI bonus@ibl. If not you, call customer care.",0
Urgent: Your SIM will be deactivated in 2 hours. Call 9988776655 and confirm your Aadhaar number.,1
Important notice from RBI: Your KYC is pending. Complete it now at http://kyc-update-online.in or your account will be frozen.,1
Urgent: Your SIM will be deactivated in 2 hours. Call 9123456780 and confirm your Aadhaar number.,1
You have an income tax refund pending. Fill this form at https://secure-upi-check.in to get your refund.,1
Important notice from RBI: Your KYC is pending. Complete it now at https://reward-claim-now.com or your account will be frozen.,1
"Dear customer, your UPI ID investfast@axl has been suspended. Click http://verify-bank-secure.com to reactivate.",1
You have an income tax refund pending. Fill this form at https://reward-claim-now.com to get your refund.,1
You have an income tax refund pending. Fill this form at http://kyc-update-online.in to get your refund.,1
Your electricity bill of Rs 7500 is due on 3-02-2026. Please pay on time.,0
Urgent: Your SIM will be deactivated in 2 hours. Call 9988776655 and confirm your Aadhaar number.,1
"Dear user, suspicious login detected from a new device. Verify your password immediately using https://secure-upi-check.in.",1
Important notice from RBI: Your KYC is pending. Complete it now at https://rbi-verify-safe.in or your account will be frozen.,1
Congratulations! You have won a reward of Rs 199. Share your bank details to claim now.,1
Your OTP for login is 430137. Do not share this with anyone.,0
Order #996250 has been shipped and will be delivered by tomorrow.,0
Your card ending 5140 has been temporarily locked. Call 9123456780 and share OTP to unlock.,1
Happy Birthday! Wishing you a wonderful year ahead.,0
"Dear customer, your UPI ID refund@oksbi has been suspended. Click http://login-security-check.com to reactivate.",1
Urgent: Your SIM will be deactivated in 2 hours. Call 9123456780 and confirm your Aadhaar number.,1
Meeting confirmed at 10:45 PM today. Reply YES to confirm your presence.,0
Refund of Rs 999 is ready. Share your UPI PIN to receive instantly.,1
Your electricity bill of Rs 999 is due on 2-02-2026. Please pay on time.,0
Congratulations! You have won a reward of Rs 5000. Share your bank details to claim now.,1
Happy Birthday! Wishing you a wonderful year ahead.,0
"Rs 199 debited from your account via UPI investfast@axl. If not you, call customer care.",0
Your cab is arriving in 5 minutes. Driver contact: 9988776655.,0
Refund of Rs 499 is ready. Share your UPI PIN to receive instantly.,1
Your account balance is Rs 799. Thank you for banking with us.,0
Your cab is arriving in 5 minutes. Driver contact: 9090909090.,0
"Dear user, suspicious login detected from a new device. Verify your password immediately using http://verify-bank-secure.com.",1
Your card ending 3028 has been temporarily locked. Call 9000012345 and share OTP to unlock.,1
"Rs 799 debited from your account via UPI bonus@ibl. If not you, call customer care.",0
Refund of Rs 499 is ready. Share your UPI PIN to receive instantly.,1
Meeting confirmed at 8:45 PM today. Reply YES to confirm your presence.,0
Order #923873 has been shipped and will be delivered by tomorrow.,0
Reminder: Your appointment is scheduled for 21-02-2026 at 9:45 PM.,0
Urgent: Your SIM will be deactivated in 2 hours. Call 9988776655 and confirm your Aadhaar number.,1
Order #880638 has been shipped and will be delivered by tomorrow.,0
You have an income tax refund pending. Fill this form at https://reward-claim-now.com to get your refund.,1
Your card ending 2016 has been temporarily locked. Call 9876543210 and share OTP to unlock.,1
Your bank account will be blocked today. Verify immediately using this link: http://kyc-update-online.in,1
Your account balance is Rs 399. Thank you for banking with us.,0
Congratulations! You have won a reward of Rs 499. Share your bank details to claim now.,1
"Dear user, suspicious login detected from a new device. Verify your password immediately using http://verify-bank-secure.com.",1
You have an income tax refund pending. Fill this form at https://secure-upi-check.in to get your refund.,1
You have an income tax refund pending. Fill this form at http://verify-bank-secure.com to get your refund.,1
Reminder: Your appointment is scheduled for 19-02-2026 at 12:30 PM.,0
Your account balance is Rs 2500. Thank you for banking with us.,0
Your card ending 1748 has been temporarily locked. Call 9123456780 and share OTP to unlock.,1
Happy Birthday! Wishing you a wonderful year ahead.,0
Your card ending 4031 has been temporarily locked. Call 9123456780 and share OTP to unlock.,1
Your cab is arriving in 5 minutes. Driver contact: 9812345678.,0
Urgent: Your SIM will be deactivated in 2 hours. Call 9000012345 and confirm your Aadhaar number.,1
Your bank account will be blocked today. Verify immediately using this link: https://reward-claim-now.com,1
Your card ending 6954 has been temporarily locked. Call 9090909090 and share OTP to unlock.,1
Happy Birthday! Wishing you a wonderful year ahead.,0
Your OTP for login is 756528. Do not share this with anyone.,0
Your card ending 3739 has been temporarily locked. Call 9988776655 and share OTP to unlock.,1
Order #220575 has been shipped and will be delivered by tomorrow.,0
Limited offer: Invest Rs 799 today and get 3x returns in one month. Pay via UPI offer@ybl.,1
"Dear user, suspicious login detected from a new device. Verify your password immediately using http://kyc-update-online.in.",1
Limited offer: Invest Rs 5000 today and get 3x returns in one month. Pay via UPI investfast@axl.,1
Happy Birthday! Wishing you a wonderful year ahead.,0
Urgent: Your SIM will be deactivated in 2 hours. Call 9123456780 and confirm your Aadhaar number.,1
Reminder: Your appointment is scheduled for 8-02-2026 at 8:15 PM.,0
Important notice from RBI: Your KYC is pending. Complete it now at https://secure-upi-check.in or your account will be frozen.,1
Important notice from RBI: Your KYC is pending. Complete it now at http://verify-bank-secure.com or your account will be frozen.,1
Important notice from RBI: Your KYC is pending. Complete it now at https://secure-upi-check.in or your account will be frozen.,1
Your bank account will be blocked today. Verify immediately using this link: http://verify-bank-secure.com,1
Your cab is arriving in 5 minutes. Driver contact: 9000012345.,0
Your OTP for login is 928566. Do not share this with anyone.,0
Your cab is arriving in 5 minutes. Driver contact: 9123456780.,0
Your electricity bill of Rs 999 is due on 11-02-2026. Please pay on time.,0
Your account balance is Rs 1500. Thank you for banking with us.,0
Your bank account will be blocked today. Verify immediately using this link: https://secure-upi-check.in,1
"Rs 2500 debited from your account via UPI abc@upi. If not you, call customer care.",0
Order #246705 has been shipped and will be delivered by tomorrow.,0
"Rs 2500 debited from your account via UPI bonus@ibl. If not you, call customer care.",0
Thank you for your payment of Rs 799. Transaction ID: 264210.,0
Order #770028 has been shipped and will be delivered by tomorrow.,0
Your account balance is Rs 999. Thank you for banking with us.,0
Your cab is arriving in 5 minutes. Driver contact: 9812345678.,0
Your card ending 3167 has been temporarily locked. Call 9876543210 and share OTP to unlock.,1
Limited offer: Invest Rs 799 today and get 3x returns in one month. Pay via UPI securepay@okicici.,1
Meeting confirmed at 10:30 PM today. Reply YES to confirm your presence.,0
Your account balance is Rs 1500. Thank you for banking with us.,0
"Dear customer, your UPI ID bonus@ibl has been suspended. Click https://secure-upi-check.in to reactivate.",1
You have an income tax refund pending. Fill this form at https://rbi-verify-safe.in to get your refund.,1
"Dear user, suspicious login detected from a new device. Verify your password immediately using http://login-security-check.com.",1
Your electricity bill of Rs 2500 is due on 12-02-2026. Please pay on time.,0
Order #442576 has been shipped and will be delivered by tomorrow.,0
"Dear user, suspicious login detected from a new device. Verify your password immediately using https://secure-upi-check.in.",1
Happy Birthday! Wishing you a wonderful year ahead.,0
"Dear user, suspicious login detected from a new device. Verify your password immediately using http://kyc-update-online.in.",1
Limited offer: Invest Rs 1500 today and get 3x returns in one month. Pay via UPI securepay@okicici.,1
Meeting confirmed at 4:00 PM today. Reply YES to confirm your presence.,0
Important notice from RBI: Your KYC is pending. Complete it now at https://rbi-verify-safe.in or your account will be frozen.,1
Your OTP for login is 618093. Do not share this with anyone.,0
Refund of Rs 5000 is ready. Share your UPI PIN to receive instantly.,1
"Dear customer, your UPI ID bonus@ibl has been suspended. Click http://kyc-update-online.in to reactivate.",1
Order #813982 has been shipped and will be delivered by tomorrow.,0
Refund of Rs 499 is ready. Share your UPI PIN to receive instantly.,1
You have an income tax refund pending. Fill this form at https://rbi-verify-safe.in to get your refund.,1
Meeting confirmed at 3:30 PM today. Reply YES to confirm your presence.,0
"Dear customer, your UPI ID bonus@ibl has been suspended. Click https://rbi-verify-safe.in to reactivate.",1
"Rs 7500 debited from your account via UPI refund@oksbi. If not you, call customer care.",0
Reminder: Your appointment is scheduled for 24-02-2026 at 8:30 PM.,0
Your account balance is Rs 799. Thank you for banking with us.,0
You have an income tax refund pending. Fill this form at http://kyc-update-online.in to get your refund.,1
Urgent: Your SIM will be deactivated in 2 hours. Call 9000012345 and confirm your Aadhaar number.,1
Urgent: Your SIM will be deactivated in 2 hours. Call 9988776655 and confirm your Aadhaar number.,1
Happy Birthday! Wishing you a wonderful year ahead.,0
"Dear user, suspicious login detected from a new device. Verify your password immediately using https://secure-upi-check.in.",1
Your bank account will be blocked today. Verify immediately using this link: https://secure-upi-check.in,1
Your electricity bill of Rs 799 is due on 17-02-2026. Please pay on time.,0
Limited offer: Invest Rs 799 today and get 3x returns in one month. Pay via UPI abc@upi.,1
Happy Birthday! Wishing you a wonderful year ahead.,0
Thank you for your payment of Rs 199. Transaction ID: 877435.,0
"Dear user, suspicious login detected from a new device. Verify your password immediately using https://secure-upi-check.in.",1
"Dear user, suspicious login detected from a new device. Verify your password immediately using https://rbi-verify-safe.in.",1
Your bank account will be blocked today. Verify immediately using this link: https://reward-claim-now.com,1
Your account balance is Rs 999. Thank you for banking with us.,0
Your bank account will be blocked today. Verify immediately using this link: http://kyc-update-online.in,1
Your bank account will be blocked today. Verify immediately using this link: http://login-security-check.com,1
Thank you for your payment of Rs 5000. Transaction ID: 190199.,0
Limited offer: Invest Rs 1500 today and get 3x returns in one month. Pay via UPI refund@oksbi.,1
Refund of Rs 5000 is ready. Share your UPI PIN to receive instantly.,1
"Dear user, suspicious login detected from a new device. Verify your password immediately using https://secure-upi-check.in.",1
Meeting confirmed at 2:45 PM today. Reply YES to confirm your presence.,0
Your bank account will be blocked today. Verify immediately using this link: http://login-security-check.com,1
Happy Birthday! Wishing you a wonderful year ahead.,0
Happy Birthday! Wishing you a wonderful year ahead.,0
Limited offer: Invest Rs 10000 today and get 3x returns in one month. Pay via UPI bonus@ibl.,1
Order #559727 has been shipped and will be delivered by tomorrow.,0
Your account balance is Rs 7500. Thank you for banking with us.,0
Thank you for your payment of Rs 499. Transaction ID: 916171.,0
Your card ending 2308 has been temporarily locked. Call 9123456780 and share OTP to unlock.,1
Important notice from RBI: Your KYC is pending. Complete it now at https://rbi-verify-safe.in or your account will be frozen.,1
You have an income tax refund pending. Fill this form at http://verify-bank-secure.com to get your refund.,1
"Rs 499 debited from your account via UPI offer@ybl. If not you, call customer care.",0
Happy Birthday! Wishing you a wonderful year ahead.,0
Your bank account will be blocked today. Verify immediately using this link: https://reward-claim-now.com,1
Important notice from RBI: Your KYC is pending. Complete it now at http://kyc-update-online.in or your account will be frozen.,1
Thank you for your payment of Rs 999. Transaction ID: 308657.,0
Your electricity bill of Rs 999 is due on 5-02-2026. Please pay on time.,0
"Dear customer, your UPI ID offer@ybl has been suspended. Click https://rbi-verify-safe.in to reactivate.",1
Urgent: Your SIM will be deactivated in 2 hours. Call 9000012345 and confirm your Aadhaar number.,1
Reminder: Your appointment is scheduled for 2-02-2026 at 4:00 PM.,0
Your account balance is Rs 199. Thank you for banking with us.,0
Your cab is arriving in 5 minutes. Driver contact: 9812345678.,0
Your account balance is Rs 499. Thank you for banking with us.,0
You have an income tax refund pending. Fill this form at http://kyc-update-online.in to get your refund.,1
Your cab is arriving in 5 minutes. Driver contact: 9123456780.,0
Limited offer: Invest Rs 1500 today and get 3x returns in one month. Pay via UPI investfast@axl.,1
Your cab is arriving in 5 minutes. Driver contact: 9090909090.,0
Urgent: Your SIM will be deactivated in 2 hours. Call 9988776655 and confirm your Aadhaar number.,1
Refund of Rs 199 is ready. Share your UPI PIN to receive instantly.,1
"Dear customer, your UPI ID offer@ybl has been suspended. Click https://reward-claim-now.com to reactivate.",1
"Dear customer, your UPI ID investfast@axl has been suspended. Click http://verify-bank-secure.com to reactivate.",1
Meeting confirmed at 11:30 PM today. Reply YES to confirm your presence.,0
"Dear customer, your UPI ID abc@upi has been suspended. Click https://reward-claim-now.com to reactivate.",1
Your card ending 9980 has been temporarily locked. Call 9876543210 and share OTP to unlock.,1
"Dear user, suspicious login detected from a new device. Verify your password immediately using https://rbi-verify-safe.in.",1
Congratulations! You have won a reward of Rs 1500. Share your bank details to claim now.,1
Limited offer: Invest Rs 10000 today and get 3x returns in one month. Pay via UPI investfast@axl.,1
Urgent: Your SIM will be deactivated in 2 hours. Call 9000012345 and confirm your Aadhaar number.,1
Your electricity bill of Rs 799 is due on 13-02-2026. Please pay on time.,0
Your bank account will be blocked today. Verify immediately using this link: https://reward-claim-now.com,1
Your cab is arriving in 5 minutes. Driver contact: 9988776655.,0
Your card ending 5363 has been temporarily locked. Call 9812345678 and share OTP to unlock.,1
Thank you for your payment of Rs 799. Transaction ID: 704892.,0
Your account balance is Rs 5000. Thank you for banking with us.,0
You have an income tax refund pending. Fill this form at http://login-security-check.com to get your refund.,1
Urgent: Your SIM will be deactivated in 2 hours. Call 9090909090 and confirm your Aadhaar number.,1
Your bank account will be blocked today. Verify immediately using this link: https://reward-claim-now.com,1
Your OTP for login is 319016. Do not share this with anyone.,0
"Rs 5000 debited from your account via UPI investfast@axl. If not you, call customer care.",0
Congratulations! You have won a reward of Rs 499. Share your bank details to claim now.,1
Your cab is arriving in 5 minutes. Driver contact: 9988776655.,0
Happy Birthday! Wishing you a wonderful year ahead.,0
Your card ending 2663 has been temporarily locked. Call 9988776655 and share OTP to unlock.,1
Your OTP for login is 832061. Do not share this with anyone.,0
Your bank account will be blocked today. Verify immediately using this link: http://kyc-update-online.in,1
"Rs 2500 debited from your account via UPI abc@upi. If not you, call customer care.",0
"Dear customer, your UPI ID refund@oksbi has been suspended. Click https://secure-upi-check.in to reactivate.",1
Important notice from RBI: Your KYC is pending. Complete it now at http://login-security-check.com or your account will be frozen.,1
Your electricity bill of Rs 999 is due on 3-02-2026. Please pay on time.,0
Happy Birthday! Wishing you a wonderful year ahead.,0
"Rs 10000 debited from your account via UPI abc@upi. If not you, call customer care.",0
Thank you for your payment of Rs 799. Transaction ID: 448212.,0
Thank you for your payment of Rs 799. Transaction ID: 231486.,0
Meeting confirmed at 9:15 PM today. Reply YES to confirm your presence.,0
Reminder: Your appointment is scheduled for 14-02-2026 at 7:15 PM.,0
Your electricity bill of Rs 199 is due on 3-02-2026. Please pay on time.,0
Thank you for your payment of Rs 5000. Transaction ID: 358547.,0
Important notice from RBI: Your KYC is pending. Complete it now at http://verify-bank-secure.com or your account will be frozen.,1
Your bank account will be blocked today. Verify immediately using this link: https://rbi-verify-safe.in,1
Order #194577 has been shipped and will be delivered by tomorrow.,0
"Rs 5000 debited from your account via UPI offer@ybl. If not you, call customer care.",0
"Dear user, suspicious login detected from a new device. Verify your password immediately using https://rbi-verify-safe.in.",1
Thank you for your payment of Rs 2500. Transaction ID: 995888.,0
Congratulations! You have won a reward of Rs 10000. Share your bank details to claim now.,1
Your card ending 9434 has been temporarily locked. Call 9812345678 and share OTP to unlock.,1
Thank you for your payment of Rs 10000. Transaction ID: 711609.,0
"Dear customer, your UPI ID abc@upi has been suspended. Click https://secure-upi-check.in to reactivate.",1
Order #664203 has been shipped and will be delivered by tomorrow.,0
Happy Birthday! Wishing you a wonderful year ahead.,0
"Dear user, suspicious login detected from a new device. Verify your password immediately using https://secure-upi-check.in.",1
Happy Birthday! Wishing you a wonderful year ahead.,0
"Dear customer, your UPI ID investfast@axl has been suspended. Click http://kyc-update-online.in to reactivate.",1
Limited offer: Invest Rs 799 today and get 3x returns in one month. Pay via UPI abc@upi.,1
Your bank account will be blocked today. Verify immediately using this link: http://kyc-update-online.in,1
"Dear user, suspicious login detected from a new device. Verify your password immediately using https://secure-upi-check.in.",1
Urgent: Your SIM will be deactivated in 2 hours. Call 9123456780 and confirm your Aadhaar number.,1
Your electricity bill of Rs 499 is due on 8-02-2026. Please pay on time.,0
Your account balance is Rs 5000. Thank you for banking with us.,0
Reminder: Your appointment is scheduled for 25-02-2026 at 9:30 PM.,0
Your OTP for login is 894724. Do not share this with anyone.,0
Your account balance is Rs 2500. Thank you for banking with us.,0
Thank you for your payment of Rs 399. Transaction ID: 622841.,0
Limited offer: Invest Rs 999 today and get 3x returns in one month. Pay via UPI investfast@axl.,1
Refund of Rs 1500 is ready. Share your UPI PIN to receive instantly.,1
Urgent: Your SIM will be deactivated in 2 hours. Call 9876543210 and confirm your Aadhaar number.,1
Refund of Rs 199 is ready. Share your UPI PIN to receive instantly.,1
Congratulations! You have won a reward of Rs 999. Share your bank details to claim now.,1
Happy Birthday! Wishing you a wonderful year ahead.,0
Thank you for your payment of Rs 499. Transaction ID: 784265.,0
"Rs 1500 debited from your account via UPI securepay@okicici. If not you, call customer care.",0
Your account balance is Rs 199. Thank you for banking with us.,0
Refund of Rs 5000 is ready. Share your UPI PIN to receive instantly.,1
Your cab is arriving in 5 minutes. Driver contact: 9812345678.,0
Your bank account will be blocked today. Verify immediately using this link: http://login-security-check.com,1
Congratulations! You have won a reward of Rs 799. Share your bank details to claim now.,1
Your account balance is Rs 7500. Thank you for banking with us.,0
"Rs 499 debited from your account via UPI refund@oksbi. If not you, call customer care.",0
Your electricity bill of Rs 5000 is due on 26-02-2026. Please pay on time.,0
Happy Birthday! Wishing you a wonderful year ahead.,0
Congratulations! You have won a reward of Rs 999. Share your bank details to claim now.,1
Your electricity bill of Rs 199 is due on 26-02-2026. Please pay on time.,0
"Dear customer, your UPI ID investfast@axl has been suspended. Click https://secure-upi-check.in to reactivate.",1
Congratulations! You have won a reward of Rs 999. Share your bank details to claim now.,1
"Dear user, suspicious login detected from a new device. Verify your password immediately using https://rbi-verify-safe.in.",1
Your OTP for login is 127739. Do not share this with anyone.,0
Your card ending 8089 has been temporarily locked. Call 9000012345 and share OTP to unlock.,1
You have an income tax refund pending. Fill this form at https://secure-upi-check.in to get your refund.,1
You have an income tax refund pending. Fill this form at http://login-security-check.com to get your refund.,1
Urgent: Your SIM will be deactivated in 2 hours. Call 9812345678 and confirm your Aadhaar number.,1
"Rs 5000 debited from your account via UPI offer@ybl. If not you, call customer care.",0
Your electricity bill of Rs 5000 is due on 27-02-2026. Please pay on time.,0
Your OTP for login is 377919. Do not share this with anyone.,0
Thank you for your payment of Rs 399. Transaction ID: 170341.,0
"Dear user, suspicious login detected from a new device. Verify your password immediately using https://reward-claim-now.com.",1
"Dear customer, your UPI ID investfast@axl has been suspended. Click http://login-security-check.com to reactivate.",1
Urgent: Your SIM will be deactivated in 2 hours. Call 9123456780 and confirm your Aadhaar number.,1
Reminder: Your appointment is scheduled for 18-02-2026 at 1:00 PM.,0
Your card ending 8744 has been temporarily locked. Call 9000012345 and share OTP to unlock.,1
Your bank account will be blocked today. Verify immediately using this link: https://rbi-verify-safe.in,1
Limited offer: Invest Rs 7500 today and get 3x returns in one month. Pay via UPI securepay@okicici.,1
Reminder: Your appointment is scheduled for 7-02-2026 at 1:15 PM.,0
Thank you for your payment of Rs 799. Transaction ID: 857032.,0
Your electricity bill of Rs 10000 is due on 23-02-2026. Please pay on time.,0
"Dear customer, your UPI ID bonus@ibl has been suspended. Click https://reward-claim-now.com to reactivate.",1
"Dear user, suspicious login detected from a new device. Verify your password immediately using https://secure-upi-check.in.",1
Your cab is arriving in 5 minutes. Driver contact: 9988776655.,0
Your bank account will be blocked today. Verify immediately using this link: https://secure-upi-check.in,1
Congratulations! You have won a reward of Rs 5000. Share your bank details to claim now.,1
Meeting confirmed at 5:15 PM today. Reply YES to confirm your presence.,0
You have an income tax refund pending. Fill this form at https://reward-claim-now.com to get your refund.,1
"Dear customer, your UPI ID securepay@okicici has been suspended. Click https://reward-claim-now.com to reactivate.",1
Congratulations! You have won a reward of Rs 199. Share your bank details to claim now.,1
Happy Birthday! Wishing you a wonderful year ahead.,0
Urgent: Your SIM will be deactivated in 2 hours. Call 9000012345 and confirm your Aadhaar number.,1
Meeting confirmed at 4:30 PM today. Reply YES to confirm your presence.,0
Urgent: Your SIM will be deactivated in 2 hours. Call 9812345678 and confirm your Aadhaar number.,1
"Dear user, suspicious login detected from a new device. Verify your password immediately using https://rbi-verify-safe.in.",1
Your OTP for login is 591101. Do not share this with anyone.,0
Your account balance is Rs 499. Thank you for banking with us.,0
Thank you for your payment of Rs 399. Transaction ID: 925806.,0
Important notice from RBI: Your KYC is pending. Complete it now at http://kyc-update-online.in or your account will be frozen.,1
Meeting confirmed at 9:00 PM today. Reply YES to confirm your presence.,0
Order #986066 has been shipped and will be delivered by tomorrow.,0
Limited offer: Invest Rs 999 today and get 3x returns in one month. Pay via UPI refund@oksbi.,1
Your account balance is Rs 199. Thank you for banking with us.,0
Limited offer: Invest Rs 999 today and get 3x returns in one month. Pay via UPI refund@oksbi.,1
Limited offer: Invest Rs 499 today and get 3x returns in one month. Pay via UPI refund@oksbi.,1
"Dear user, suspicious login detected from a new device. Verify your password immediately using http://verify-bank-secure.com.",1
Your bank account will be blocked today. Verify immediately using this link: http://verify-bank-secure.com,1
Congratulations! You have won a reward of Rs 999. Share your bank details to claim now.,1
Important notice from RBI: Your KYC is pending. Complete it now at http://login-security-check.com or your account will be frozen.,1
Your card ending 8046 has been temporarily locked. Call 9123456780 and share OTP to unlock.,1
Your card ending 7735 has been temporarily locked. Call 9000012345 and share OTP to unlock.,1
"Rs 5000 debited from your account via UPI offer@ybl. If not you, call customer care.",0
"Dear user, suspicious login detected from a new device. Verify your password immediately using https://reward-claim-now.com.",1
Order #825428 has been shipped and will be delivered by tomorrow.,0
Meeting confirmed at 7:30 PM today. Reply YES to confirm your presence.,0
Your cab is arriving in 5 minutes. Driver contact: 9876543210.,0
Important notice from RBI: Your KYC is pending. Complete it now at http://login-security-check.com or your account will be frozen.,1
Important notice from RBI: Your KYC is pending. Complete it now at https://secure-upi-check.in or your account will be frozen.,1
Refund of Rs 799 is ready. Share your UPI PIN to receive instantly.,1
Urgent: Your SIM will be deactivated in 2 hours. Call 9123456780 and confirm your Aadhaar number.,1
Limited offer: Invest Rs 999 today and get 3x returns in one month. Pay via UPI refund@oksbi.,1
Meeting confirmed at 11:30 PM today. Reply YES to confirm your presence.,0
Your account balance is Rs 10000. Thank you for banking with us.,0
Your electricity bill of Rs 499 is due on 24-02-2026. Please pay on time.,0
Meeting confirmed at 8:00 PM today. Reply YES to confirm your presence.,0
Reminder: Your appointment is scheduled for 13-02-2026 at 5:00 PM.,0
"Rs 499 debited from your account via UPI abc@upi. If not you, call customer care.",0
Your bank account will be blocked today. Verify immediately using this link: https://reward-claim-now.com,1
Your bank account will be blocked today. Verify immediately using this link: https://reward-claim-now.com,1
Limited offer: Invest Rs 999 today and get 3x returns in one month. Pay via UPI refund@oksbi.,1
You have an income tax refund pending. Fill this form at http://verify-bank-secure.com to get your refund.,1
Reminder: Your appointment is scheduled for 12-02-2026 at 4:15 PM.,0
Order #718831 has been shipped and will be delivered by tomorrow.,0
Your bank account will be blocked today. Verify immediately using this link: https://rbi-verify-safe.in,1
Urgent: Your SIM will be deactivated in 2 hours. Call 9123456780 and confirm your Aadhaar number.,1
You have an income tax refund pending. Fill this form at https://rbi-verify-safe.in to get your refund.,1
Your OTP for login is 712846. Do not share this with anyone.,0
You have an income tax refund pending. Fill this form at http://verify-bank-secure.com to get your refund.,1
Your account balance is Rs 399. Thank you for banking with us.,0
Your electricity bill of Rs 7500 is due on 8-02-2026. Please pay on time.,0
Happy Birthday! Wishing you a wonderful year ahead.,0
Your OTP for login is 795161. Do not share this with anyone.,0
"Dear customer, your UPI ID abc@upi has been suspended. Click http://kyc-update-online.in to reactivate.",1
You have an income tax refund pending. Fill this form at http://login-security-check.com to get your refund.,1
Order #147962 has been shipped and will be delivered by tomorrow.,0
Order #834878 has been shipped and will be delivered by tomorrow.,0
"Rs 499 debited from your account via UPI investfast@axl. If not you, call customer care.",0
"Rs 199 debited from your account via UPI securepay@okicici. If not you, call customer care.",0
Congratulations! You have won a reward of Rs 999. Share your bank details to claim now.,1
Order #648320 has been shipped and will be delivered by tomorrow.,0
Your OTP for login is 537878. Do not share this with anyone.,0
Your OTP for login is 468345. Do not share this with anyone.,0
Your account balance is Rs 5000. Thank you for banking with us.,0
Reminder: Your appointment is scheduled for 17-02-2026 at 7:15 PM.,0
Order #576577 has been shipped and will be delivered by tomorrow.,0
Refund of Rs 399 is ready. Share your UPI PIN to receive instantly.,1
Your cab is arriving in 5 minutes. Driver contact: 9876543210.,0
Thank you for your payment of Rs 7500. Transaction ID: 823500.,0
Your OTP for login is 223638. Do not share this with anyone.,0
You have an income tax refund pending. Fill this form at https://rbi-verify-safe.in to get your refund.,1
Your card ending 7830 has been temporarily locked. Call 9876543210 and share OTP to unlock.,1
Thank you for your payment of Rs 799. Transaction ID: 733133.,0
Important notice from RBI: Your KYC is pending. Complete it now at http://login-security-check.com or your account will be frozen.,1
Happy Birthday! Wishing you a wonderful year ahead.,0
Reminder: Your appointment is scheduled for 25-02-2026 at 4:30 PM.,0
You have an income tax refund pending. Fill this form at https://rbi-verify-safe.in to get your refund.,1
Thank you for your payment of Rs 199. Transaction ID: 965002.,0
Your electricity bill of Rs 799 is due on 21-02-2026. Please pay on time.,0
Your cab is arriving in 5 minutes. Driver contact: 9988776655.,0
Your bank account will be blocked today. Verify immediately using this link: https://reward-claim-now.com,1
Refund of Rs 799 is ready. Share your UPI PIN to receive instantly.,1
"Dear user, suspicious login detected from a new device. Verify your password immediately using https://reward-claim-now.com.",1
You have an income tax refund pending. Fill this form at https://rbi-verify-safe.in to get your refund.,1
Order #504169 has been shipped and will be delivered by tomorrow.,0
Your account balance is Rs 2500. Thank you for banking with us.,0
Your cab is arriving in 5 minutes. Driver contact: 9123456780.,0
Your card ending 3371 has been temporarily locked. Call 9000012345 and share OTP to unlock.,1
"Rs 999 debited from your account via UPI investfast@axl. If not you, call customer care.",0
Order #697109 has been shipped and will be delivered by tomorrow.,0
Your card ending 3259 has been temporarily locked. Call 9123456780 and share OTP to unlock.,1
Your cab is arriving in 5 minutes. Driver contact: 9123456780.,0
Limited offer: Invest Rs 5000 today and get 3x returns in one month. Pay via UPI abc@upi.,1
Limited offer: Invest Rs 199 today and get 3x returns in one month. Pay via UPI offer@ybl.,1
Your bank account will be blocked today. Verify immediately using this link: http://login-security-check.com,1
You have an income tax refund pending. Fill this form at https://reward-claim-now.com to get your refund.,1
Your card ending 9236 has been temporarily locked. Call 9812345678 and share OTP to unlock.,1
"Dear user, suspicious login detected from a new device. Verify your password immediately using https://rbi-verify-safe.in.",1
Happy Birthday! Wishing you a wonderful year ahead.,0
Happy Birthday! Wishing you a wonderful year ahead.,0
Limited offer: Invest Rs 5000 today and get 3x returns in one month. Pay via UPI offer@ybl.,1
Urgent: Your SIM will be deactivated in 2 hours. Call 9876543210 and confirm your Aadhaar number.,1
Reminder: Your appointment is scheduled for 21-02-2026 at 3:15 PM.,0
"Rs 499 debited from your account via UPI offer@ybl. If not you, call customer care.",0
Thank you for your payment of Rs 7500. Transaction ID: 261939.,0
Urgent: Your SIM will be deactivated in 2 hours. Call 9812345678 and confirm your Aadhaar number.,1
Your OTP for login is 943464. Do not share this with anyone.,0
Your electricity bill of Rs 799 is due on 18-02-2026. Please pay on time.,0
"Rs 999 debited from your account via UPI securepay@okicici. If not you, call customer care.",0
Meeting confirmed at 9:15 PM today. Reply YES to confirm your presence.,0
Your OTP for login is 209650. Do not share this with anyone.,0
Your bank account will be blocked today. Verify immediately using this link: https://rbi-verify-safe.in,1
Your electricity bill of Rs 199 is due on 6-02-2026. Please pay on time.,0
Happy Birthday! Wishing you a wonderful year ahead.,0
Your account balance is Rs 199. Thank you for banking with us.,0
Important notice from RBI: Your KYC is pending. Complete it now at http://verify-bank-secure.com or your account will be frozen.,1
Your cab is arriving in 5 minutes. Driver contact: 9876543210.,0
"Dear user, suspicious login detected from a new device. Verify your password immediately using http://kyc-update-online.in.",1
Important notice from RBI: Your KYC is pending. Complete it now at http://verify-bank-secure.com or your account will be frozen.,1
Urgent: Your SIM will be deactivated in 2 hours. Call 9812345678 and confirm your Aadhaar number.,1
You have an income tax refund pending. Fill this form at http://verify-bank-secure.com to get your refund.,1
"Dear user, suspicious login detected from a new device. Verify your password immediately using http://kyc-update-online.in.",1
Meeting confirmed at 9:15 PM today. Reply YES to confirm your presence.,0
Congratulations! You have won a reward of Rs 7500. Share your bank details to claim now.,1
Refund of Rs 199 is ready. Share your UPI PIN to receive instantly.,1
Your account balance is Rs 10000. Thank you for banking with us.,0
Your bank account will be blocked today. Verify immediately using this link: https://secure-upi-check.in,1
Your account balance is Rs 999. Thank you for banking with us.,0
"Dear user, suspicious login detected from a new device. Verify your password immediately using https://rbi-verify-safe.in.",1
You have an income tax refund pending. Fill this form at http://kyc-update-online.in to get your refund.,1
"Rs 799 debited from your account via UPI abc@upi. If not you, call customer care.",0
Meeting confirmed at 9:30 PM today. Reply YES to confirm your presence.,0
Your electricity bill of Rs 199 is due on 14-02-2026. Please pay on time.,0
Congratulations! You have won a reward of Rs 7500. Share your bank details to claim now.,1
"Dear customer, your UPI ID investfast@axl has been suspended. Click https://rbi-verify-safe.in to reactivate.",1
"Rs 2500 debited from your account via UPI abc@upi. If not you, call customer care.",0
Refund of Rs 7500 is ready. Share your UPI PIN to receive instantly.,1
Thank you for your payment of Rs 1500. Transaction ID: 290606.,0
You have an income tax refund pending. Fill this form at https://rbi-verify-safe.in to get your refund.,1
Meeting confirmed at 2:00 PM today. Reply YES to confirm your presence.,0
Your card ending 5159 has been temporarily locked. Call 9000012345 and share OTP to unlock.,1
Urgent: Your SIM will be deactivated in 2 hours. Call 9876543210 and confirm your Aadhaar number.,1
Your bank account will be blocked today. Verify immediately using this link: http://login-security-check.com,1
Your OTP for login is 805641. Do not share this with anyone.,0
Urgent: Your SIM will be deactivated in 2 hours. Call 9812345678 and confirm your Aadhaar number.,1
Happy Birthday! Wishing you a wonderful year ahead.,0
You have an income tax refund pending. Fill this form at https://rbi-verify-safe.in to get your refund.,1
Order #432277 has been shipped and will be delivered by tomorrow.,0
Thank you for your payment of Rs 499. Transaction ID: 200149.,0
Your bank account will be blocked today. Verify immediately using this link: https://rbi-verify-safe.in,1
Your account balance is Rs 10000. Thank you for banking with us.,0
Congratulations! You have won a reward of Rs 799. Share your bank details to claim now.,1
"Dear user, suspicious login detected from a new device. Verify your password immediately using https://secure-upi-check.in.",1
Your electricity bill of Rs 199 is due on 26-02-2026. Please pay on time.,0
"Dear user, suspicious login detected from a new device. Verify your password immediately using https://reward-claim-now.com.",1
Refund of Rs 799 is ready. Share your UPI PIN to receive instantly.,1
Happy Birthday! Wishing you a wonderful year ahead.,0
"Dear user, suspicious login detected from a new device. Verify your password immediately using https://secure-upi-check.in.",1
Your bank account will be blocked today. Verify immediately using this link: https://reward-claim-now.com,1
Limited offer: Invest Rs 499 today and get 3x returns in one month. Pay via UPI offer@ybl.,1
"Dear customer, your UPI ID bonus@ibl has been suspended. Click https://reward-claim-now.com to reactivate.",1
Your bank account will be blocked today. Verify immediately using this link: https://reward-claim-now.com,1
"Dear customer, your UPI ID bonus@ibl has been suspended. Click http://kyc-update-online.in to reactivate.",1
Your card ending 4766 has been temporarily locked. Call 9000012345 and share OTP to unlock.,1
Urgent: Your SIM will be deactivated in 2 hours. Call 9876543210 and confirm your Aadhaar number.,1
Happy Birthday! Wishing you a wonderful year ahead.,0
You have an income tax refund pending. Fill this form at http://kyc-update-online.in to get your refund.,1
Important notice from RBI: Your KYC is pending. Complete it now at https://secure-upi-check.in or your account will be frozen.,1
Congratulations! You have won a reward of Rs 999. Share your bank details to claim now.,1
Meeting confirmed at 9:15 PM today. Reply YES to confirm your presence.,0
Your bank account will be blocked today. Verify immediately using this link: http://verify-bank-secure.com,1
Urgent: Your SIM will be deactivated in 2 hours. Call 9000012345 and confirm your Aadhaar number.,1
"Dear user, suspicious login detected from a new device. Verify your password immediately using https://rbi-verify-safe.in.",1
Thank you for your payment of Rs 1500. Transaction ID: 822781.,0
Your bank account will be blocked today. Verify immediately using this link: https://secure-upi-check.in,1
Refund of Rs 1500 is ready. Share your UPI PIN to receive instantly.,1
Limited offer: Invest Rs 499 today and get 3x returns in one month. Pay via UPI refund@oksbi.,1
Important notice from RBI: Your KYC is pending. Complete it now at http://login-security-check.com or your account will be frozen.,1
Your card ending 2716 has been temporarily locked. Call 9000012345 and share OTP to unlock.,1
Your bank account will be blocked today. Verify immediately using this link: https://reward-claim-now.com,1
Your account balance is Rs 2500. Thank you for banking with us.,0
Thank you for your payment of Rs 399. Transaction ID: 276423.,0
Reminder: Your appointment is scheduled for 24-02-2026 at 12:45 PM.,0
You have an income tax refund pending. Fill this form at https://rbi-verify-safe.in to get your refund.,1
Refund of Rs 799 is ready. Share your UPI PIN to receive instantly.,1
"Rs 999 debited from your account via UPI offer@ybl. If not you, call customer care.",0
Your electricity bill of Rs 999 is due on 4-02-2026. Please pay on time.,0
Happy Birthday! Wishing you a wonderful year ahead.,0
Refund of Rs 499 is ready. Share your UPI PIN to receive instantly.,1
Your card ending 4569 has been temporarily locked. Call 9876543210 and share OTP to unlock.,1
Thank you for your payment of Rs 399. Transaction ID: 280690.,0
Your bank account will be blocked today. Verify immediately using this link: http://verify-bank-secure.com,1
Reminder: Your appointment is scheduled for 20-02-2026 at 12:30 PM.,0
Urgent: Your SIM will be deactivated in 2 hours. Call 9090909090 and confirm your Aadhaar number.,1
Your cab is arriving in 5 minutes. Driver contact: 9000012345.,0
Important notice from RBI: Your KYC is pending. Complete it now at http://login-security-check.com or your account will be frozen.,1
Order #759117 has been shipped and will be delivered by tomorrow.,0
"Dear customer, your UPI ID abc@upi has been suspended. Click http://login-security-check.com to reactivate.",1
Important notice from RBI: Your KYC is pending. Complete it now at http://kyc-update-online.in or your account will be frozen.,1
Thank you for your payment of Rs 999. Transaction ID: 662448.,0
"Dear customer, your UPI ID bonus@ibl has been suspended. Click https://rbi-verify-safe.in to reactivate.",1
Important notice from RBI: Your KYC is pending. Complete it now at http://login-security-check.com or your account will be frozen.,1
Thank you for your payment of Rs 999. Transaction ID: 151328.,0
Thank you for your payment of Rs 199. Transaction ID: 330734.,0
Order #417120 has been shipped and will be delivered by tomorrow.,0
Order #431589 has been shipped and will be delivered by tomorrow.,0
Your card ending 5621 has been temporarily locked. Call 9988776655 and share OTP to unlock.,1
You have an income tax refund pending. Fill this form at https://reward-claim-now.com to get your refund.,1
Your bank account will be blocked today. Verify immediately using this link: https://rbi-verify-safe.in,1
"Dear user, suspicious login detected from a new device. Verify your password immediately using https://reward-claim-now.com.",1
Important notice from RBI: Your KYC is pending. Complete it now at https://reward-claim-now.com or your account will be frozen.,1
Limited offer: Invest Rs 499 today and get 3x returns in one month. Pay via UPI refund@oksbi.,1
Meeting confirmed at 8:30 PM today. Reply YES to confirm your presence.,0
Important notice from RBI: Your KYC is pending. Complete it now at https://secure-upi-check.in or your account will be frozen.,1
Your cab is arriving in 5 minutes. Driver contact: 9812345678.,0
Congratulations! You have won a reward of Rs 499. Share your bank details to claim now.,1
"Dear user, suspicious login detected from a new device. Verify your password immediately using https://secure-upi-check.in.",1
Congratulations! You have won a reward of Rs 5000. Share your bank details to claim now.,1
Your electricity bill of Rs 5000 is due on 19-02-2026. Please pay on time.,0
Your electricity bill of Rs 7500 is due on 21-02-2026. Please pay on time.,0
Your cab is arriving in 5 minutes. Driver contact: 9090909090.,0
"Dear user, suspicious login detected from a new device. Verify your password immediately using https://rbi-verify-safe.in.",1
Limited offer: Invest Rs 10000 today and get 3x returns in one month. Pay via UPI abc@upi.,1
"Dear customer, your UPI ID abc@upi has been suspended. Click http://verify-bank-secure.com to reactivate.",1
"Dear customer, your UPI ID refund@oksbi has been suspended. Click http://verify-bank-secure.com to reactivate.",1
Happy Birthday! Wishing you a wonderful year ahead.,0
Your electricity bill of Rs 399 is due on 13-02-2026. Please pay on time.,0
Your card ending 3607 has been temporarily locked. Call 9988776655 and share OTP to unlock.,1
Limited offer: Invest Rs 7500 today and get 3x returns in one month. Pay via UPI securepay@okicici.,1
You have an income tax refund pending. Fill this form at http://verify-bank-secure.com to get your refund.,1
"Rs 999 debited from your account via UPI abc@upi. If not you, call customer care.",0
Congratulations! You have won a reward of Rs 1500. Share your bank details to claim now.,1
Your card ending 3980 has been temporarily locked. Call 9000012345 and share OTP to unlock.,1
Urgent: Your SIM will be deactivated in 2 hours. Call 9876543210 and confirm your Aadhaar number.,1
Meeting confirmed at 2:15 PM today. Reply YES to confirm your presence.,0
Reminder: Your appointment is scheduled for 17-02-2026 at 3:45 PM.,0
Your electricity bill of Rs 2500 is due on 8-02-2026. Please pay on time.,0
Your OTP for login is 588633. Do not share this with anyone.,0
Your OTP for login is 733282. Do not share this with anyone.,0
Thank you for your payment of Rs 399. Transaction ID: 452714.,0
Congratulations! You have won a reward of Rs 7500. Share your bank details to claim now.,1
Your account balance is Rs 7500. Thank you for banking with us.,0
"Rs 7500 debited from your account via UPI securepay@okicici. If not you, call customer care.",0
Your electricity bill of Rs 10000 is due on 10-02-2026. Please pay on time.,0
Limited offer: Invest Rs 799 today and get 3x returns in one month. Pay via UPI refund@oksbi.,1
Your electricity bill of Rs 999 is due on 13-02-2026. Please pay on time.,0
Happy Birthday! Wishing you a wonderful year ahead.,0
Urgent: Your SIM will be deactivated in 2 hours. Call 9123456780 and confirm your Aadhaar number.,1
Your electricity bill of Rs 999 is due on 5-02-2026. Please pay on time.,0
Limited offer: Invest Rs 7500 today and get 3x returns in one month. Pay via UPI investfast@axl.,1
Thank you for your payment of Rs 7500. Transaction ID: 232729.,0
You have an income tax refund pending. Fill this form at http://kyc-update-online.in to get your refund.,1
Your cab is arriving in 5 minutes. Driver contact: 9812345678.,0
Your cab is arriving in 5 minutes. Driver contact: 9988776655.,0
Thank you for your payment of Rs 10000. Transaction ID: 835368.,0
Important notice from RBI: Your KYC is pending. Complete it now at http://login-security-check.com or your account will be frozen.,1
Meeting confirmed at 5:15 PM today. Reply YES to confirm your presence.,0
You have an income tax refund pending. Fill this form at http://login-security-check.com to get your refund.,1
Reminder: Your appointment is scheduled for 1-02-2026 at 8:15 PM.,0
Reminder: Your appointment is scheduled for 14-02-2026 at 11:30 PM.,0
Your bank account will be blocked today. Verify immediately using this link: https://rbi-verify-safe.in,1
"Rs 10000 debited from your account via UPI refund@oksbi. If not you, call customer care.",0
Your account balance is Rs 499. Thank you for banking with us.,0
Important notice from RBI: Your KYC is pending. Complete it now at https://rbi-verify-safe.in or your account will be frozen.,1
Refund of Rs 199 is ready. Share your UPI PIN to receive instantly.,1
Meeting confirmed at 7:30 PM today. Reply YES to confirm your presence.,0
Your cab is arriving in 5 minutes. Driver contact: 9000012345.,0
Your bank account will be blocked today. Verify immediately using this link: http://login-security-check.com,1
"Dear user, suspicious login detected from a new device. Verify your password immediately using http://kyc-update-online.in.",1
Important notice from RBI: Your KYC is pending. Complete it now at http://kyc-update-online.in or your account will be frozen.,1
Meeting confirmed at 4:15 PM today. Reply YES to confirm your presence.,0
"Dear user, suspicious login detected from a new device. Verify your password immediately using https://rbi-verify-safe.in.",1
Happy Birthday! Wishing you a wonderful year ahead.,0
Thank you for your payment of Rs 1500. Transaction ID: 699286.,0
Congratulations! You have won a reward of Rs 399. Share your bank details to claim now.,1
Refund of Rs 799 is ready. Share your UPI PIN to receive instantly.,1
Your OTP for login is 918101. Do not share this with anyone.,0
Refund of Rs 2500 is ready. Share your UPI PIN to receive instantly.,1
Your cab is arriving in 5 minutes. Driver contact: 9000012345.,0
Your account balance is Rs 399. Thank you for banking with us.,0
Order #889090 has been shipped and will be delivered by tomorrow.,0
Order #514529 has been shipped and will be delivered by tomorrow.,0
Your card ending 2116 has been temporarily locked. Call 9876543210 and share OTP to unlock.,1
Urgent: Your SIM will be deactivated in 2 hours. Call 9812345678 and confirm your Aadhaar number.,1
Congratulations! You have won a reward of Rs 7500. Share your bank details to claim now.,1
Urgent: Your SIM will be deactivated in 2 hours. Call 9000012345 and confirm your Aadhaar number.,1
Your electricity bill of Rs 799 is due on 8-02-2026. Please pay on time.,0
Your cab is arriving in 5 minutes. Driver contact: 9000012345.,0
Limited offer: Invest Rs 1500 today and get 3x returns in one month. Pay via UPI securepay@okicici.,1
Your cab is arriving in 5 minutes. Driver contact: 9123456780.,0
Important notice from RBI: Your KYC is pending. Complete it now at https://secure-upi-check.in or your account will be frozen.,1
Refund of Rs 399 is ready. Share your UPI PIN to receive instantly.,1
"Rs 999 debited from your account via UPI offer@ybl. If not you, call customer care.",0
Your card ending 4490 has been temporarily locked. Call 9988776655 and share OTP to unlock.,1
Order #116337 has been shipped and will be delivered by tomorrow.,0
Urgent: Your SIM will be deactivated in 2 hours. Call 9090909090 and confirm your Aadhaar number.,1
You have an income tax refund pending. Fill this form at https://reward-claim-now.com to get your refund.,1
"Dear user, suspicious login detected from a new device. Verify your password immediately using https://reward-claim-now.com.",1
Your electricity bill of Rs 799 is due on 10-02-2026. Please pay on time.,0
"Dear customer, your UPI ID securepay@okicici has been suspended. Click http://login-security-check.com to reactivate.",1
Your electricity bill of Rs 7500 is due on 19-02-2026. Please pay on time.,0
Urgent: Your SIM will be deactivated in 2 hours. Call 9123456780 and confirm your Aadhaar number.,1
"Dear customer, your UPI ID investfast@axl has been suspended. Click http://verify-bank-secure.com to reactivate.",1
Your card ending 2502 has been temporarily locked. Call 9876543210 and share OTP to unlock.,1
Important notice from RBI: Your KYC is pending. Complete it now at https://rbi-verify-safe.in or your account will be frozen.,1
Reminder: Your appointment is scheduled for 3-02-2026 at 2:30 PM.,0
Refund of Rs 799 is ready. Share your UPI PIN to receive instantly.,1
Important notice from RBI: Your KYC is pending. Complete it now at http://kyc-update-online.in or your account will be frozen.,1
Your card ending 5988 has been temporarily locked. Call 9876543210 and share OTP to unlock.,1
Limited offer: Invest Rs 499 today and get 3x returns in one month. Pay via UPI investfast@axl.,1
You have an income tax refund pending. Fill this form at http://login-security-check.com to get your refund.,1
Important notice from RBI: Your KYC is pending. Complete it now at https://secure-upi-check.in or your account will be frozen.,1
"Rs 999 debited from your account via UPI investfast@axl. If not you, call customer care.",0
Refund of Rs 10000 is ready. Share your UPI PIN to receive instantly.,1
Thank you for your payment of Rs 5000. Transaction ID: 800862.,0
Refund of Rs 7500 is ready. Share your UPI PIN to receive instantly.,1
Your electricity bill of Rs 799 is due on 4-02-2026. Please pay on time.,0
Limited offer: Invest Rs 10000 today and get 3x returns in one month. Pay via UPI bonus@ibl.,1
Refund of Rs 999 is ready. Share your UPI PIN to receive instantly.,1
Your OTP for login is 401036. Do not share this with anyone.,0
You have an income tax refund pending. Fill this form at https://rbi-verify-safe.in to get your refund.,1
Your account balance is Rs 2500. Thank you for banking with us.,0
Happy Birthday! Wishing you a wonderful year ahead.,0
You have an income tax refund pending. Fill this form at https://rbi-verify-safe.in to get your refund.,1
"Dear user, suspicious login detected from a new device. Verify your password immediately using http://kyc-update-online.in.",1
Congratulations! You have won a reward of Rs 7500. Share your bank details to claim now.,1
You have an income tax refund pending. Fill this form at http://login-security-check.com to get your refund.,1
Your OTP for login is 617172. Do not share this with anyone.,0
Your card ending 2471 has been temporarily locked. Call 9000012345 and share OTP to unlock.,1
Thank you for your payment of Rs 799. Transaction ID: 575107.,0
Meeting confirmed at 12:45 PM today. Reply YES to confirm your presence.,0
Your electricity bill of Rs 199 is due on 3-02-2026. Please pay on time.,0
Your electricity bill of Rs 1500 is due on 6-02-2026. Please pay on time.,0
Order #743810 has been shipped and will be delivered by tomorrow.,0
"Dear user, suspicious login detected from a new device. Verify your password immediately using http://verify-bank-secure.com.",1
You have an income tax refund pending. Fill this form at http://kyc-update-online.in to get your refund.,1
Your bank account will be blocked today. Verify immediately using this link: http://login-security-check.com,1
Meeting confirmed at 2:00 PM today. Reply YES to confirm your presence.,0
Your card ending 7893 has been temporarily locked. Call 9090909090 and share OTP to unlock.,1
Your card ending 9401 has been temporarily locked. Call 9000012345 and share OTP to unlock.,1
Your OTP for login is 121600. Do not share this with anyone.,0
Your OTP for login is 332343. Do not share this with anyone.,0
Important notice from RBI: Your KYC is pending. Complete it now at http://verify-bank-secure.com or your account will be frozen.,1
You have an income tax refund pending. Fill this form at https://reward-claim-now.com to get your refund.,1
Your card ending 9393 has been temporarily locked. Call 9090909090 and share OTP to unlock.,1
Your electricity bill of Rs 5000 is due on 18-02-2026. Please pay on time.,0
Urgent: Your SIM will be deactivated in 2 hours. Call 9090909090 and confirm your Aadhaar number.,1
Reminder: Your appointment is scheduled for 2-02-2026 at 9:30 PM.,0
Your OTP for login is 749956. Do not share this with anyone.,0
"Dear user, suspicious login detected from a new device. Verify your password immediately using https://reward-claim-now.com.",1
"Rs 499 debited from your account via UPI bonus@ibl. If not you, call customer care.",0
Your electricity bill of Rs 999 is due on 25-02-2026. Please pay on time.,0
Limited offer: Invest Rs 799 today and get 3x returns in one month. Pay via UPI bonus@ibl.,1
Your account balance is Rs 199. Thank you for banking with us.,0
Limited offer: Invest Rs 7500 today and get 3x returns in one month. Pay via UPI abc@upi.,1
Limited offer: Invest Rs 199 today and get 3x returns in one month. Pay via UPI refund@oksbi.,1
Your OTP for login is 325194. Do not share this with anyone.,0
Important notice from RBI: Your KYC is pending. Complete it now at https://reward-claim-now.com or your account will be frozen.,1
Limited offer: Invest Rs 199 today and get 3x returns in one month. Pay via UPI bonus@ibl.,1
Reminder: Your appointment is scheduled for 9-02-2026 at 6:45 PM.,0
Your card ending 9441 has been temporarily locked. Call 9876543210 and share OTP to unlock.,1
Order #354640 has been shipped and will be delivered by tomorrow.,0
"Dear user, suspicious login detected from a new device. Verify your password immediately using https://rbi-verify-safe.in.",1
Your bank account will be blocked today. Verify immediately using this link: http://login-security-check.com,1
Important notice from RBI: Your KYC is pending. Complete it now at http://kyc-update-online.in or your account will be frozen.,1
Your electricity bill of Rs 5000 is due on 16-02-2026. Please pay on time.,0
Happy Birthday! Wishing you a wonderful year ahead.,0
Your OTP for login is 158259. Do not share this with anyone.,0
Your electricity bill of Rs 499 is due on 10-02-2026. Please pay on time.,0
Happy Birthday! Wishing you a wonderful year ahead.,0
Refund of Rs 999 is ready. Share your UPI PIN to receive instantly.,1
Your card ending 2696 has been temporarily locked. Call 9123456780 and share OTP to unlock.,1
"Dear customer, your UPI ID offer@ybl has been suspended. Click https://reward-claim-now.com to reactivate.",1
Important notice from RBI: Your KYC is pending. Complete it now at http://kyc-update-online.in or your account will be frozen.,1
Urgent: Your SIM will be deactivated in 2 hours. Call 9812345678 and confirm your Aadhaar number.,1
"Dear customer, your UPI ID offer@ybl has been suspended. Click https://rbi-verify-safe.in to reactivate.",1
You have an income tax refund pending. Fill this form at http://verify-bank-secure.com to get your refund.,1
Your account balance is Rs 1500. Thank you for banking with us.,0
Your account balance is Rs 2500. Thank you for banking with us.,0
Urgent: Your SIM will be deactivated in 2 hours. Call 9090909090 and confirm your Aadhaar number.,1
Meeting confirmed at 8:15 PM today. Reply YES to confirm your presence.,0
Your electricity bill of Rs 1500 is due on 5-02-2026. Please pay on time.,0
Refund of Rs 7500 is ready. Share your UPI PIN to receive instantly.,1
Urgent: Your SIM will be deactivated in 2 hours. Call 9090909090 and confirm your Aadhaar number.,1
Urgent: Your SIM will be deactivated in 2 hours. Call 9812345678 and confirm your Aadhaar number.,1
Refund of Rs 399 is ready. Share your UPI PIN to receive instantly.,1
Your card ending 6147 has been temporarily locked. Call 9090909090 and share OTP to unlock.,1
Your electricity bill of Rs 10000 is due on 9-02-2026. Please pay on time.,0
Refund of Rs 799 is ready. Share your UPI PIN to receive instantly.,1
You have an income tax refund pending. Fill this form at http://kyc-update-online.in to get your refund.,1
Meeting confirmed at 10:30 PM today. Reply YES to confirm your presence.,0
Your cab is arriving in 5 minutes. Driver contact: 9988776655.,0
Order #575964 has been shipped and will be delivered by tomorrow.,0
Your electricity bill of Rs 799 is due on 5-02-2026. Please pay on time.,0
Your OTP for login is 805578. Do not share this with anyone.,0
You have an income tax refund pending. Fill this form at http://login-security-check.com to get your refund.,1
Order #349555 has been shipped and will be delivered by tomorrow.,0
Thank you for your payment of Rs 10000. Transaction ID: 271878.,0
Urgent: Your SIM will be deactivated in 2 hours. Call 9123456780 and confirm your Aadhaar number.,1
Your account balance is Rs 499. Thank you for banking with us.,0
You have an income tax refund pending. Fill this form at http://kyc-update-online.in to get your refund.,1
Happy Birthday! Wishing you a wonderful year ahead.,0
Important notice from RBI: Your KYC is pending. Complete it now at http://kyc-update-online.in or your account will be frozen.,1
Thank you for your payment of Rs 999. Transaction ID: 577160.,0
Reminder: Your appointment is scheduled for 27-02-2026 at 9:45 PM.,0
Your account balance is Rs 499. Thank you for banking with us.,0
Limited offer: Invest Rs 499 today and get 3x returns in one month. Pay via UPI securepay@okicici.,1
Thank you for your payment of Rs 399. Transaction ID: 644383.,0
Your account balance is Rs 7500. Thank you for banking with us.,0
Meeting confirmed at 9:15 PM today. Reply YES to confirm your presence.,0
Your electricity bill of Rs 10000 is due on 28-02-2026. Please pay on time.,0
Your card ending 6986 has been temporarily locked. Call 9090909090 and share OTP to unlock.,1
Reminder: Your appointment is scheduled for 11-02-2026 at 4:45 PM.,0
Your bank account will be blocked today. Verify immediately using this link: http://kyc-update-online.in,1
Your bank account will be blocked today. Verify immediately using this link: https://rbi-verify-safe.in,1
You have an income tax refund pending. Fill this form at https://reward-claim-now.com to get your refund.,1
Important notice from RBI: Your KYC is pending. Complete it now at http://login-security-check.com or your account will be frozen.,1
Important notice from RBI: Your KYC is pending. Complete it now at http://login-security-check.com or your account will be frozen.,1
Meeting confirmed at 4:45 PM today. Reply YES to confirm your presence.,0
Limited offer: Invest Rs 2500 today and get 3x returns in one month. Pay via UPI offer@ybl.,1
Urgent: Your SIM will be deactivated in 2 hours. Call 9090909090 and confirm your Aadhaar number.,1
"Rs 1500 debited from your account via UPI investfast@axl. If not you, call customer care.",0
"Dear customer, your UPI ID securepay@okicici has been suspended. Click http://verify-bank-secure.com to reactivate.",1
"Dear customer, your UPI ID abc@upi has been suspended. Click https://rbi-verify-safe.in to reactivate.",1
Congratulations! You have won a reward of Rs 1500. Share your bank details to claim now.,1
You have an income tax refund pending. Fill this form at https://reward-claim-now.com to get your refund.,1
Order #652758 has been shipped and will be delivered by tomorrow.,0
Your cab is arriving in 5 minutes. Driver contact: 9876543210.,0
Thank you for your payment of Rs 999. Transaction ID: 636071.,0
Urgent: Your SIM will be deactivated in 2 hours. Call 9000012345 and confirm your Aadhaar number.,1
Congratulations! You have won a reward of Rs 199. Share your bank details to claim now.,1
Your cab is arriving in 5 minutes. Driver contact: 9123456780.,0
Refund of Rs 2500 is ready. Share your UPI PIN to receive instantly.,1
Congratulations! You have won a reward of Rs 5000. Share your bank details to claim now.,1
Your cab is arriving in 5 minutes. Driver contact: 9812345678.,0
"Dear customer, your UPI ID offer@ybl has been suspended. Click https://rbi-verify-safe.in to reactivate.",1
"Rs 5000 debited from your account via UPI securepay@okicici. If not you, call customer care.",0
Your bank account will be blocked today. Verify immediately using this link: http://login-security-check.com,1
Your bank account will be blocked today. Verify immediately using this link: http://login-security-check.com,1
Your OTP for login is 430847. Do not share this with anyone.,0
Happy Birthday! Wishing you a wonderful year ahead.,0
Meeting confirmed at 7:45 PM today. Reply YES to confirm your presence.,0
Refund of Rs 10000 is ready. Share your UPI PIN to receive instantly.,1
Your card ending 5556 has been temporarily locked. Call 9123456780 and share OTP to unlock.,1
Happy Birthday! Wishing you a wonderful year ahead.,0
Reminder: Your appointment is scheduled for 28-02-2026 at 9:00 PM.,0
You have an income tax refund pending. Fill this form at http://verify-bank-secure.com to get your refund.,1
Order #510139 has been shipped and will be delivered by tomorrow.,0
Reminder: Your appointment is scheduled for 7-02-2026 at 12:15 PM.,0
Refund of Rs 999 is ready. Share your UPI PIN to receive instantly.,1
Congratulations! You have won a reward of Rs 399. Share your bank details to claim now.,1
Reminder: Your appointment is scheduled for 28-02-2026 at 7:15 PM.,0
Your cab is arriving in 5 minutes. Driver contact: 9876543210.,0
Urgent: Your SIM will be deactivated in 2 hours. Call 9123456780 and confirm your Aadhaar number.,1
"Dear user, suspicious login detected from a new device. Verify your password immediately using https://rbi-verify-safe.in.",1
Your bank account will be blocked today. Verify immediately using this link: http://kyc-update-online.in,1
Thank you for your payment of Rs 999. Transaction ID: 797147.,0
Your account balance is Rs 1500. Thank you for banking with us.,0
Happy Birthday! Wishing you a wonderful year ahead.,0
Refund of Rs 5000 is ready. Share your UPI PIN to receive instantly.,1
"Rs 10000 debited from your account via UPI abc@upi. If not you, call customer care.",0
Your cab is arriving in 5 minutes. Driver contact: 9123456780.,0
Happy Birthday! Wishing you a wonderful year ahead.,0
Urgent: Your SIM will be deactivated in 2 hours. Call 9000012345 and confirm your Aadhaar number.,1
You have an income tax refund pending. Fill this form at https://secure-upi-check.in to get your refund.,1
Your card ending 4631 has been temporarily locked. Call 9988776655 and share OTP to unlock.,1
Meeting confirmed at 6:00 PM today. Reply YES to confirm your presence.,0
You have an income tax refund pending. Fill this form at https://rbi-verify-safe.in to get your refund.,1
Reminder: Your appointment is scheduled for 13-02-2026 at 5:30 PM.,0
Refund of Rs 799 is ready. Share your UPI PIN to receive instantly.,1
Order #398526 has been shipped and will be delivered by tomorrow.,0
Important notice from RBI: Your KYC is pending. Complete it now at https://reward-claim-now.com or your account will be frozen.,1
Meeting confirmed at 5:30 PM today. Reply YES to confirm your presence.,0
Your account balance is Rs 799. Thank you for banking with us.,0
Your OTP for login is 359647. Do not share this with anyone.,0
Order #485805 has been shipped and will be delivered by tomorrow.,0
Important notice from RBI: Your KYC is pending. Complete it now at http://kyc-update-online.in or your account will be frozen.,1
Meeting confirmed at 9:00 PM today. Reply YES to confirm your presence.,0
Urgent: Your SIM will be deactivated in 2 hours. Call 9988776655 and confirm your Aadhaar number.,1
Urgent: Your SIM will be deactivated in 2 hours. Call 9876543210 and confirm your Aadhaar number.,1
"Dear customer, your UPI ID refund@oksbi has been suspended. Click http://kyc-update-online.in to reactivate.",1
Meeting confirmed at 6:00 PM today. Reply YES to confirm your presence.,0
Your electricity bill of Rs 7500 is due on 13-02-2026. Please pay on time.,0
Congratulations! You have won a reward of Rs 2500. Share your bank details to claim now.,1
Important notice from RBI: Your KYC is pending. Complete it now at http://login-security-check.com or your account will be frozen.,1
Your account balance is Rs 1500. Thank you for banking with us.,0
Thank you for your payment of Rs 5000. Transaction ID: 787393.,0
"Rs 2500 debited from your account via UPI abc@upi. If not you, call customer care.",0
"Dear customer, your UPI ID abc@upi has been suspended. Click http://kyc-update-online.in to reactivate.",1
Your OTP for login is 767400. Do not share this with anyone.,0
Your OTP for login is 201481. Do not share this with anyone.,0
Your account balance is Rs 2500. Thank you for banking with us.,0
Your OTP for login is 688785. Do not share this with anyone.,0
Your OTP for login is 303938. Do not share this with anyone.,0
"Dear user, suspicious login detected from a new device. Verify your password immediately using https://secure-upi-check.in.",1
Reminder: Your appointment is scheduled for 24-02-2026 at 2:45 PM.,0
"Dear user, suspicious login detected from a new device. Verify your password immediately using http://login-security-check.com.",1
Your bank account will be blocked today. Verify immediately using this link: https://secure-upi-check.in,1
Meeting confirmed at 2:00 PM today. Reply YES to confirm your presence.,0
"Dear user, suspicious login detected from a new device. Verify your password immediately using https://reward-claim-now.com.",1
Thank you for your payment of Rs 10000. Transaction ID: 249283.,0
"Dear customer, your UPI ID refund@oksbi has been suspended. Click https://reward-claim-now.com to reactivate.",1
Reminder: Your appointment is scheduled for 7-02-2026 at 6:00 PM.,0
Limited offer: Invest Rs 199 today and get 3x returns in one month. Pay via UPI investfast@axl.,1
Reminder: Your appointment is scheduled for 4-02-2026 at 10:00 PM.,0
Your cab is arriving in 5 minutes. Driver contact: 9000012345.,0
"Dear customer, your UPI ID offer@ybl has been suspended. Click https://reward-claim-now.com to reactivate.",1
"Rs 799 debited from your account via UPI abc@upi. If not you, call customer care.",0
Urgent: Your SIM will be deactivated in 2 hours. Call 9876543210 and confirm your Aadhaar number.,1
Your OTP for login is 570901. Do not share this with anyone.,0
Your cab is arriving in 5 minutes. Driver contact: 9876543210.,0
Happy Birthday! Wishing you a wonderful year ahead.,0
Your card ending 6404 has been temporarily locked. Call 9988776655 and share OTP to unlock.,1
Your electricity bill of Rs 1500 is due on 13-02-2026. Please pay on time.,0
Your OTP for login is 677051. Do not share this with anyone.,0
Your bank account will be blocked today. Verify immediately using this link: https://reward-claim-now.com,1
"Dear customer, your UPI ID securepay@okicici has been suspended. Click https://reward-claim-now.com to reactivate.",1
Your electricity bill of Rs 7500 is due on 28-02-2026. Please pay on time.,0
Your electricity bill of Rs 7500 is due on 26-02-2026. Please pay on time.,0
Your card ending 5702 has been temporarily locked. Call 9988776655 and share OTP to unlock.,1
"Rs 799 debited from your account via UPI securepay@okicici. If not you, call customer care.",0
Meeting confirmed at 10:30 PM today. Reply YES to confirm your presence.,0
Your account balance is Rs 7500. Thank you for banking with us.,0
Limited offer: Invest Rs 10000 today and get 3x returns in one month. Pay via UPI abc@upi.,1
Happy Birthday! Wishing you a wonderful year ahead.,0
Urgent: Your SIM will be deactivated in 2 hours. Call 9812345678 and confirm your Aadhaar number.,1
Meeting confirmed at 6:30 PM today. Reply YES to confirm your presence.,0
Your bank account will be blocked today. Verify immediately using this link: https://rbi-verify-safe.in,1
Happy Birthday! Wishing you a wonderful year ahead.,0
You have an income tax refund pending. Fill this form at http://login-security-check.com to get your refund.,1
Your bank account will be blocked today. Verify immediately using this link: http://login-security-check.com,1
Congratulations! You have won a reward of Rs 2500. Share your bank details to claim now.,1
You have an income tax refund pending. Fill this form at https://secure-upi-check.in to get your refund.,1
Your card ending 3740 has been temporarily locked. Call 9090909090 and share OTP to unlock.,1
Limited offer: Invest Rs 799 today and get 3x returns in one month. Pay via UPI abc@upi.,1
Your electricity bill of Rs 1500 is due on 21-02-2026. Please pay on time.,0
Order #526005 has been shipped and will be delivered by tomorrow.,0
You have an income tax refund pending. Fill this form at http://login-security-check.com to get your refund.,1
Meeting confirmed at 11:00 PM today. Reply YES to confirm your presence.,0
Your cab is arriving in 5 minutes. Driver contact: 9876543210.,0
Congratulations! You have won a reward of Rs 799. Share your bank details to claim now.,1
Your account balance is Rs 5000. Thank you for banking with us.,0
Important notice from RBI: Your KYC is pending. Complete it now at https://reward-claim-now.com or your account will be frozen.,1
"Dear user, suspicious login detected from a new device. Verify your password immediately using http://verify-bank-secure.com.",1
Reminder: Your appointment is scheduled for 17-02-2026 at 6:00 PM.,0
Your electricity bill of Rs 2500 is due on 10-02-2026. Please pay on time.,0
Your bank account will be blocked today. Verify immediately using this link: http://verify-bank-secure.com,1
Your account balance is Rs 5000. Thank you for banking with us.,0
Your account balance is Rs 1500. Thank you for banking with us.,0
"Rs 5000 debited from your account via UPI investfast@axl. If not you, call customer care.",0
Important notice from RBI: Your KYC is pending. Complete it now at http://kyc-update-online.in or your account will be frozen.,1
Your OTP for login is 790712. Do not share this with anyone.,0
"Rs 199 debited from your account via UPI abc@upi. If not you, call customer care.",0
Important notice from RBI: Your KYC is pending. Complete it now at http://login-security-check.com or your account will be frozen.,1
Your OTP for login is 782369. Do not share this with anyone.,0
"Dear customer, your UPI ID investfast@axl has been suspended. Click https://reward-claim-now.com to reactivate.",1
Your bank account will be blocked today. Verify immediately using this link: http://kyc-update-online.in,1
Your card ending 4037 has been temporarily locked. Call 9090909090 and share OTP to unlock.,1
Your account balance is Rs 399. Thank you for banking with us.,0
Happy Birthday! Wishing you a wonderful year ahead.,0
Happy Birthday! Wishing you a wonderful year ahead.,0
"Rs 799 debited from your account via UPI refund@oksbi. If not you, call customer care.",0
Your cab is arriving in 5 minutes. Driver contact: 9812345678.,0
Meeting confirmed at 12:00 PM today. Reply YES to confirm your presence.,0
Your account balance is Rs 499. Thank you for banking with us.,0
You have an income tax refund pending. Fill this form at http://verify-bank-secure.com to get your refund.,1
You have an income tax refund pending. Fill this form at https://reward-claim-now.com to get your refund.,1
Reminder: Your appointment is scheduled for 16-02-2026 at 5:15 PM.,0
"Rs 399 debited from your account via UPI abc@upi. If not you, call customer care.",0
You have an income tax refund pending. Fill this form at http://login-security-check.com to get your refund.,1
Reminder: Your appointment is scheduled for 19-02-2026 at 2:00 PM.,0
Congratulations! You have won a reward of Rs 10000. Share your bank details to claim now.,1
Your cab is arriving in 5 minutes. Driver contact: 9090909090.,0
Important notice from RBI: Your KYC is pending. Complete it now at http://verify-bank-secure.com or your account will be frozen.,1
Your OTP for login is 464883. Do not share this with anyone.,0
You have an income tax refund pending. Fill this form at https://reward-claim-now.com to get your refund.,1
Congratulations! You have won a reward of Rs 199. Share your bank details to claim now.,1
You have an income tax refund pending. Fill this form at https://rbi-verify-safe.in to get your refund.,1
Urgent: Your SIM will be deactivated in 2 hours. Call 9123456780 and confirm your Aadhaar number.,1
"Dear user, suspicious login detected from a new device. Verify your password immediately using https://reward-claim-now.com.",1
Congratulations! You have won a reward of Rs 799. Share your bank details to claim now.,1
Limited offer: Invest Rs 499 today and get 3x returns in one month. Pay via UPI investfast@axl.,1
You have an income tax refund pending. Fill this form at https://reward-claim-now.com to get your refund.,1
"Rs 1500 debited from your account via UPI securepay@okicici. If not you, call customer care.",0
Your cab is arriving in 5 minutes. Driver contact: 9812345678.,0
Your cab is arriving in 5 minutes. Driver contact: 9876543210.,0
Your card ending 3428 has been temporarily locked. Call 9812345678 and share OTP to unlock.,1
Your electricity bill of Rs 999 is due on 3-02-2026. Please pay on time.,0
Your card ending 8895 has been temporarily locked. Call 9988776655 and share OTP to unlock.,1
Your card ending 7507 has been temporarily locked. Call 9123456780 and share OTP to unlock.,1
You have an income tax refund pending. Fill this form at https://secure-upi-check.in to get your refund.,1
Your cab is arriving in 5 minutes. Driver contact: 9000012345.,0
"Rs 999 debited from your account via UPI offer@ybl. If not you, call customer care.",0
Your OTP for login is 817826. Do not share this with anyone.,0
Congratulations! You have won a reward of Rs 499. Share your bank details to claim now.,1
Order #295444 has been shipped and will be delivered by tomorrow.,0
Your cab is arriving in 5 minutes. Driver contact: 9090909090.,0
Your bank account will be blocked today. Verify immediately using this link: http://verify-bank-secure.com,1
Order #285160 has been shipped and will be delivered by tomorrow.,0
Order #838057 has been shipped and will be delivered by tomorrow.,0
Your card ending 4940 has been temporarily locked. Call 9988776655 and share OTP to unlock.,1
Limited offer: Invest Rs 499 today and get 3x returns in one month. Pay via UPI offer@ybl.,1
Order #817385 has been shipped and will be delivered by tomorrow.,0
Refund of Rs 799 is ready. Share your UPI PIN to receive instantly.,1
Your electricity bill of Rs 799 is due on 14-02-2026. Please pay on time.,0
Your bank account will be blocked today. Verify immediately using this link: http://kyc-update-online.in,1
Congratulations! You have won a reward of Rs 10000. Share your bank details to claim now.,1
Your OTP for login is 460557. Do not share this with anyone.,0
Your card ending 5709 has been temporarily locked. Call 9988776655 and share OTP to unlock.,1
Your electricity bill of Rs 499 is due on 14-02-2026. Please pay on time.,0
Your account balance is Rs 499. Thank you for banking with us.,0
Reminder: Your appointment is scheduled for 9-02-2026 at 8:45 PM.,0
Happy Birthday! Wishing you a wonderful year ahead.,0
"Dear user, suspicious login detected from a new device. Verify your password immediately using https://secure-upi-check.in.",1
Meeting confirmed at 12:45 PM today. Reply YES to confirm your presence.,0
Your electricity bill of Rs 1500 is due on 8-02-2026. Please pay on time.,0
Urgent: Your SIM will be deactivated in 2 hours. Call 9988776655 and confirm your Aadhaar number.,1
You have an income tax refund pending. Fill this form at https://secure-upi-check.in to get your refund.,1
Your bank account will be blocked today. Verify immediately using this link: http://kyc-update-online.in,1
Your cab is arriving in 5 minutes. Driver contact: 9000012345.,0
Happy Birthday! Wishing you a wonderful year ahead.,0
Meeting confirmed at 7:45 PM today. Reply YES to confirm your presence.,0
Your electricity bill of Rs 2500 is due on 5-02-2026. Please pay on time.,0
Your bank account will be blocked today. Verify immediately using this link: https://secure-upi-check.in,1
Your OTP for login is 526135. Do not share this with anyone.,0
"Dear customer, your UPI ID securepay@okicici has been suspended. Click http://login-security-check.com to reactivate.",1
Happy Birthday! Wishing you a wonderful year ahead.,0
Urgent: Your SIM will be deactivated in 2 hours. Call 9000012345 and confirm your Aadhaar number.,1
Your OTP for login is 519448. Do not share this with anyone.,0
"Rs 999 debited from your account via UPI securepay@okicici. If not you, call customer care.",0
Congratulations! You have won a reward of Rs 499. Share your bank details to claim now.,1
Order #453580 has been shipped and will be delivered by tomorrow.,0
Refund of Rs 199 is ready. Share your UPI PIN to receive instantly.,1
Refund of Rs 199 is ready. Share your UPI PIN to receive instantly.,1
Congratulations! You have won a reward of Rs 2500. Share your bank details to claim now.,1
Important notice from RBI: Your KYC is pending. Complete it now at https://reward-claim-now.com or your account will be frozen.,1
Thank you for your payment of Rs 199. Transaction ID: 868524.,0
Your OTP for login is 629583. Do not share this with anyone.,0
Limited offer: Invest Rs 1500 today and get 3x returns in one month. Pay via UPI securepay@okicici.,1
Your cab is arriving in 5 minutes. Driver contact: 9123456780.,0
Important notice from RBI: Your KYC is pending. Complete it now at http://kyc-update-online.in or your account will be frozen.,1
Your bank account will be blocked today. Verify immediately using this link: http://login-security-check.com,1
Your electricity bill of Rs 1500 is due on 12-02-2026. Please pay on time.,0
You have an income tax refund pending. Fill this form at https://rbi-verify-safe.in to get your refund.,1
Thank you for your payment of Rs 999. Transaction ID: 294135.,0
Your account balance is Rs 799. Thank you for banking with us.,0
Meeting confirmed at 10:15 PM today. Reply YES to confirm your presence.,0
Limited offer: Invest Rs 10000 today and get 3x returns in one month. Pay via UPI refund@oksbi.,1
Your OTP for login is 615175. Do not share this with anyone.,0
Order #753866 has been shipped and will be delivered by tomorrow.,0
"Dear user, suspicious login detected from a new device. Verify your password immediately using http://login-security-check.com.",1
Refund of Rs 5000 is ready. Share your UPI PIN to receive instantly.,1
Your OTP for login is 218905. Do not share this with anyone.,0
"Rs 499 debited from your account via UPI offer@ybl. If not you, call customer care.",0
Congratulations! You have won a reward of Rs 399. Share your bank details to claim now.,1
Important notice from RBI: Your KYC is pending. Complete it now at https://rbi-verify-safe.in or your account will be frozen.,1
Order #339086 has been shipped and will be delivered by tomorrow.,0
Refund of Rs 399 is ready. Share your UPI PIN to receive instantly.,1
Your card ending 8931 has been temporarily locked. Call 9090909090 and share OTP to unlock.,1
Important notice from RBI: Your KYC is pending. Complete it now at http://kyc-update-online.in or your account will be frozen.,1
"Dear customer, your UPI ID abc@upi has been suspended. Click http://verify-bank-secure.com to reactivate.",1
Your account balance is Rs 199. Thank you for banking with us.,0
Meeting confirmed at 6:15 PM today. Reply YES to confirm your presence.,0
"Rs 5000 debited from your account via UPI abc@upi. If not you, call customer care.",0
Congratulations! You have won a reward of Rs 199. Share your bank details to claim now.,1
Happy Birthday! Wishing you a wonderful year ahead.,0
"Dear customer, your UPI ID securepay@okicici has been suspended. Click http://kyc-update-online.in to reactivate.",1
Reminder: Your appointment is scheduled for 16-02-2026 at 8:15 PM.,0
Limited offer: Invest Rs 199 today and get 3x returns in one month. Pay via UPI offer@ybl.,1
Your cab is arriving in 5 minutes. Driver contact: 9123456780.,0
Thank you for your payment of Rs 199. Transaction ID: 949753.,0
Meeting confirmed at 10:15 PM today. Reply YES to confirm your presence.,0
Your electricity bill of Rs 799 is due on 15-02-2026. Please pay on time.,0
Thank you for your payment of Rs 2500. Transaction ID: 955924.,0
Important notice from RBI: Your KYC is pending. Complete it now at https://rbi-verify-safe.in or your account will be frozen.,1
"Rs 1500 debited from your account via UPI securepay@okicici. If not you, call customer care.",0
Reminder: Your appointment is scheduled for 12-02-2026 at 8:15 PM.,0
Your electricity bill of Rs 10000 is due on 1-02-2026. Please pay on time.,0
You have an income tax refund pending. Fill this form at http://kyc-update-online.in to get your refund.,1
Your electricity bill of Rs 499 is due on 10-02-2026. Please pay on time.,0
Urgent: Your SIM will be deactivated in 2 hours. Call 9988776655 and confirm your Aadhaar number.,1
Your OTP for login is 881328. Do not share this with anyone.,0
"Rs 1500 debited from your account via UPI securepay@okicici. If not you, call customer care.",0
Your account balance is Rs 7500. Thank you for banking with us.,0
Your bank account will be blocked today. Verify immediately using this link: https://secure-upi-check.in,1
Meeting confirmed at 10:45 PM today. Reply YES to confirm your presence.,0
"Dear customer, your UPI ID securepay@okicici has been suspended. Click http://login-security-check.com to reactivate.",1
Your account balance is Rs 999. Thank you for banking with us.,0
"Dear user, suspicious login detected from a new device. Verify your password immediately using https://reward-claim-now.com.",1
Your OTP for login is 553586. Do not share this with anyone.,0
Your cab is arriving in 5 minutes. Driver contact: 9090909090.,0
Your OTP for login is 457940. Do not share this with anyone.,0
Your bank account will be blocked today. Verify immediately using this link: https://reward-claim-now.com,1
Your electricity bill of Rs 499 is due on 13-02-2026. Please pay on time.,0
"Rs 499 debited from your account via UPI bonus@ibl. If not you, call customer care.",0
Happy Birthday! Wishing you a wonderful year ahead.,0
Important notice from RBI: Your KYC is pending. Complete it now at https://rbi-verify-safe.in or your account will be frozen.,1
Your bank account will be blocked today. Verify immediately using this link: https://secure-upi-check.in,1
Your bank account will be blocked today. Verify immediately using this link: https://rbi-verify-safe.in,1
Happy Birthday! Wishing you a wonderful year ahead.,0
Your card ending 1472 has been temporarily locked. Call 9988776655 and share OTP to unlock.,1
Thank you for your payment of Rs 199. Transaction ID: 373887.,0
Your bank account will be blocked today. Verify immediately using this link: http://kyc-update-online.in,1
Urgent: Your SIM will be deactivated in 2 hours. Call 9090909090 and confirm your Aadhaar number.,1
"Dear user, suspicious login detected from a new device. Verify your password immediately using http://verify-bank-secure.com.",1
Your cab is arriving in 5 minutes. Driver contact: 9988776655.,0
Your bank account will be blocked today. Verify immediately using this link: http://kyc-update-online.in,1
Your bank account will be blocked today. Verify immediately using this link: http://login-security-check.com,1
Thank you for your payment of Rs 1500. Transaction ID: 290246.,0
Urgent: Your SIM will be deactivated in 2 hours. Call 9812345678 and confirm your Aadhaar number.,1
Urgent: Your SIM will be deactivated in 2 hours. Call 9090909090 and confirm your Aadhaar number.,1
Thank you for your payment of Rs 999. Transaction ID: 280703.,0
Your cab is arriving in 5 minutes. Driver contact: 9123456780.,0
You have an income tax refund pending. Fill this form at http://login-security-check.com to get your refund.,1
Order #222868 has been shipped and will be delivered by tomorrow.,0
Urgent: Your SIM will be deactivated in 2 hours. Call 9876543210 and confirm your Aadhaar number.,1
Limited offer: Invest Rs 199 today and get 3x returns in one month. Pay via UPI offer@ybl.,1
Happy Birthday! Wishing you a wonderful year ahead.,0
Urgent: Your SIM will be deactivated in 2 hours. Call 9812345678 and confirm your Aadhaar number.,1
Refund of Rs 2500 is ready. Share your UPI PIN to receive instantly.,1
Thank you for your payment of Rs 399. Transaction ID: 441661.,0
Your card ending 4184 has been temporarily locked. Call 9000012345 and share OTP to unlock.,1
You have an income tax refund pending. Fill this form at https://secure-upi-check.in to get your refund.,1
Your account balance is Rs 5000. Thank you for banking with us.,0
Your cab is arriving in 5 minutes. Driver contact: 9000012345.,0
Urgent: Your SIM will be deactivated in 2 hours. Call 9812345678 and confirm your Aadhaar number.,1
Meeting confirmed at 4:00 PM today. Reply YES to confirm your presence.,0
Reminder: Your appointment is scheduled for 2-02-2026 at 3:45 PM.,0
Congratulations! You have won a reward of Rs 499. Share your bank details to claim now.,1
Important notice from RBI: Your KYC is pending. Complete it now at http://kyc-update-online.in or your account will be frozen.,1
Thank you for your payment of Rs 2500. Transaction ID: 112177.,0
Happy Birthday! Wishing you a wonderful year ahead.,0
Reminder: Your appointment is scheduled for 26-02-2026 at 8:00 PM.,0
Important notice from RBI: Your KYC is pending. Complete it now at http://kyc-update-online.in or your account will be frozen.,1
Your account balance is Rs 799. Thank you for banking with us.,0
Your OTP for login is 809666. Do not share this with anyone.,0
Happy Birthday! Wishing you a wonderful year ahead.,0
Your account balance is Rs 999. Thank you for banking with us.,0
Thank you for your payment of Rs 10000. Transaction ID: 692228.,0
Urgent: Your SIM will be deactivated in 2 hours. Call 9000012345 and confirm your Aadhaar number.,1
Your electricity bill of Rs 5000 is due on 5-02-2026. Please pay on time.,0
Urgent: Your SIM will be deactivated in 2 hours. Call 9090909090 and confirm your Aadhaar number.,1
Happy Birthday! Wishing you a wonderful year ahead.,0
Your OTP for login is 969309. Do not share this with anyone.,0
Refund of Rs 799 is ready. Share your UPI PIN to receive instantly.,1
"Dear user, suspicious login detected from a new device. Verify your password immediately using http://login-security-check.com.",1
"Dear customer, your UPI ID abc@upi has been suspended. Click http://login-security-check.com to reactivate.",1
Your card ending 7406 has been temporarily locked. Call 9123456780 and share OTP to unlock.,1
"Dear customer, your UPI ID refund@oksbi has been suspended. Click http://kyc-update-online.in to reactivate.",1
Urgent: Your SIM will be deactivated in 2 hours. Call 9876543210 and confirm your Aadhaar number.,1
"Rs 199 debited from your account via UPI bonus@ibl. If not you, call customer care.",0
Your cab is arriving in 5 minutes. Driver contact: 9123456780.,0
Urgent: Your SIM will be deactivated in 2 hours. Call 9812345678 and confirm your Aadhaar number.,1
Your card ending 2226 has been temporarily locked. Call 9000012345 and share OTP to unlock.,1
Meeting confirmed at 10:45 PM today. Reply YES to confirm your presence.,0
"Dear customer, your UPI ID investfast@axl has been suspended. Click http://login-security-check.com to reactivate.",1
You have an income tax refund pending. Fill this form at http://verify-bank-secure.com to get your refund.,1
Your OTP for login is 926905. Do not share this with anyone.,0
Happy Birthday! Wishing you a wonderful year ahead.,0
Your OTP for login is 564367. Do not share this with anyone.,0
"Dear user, suspicious login detected from a new device. Verify your password immediately using http://login-security-check.com.",1
Happy Birthday! Wishing you a wonderful year ahead.,0
Your bank account will be blocked today. Verify immediately using this link: https://reward-claim-now.com,1
Your cab is arriving in 5 minutes. Driver contact: 9123456780.,0
Thank you for your payment of Rs 199. Transaction ID: 145093.,0
Reminder: Your appointment is scheduled for 11-02-2026 at 6:00 PM.,0
Thank you for your payment of Rs 1500. Transaction ID: 881693.,0
Urgent: Your SIM will be deactivated in 2 hours. Call 9090909090 and confirm your Aadhaar number.,1
Your electricity bill of Rs 199 is due on 25-02-2026. Please pay on time.,0
Limited offer: Invest Rs 7500 today and get 3x returns in one month. Pay via UPI offer@ybl.,1
Refund of Rs 799 is ready. Share your UPI PIN to receive instantly.,1
Refund of Rs 7500 is ready. Share your UPI PIN to receive instantly.,1
Limited offer: Invest Rs 1500 today and get 3x returns in one month. Pay via UPI abc@upi.,1
Congratulations! You have won a reward of Rs 999. Share your bank details to claim now.,1
Limited offer: Invest Rs 2500 today and get 3x returns in one month. Pay via UPI investfast@axl.,1
Order #561363 has been shipped and will be delivered by tomorrow.,0
Your bank account will be blocked today. Verify immediately using this link: https://reward-claim-now.com,1
"Dear customer, your UPI ID investfast@axl has been suspended. Click http://login-security-check.com to reactivate.",1
Your bank account will be blocked today. Verify immediately using this link: https://reward-claim-now.com,1
Your OTP for login is 377303. Do not share this with anyone.,0
Refund of Rs 999 is ready. Share your UPI PIN to receive instantly.,1
Congratulations! You have won a reward of Rs 399. Share your bank details to claim now.,1
Meeting confirmed at 1:15 PM today. Reply YES to confirm your presence.,0
"Dear customer, your UPI ID refund@oksbi has been suspended. Click https://reward-claim-now.com to reactivate.",1
Your account balance is Rs 2500. Thank you for banking with us.,0
Your OTP for login is 212415. Do not share this with anyone.,0
Order #444151 has been shipped and will be delivered by tomorrow.,0
Meeting confirmed at 12:30 PM today. Reply YES to confirm your presence.,0
Your account balance is Rs 10000. Thank you for banking with us.,0
"Dear user, suspicious login detected from a new device. Verify your password immediately using http://login-security-check.com.",1
"Rs 999 debited from your account via UPI abc@upi. If not you, call customer care.",0
Reminder: Your appointment is scheduled for 1-02-2026 at 8:15 PM.,0
Your electricity bill of Rs 799 is due on 2-02-2026. Please pay on time.,0
Meeting confirmed at 2:30 PM today. Reply YES to confirm your presence.,0
Your OTP for login is 408612. Do not share this with anyone.,0
Meeting confirmed at 6:00 PM today. Reply YES to confirm your presence.,0
Reminder: Your appointment is scheduled for 21-02-2026 at 6:45 PM.,0
Meeting confirmed at 6:15 PM today. Reply YES to confirm your presence.,0
Refund of Rs 799 is ready. Share your UPI PIN to receive instantly.,1
Urgent: Your SIM will be deactivated in 2 hours. Call 9090909090 and confirm your Aadhaar number.,1
Order #226229 has been shipped and will be delivered by tomorrow.,0
Reminder: Your appointment is scheduled for 11-02-2026 at 4:00 PM.,0
Limited offer: Invest Rs 2500 today and get 3x returns in one month. Pay via UPI securepay@okicici.,1
Your electricity bill of Rs 399 is due on 3-02-2026. Please pay on time.,0
Order #680348 has been shipped and will be delivered by tomorrow.,0
"Dear customer, your UPI ID refund@oksbi has been suspended. Click https://secure-upi-check.in to reactivate.",1
Thank you for your payment of Rs 5000. Transaction ID: 244121.,0
Limited offer: Invest Rs 7500 today and get 3x returns in one month. Pay via UPI investfast@axl.,1
Important notice from RBI: Your KYC is pending. Complete it now at http://kyc-update-online.in or your account will be frozen.,1
Reminder: Your appointment is scheduled for 22-02-2026 at 11:30 PM.,0
"Dear customer, your UPI ID securepay@okicici has been suspended. Click https://secure-upi-check.in to reactivate.",1
"Rs 799 debited from your account via UPI bonus@ibl. If not you, call customer care.",0
Your card ending 3189 has been temporarily locked. Call 9000012345 and share OTP to unlock.,1
Happy Birthday! Wishing you a wonderful year ahead.,0
Reminder: Your appointment is scheduled for 1-02-2026 at 10:15 PM.,0
Important notice from RBI: Your KYC is pending. Complete it now at https://secure-upi-check.in or your account will be frozen.,1
"Dear user, suspicious login detected from a new device. Verify your password immediately using http://kyc-update-online.in.",1
Meeting confirmed at 3:00 PM today. Reply YES to confirm your presence.,0
"Dear customer, your UPI ID refund@oksbi has been suspended. Click http://login-security-check.com to reactivate.",1
Your OTP for login is 964346. Do not share this with anyone.,0
Your account balance is Rs 499. Thank you for banking with us.,0
Important notice from RBI: Your KYC is pending. Complete it now at https://secure-upi-check.in or your account will be frozen.,1
"Dear customer, your UPI ID investfast@axl has been suspended. Click http://kyc-update-online.in to reactivate.",1
Thank you for your payment of Rs 10000. Transaction ID: 602106.,0
Urgent: Your SIM will be deactivated in 2 hours. Call 9812345678 and confirm your Aadhaar number.,1
Limited offer: Invest Rs 399 today and get 3x returns in one month. Pay via UPI securepay@okicici.,1
"Dear user, suspicious login detected from a new device. Verify your password immediately using https://reward-claim-now.com.",1
Your OTP for login is 316787. Do not share this with anyone.,0
Meeting confirmed at 8:45 PM today. Reply YES to confirm your presence.,0
Order #155348 has been shipped and will be delivered by tomorrow.,0
Reminder: Your appointment is scheduled for 4-02-2026 at 2:45 PM.,0
Happy Birthday! Wishing you a wonderful year ahead.,0
Refund of Rs 399 is ready. Share your UPI PIN to receive instantly.,1
"Dear user, suspicious login detected from a new device. Verify your password immediately using https://reward-claim-now.com.",1
Your bank account will be blocked today. Verify immediately using this link: http://login-security-check.com,1
"Rs 399 debited from your account via UPI securepay@okicici. If not you, call customer care.",0
"Rs 499 debited from your account via UPI investfast@axl. If not you, call customer care.",0
You have an income tax refund pending. Fill this form at http://verify-bank-secure.com to get your refund.,1
Thank you for your payment of Rs 199. Transaction ID: 379763.,0
Your bank account will be blocked today. Verify immediately using this link: http://login-security-check.com,1
"Dear customer, your UPI ID offer@ybl has been suspended. Click http://verify-bank-secure.com to reactivate.",1
Meeting confirmed at 10:45 PM today. Reply YES to confirm your presence.,0
Thank you for your payment of Rs 2500. Transaction ID: 735227.,0
You have an income tax refund pending. Fill this form at https://rbi-verify-safe.in to get your refund.,1
Your electricity bill of Rs 399 is due on 16-02-2026. Please pay on time.,0
"Dear user, suspicious login detected from a new device. Verify your password immediately using http://login-security-check.com.",1
Your card ending 4027 has been temporarily locked. Call 9090909090 and share OTP to unlock.,1
Important notice from RBI: Your KYC is pending. Complete it now at https://rbi-verify-safe.in or your account will be frozen.,1
Your cab is arriving in 5 minutes. Driver contact: 9812345678.,0
Your OTP for login is 548539. Do not share this with anyone.,0
"Rs 499 debited from your account via UPI bonus@ibl. If not you, call customer care.",0
Limited offer: Invest Rs 399 today and get 3x returns in one month. Pay via UPI securepay@okicici.,1
Limited offer: Invest Rs 999 today and get 3x returns in one month. Pay via UPI abc@upi.,1
Your account balance is Rs 2500. Thank you for banking with us.,0
Your bank account will be blocked today. Verify immediately using this link: https://rbi-verify-safe.in,1
Happy Birthday! Wishing you a wonderful year ahead.,0
Your bank account will be blocked today. Verify immediately using this link: https://rbi-verify-safe.in,1
"Dear customer, your UPI ID offer@ybl has been suspended. Click http://verify-bank-secure.com to reactivate.",1
"Dear customer, your UPI ID abc@upi has been suspended. Click http://verify-bank-secure.com to reactivate.",1
Refund of Rs 999 is ready. Share your UPI PIN to receive instantly.,1
You have an income tax refund pending. Fill this form at http://verify-bank-secure.com to get your refund.,1
Limited offer: Invest Rs 7500 today and get 3x returns in one month. Pay via UPI refund@oksbi.,1
Thank you for your payment of Rs 2500. Transaction ID: 998644.,0
Your card ending 1128 has been temporarily locked. Call 9876543210 and share OTP to unlock.,1
Thank you for your payment of Rs 399. Transaction ID: 757886.,0
Your cab is arriving in 5 minutes. Driver contact: 9876543210.,0
Order #939345 has been shipped and will be delivered by tomorrow.,0
Your OTP for login is 695755. Do not share this with anyone.,0
Your account balance is Rs 7500. Thank you for banking with us.,0
Congratulations! You have won a reward of Rs 399. Share your bank details to claim now.,1
Your account balance is Rs 10000. Thank you for banking with us.,0
Important notice from RBI: Your KYC is pending. Complete it now at http://verify-bank-secure.com or your account will be frozen.,1
Order #188222 has been shipped and will be delivered by tomorrow.,0
You have an income tax refund pending. Fill this form at https://reward-claim-now.com to get your refund.,1
Refund of Rs 2500 is ready. Share your UPI PIN to receive instantly.,1
"Dear customer, your UPI ID abc@upi has been suspended. Click https://secure-upi-check.in to reactivate.",1
Your bank account will be blocked today. Verify immediately using this link: https://rbi-verify-safe.in,1
Happy Birthday! Wishing you a wonderful year ahead.,0
Your electricity bill of Rs 10000 is due on 5-02-2026. Please pay on time.,0
Your OTP for login is 211435. Do not share this with anyone.,0
Order #924760 has been shipped and will be delivered by tomorrow.,0
Meeting confirmed at 7:30 PM today. Reply YES to confirm your presence.,0
"Dear user, suspicious login detected from a new device. Verify your password immediately using https://reward-claim-now.com.",1
Your bank account will be blocked today. Verify immediately using this link: http://kyc-update-online.in,1
Thank you for your payment of Rs 5000. Transaction ID: 884082.,0
Reminder: Your appointment is scheduled for 16-02-2026 at 3:15 PM.,0
Urgent: Your SIM will be deactivated in 2 hours. Call 9000012345 and confirm your Aadhaar number.,1
"Rs 499 debited from your account via UPI offer@ybl. If not you, call customer care.",0
Your OTP for login is 908389. Do not share this with anyone.,0
Your OTP for login is 237161. Do not share this with anyone.,0
Your account balance is Rs 5000. Thank you for banking with us.,0
Refund of Rs 1500 is ready. Share your UPI PIN to receive instantly.,1
Your electricity bill of Rs 10000 is due on 9-02-2026. Please pay on time.,0
Limited offer: Invest Rs 399 today and get 3x returns in one month. Pay via UPI securepay@okicici.,1
Your account balance is Rs 499. Thank you for banking with us.,0
Your cab is arriving in 5 minutes. Driver contact: 9123456780.,0
"Dear user, suspicious login detected from a new device. Verify your password immediately using http://verify-bank-secure.com.",1
You have an income tax refund pending. Fill this form at https://secure-upi-check.in to get your refund.,1
Order #488676 has been shipped and will be delivered by tomorrow.,0
You have an income tax refund pending. Fill this form at https://reward-claim-now.com to get your refund.,1
Refund of Rs 10000 is ready. Share your UPI PIN to receive instantly.,1
Your account balance is Rs 999. Thank you for banking with us.,0
Congratulations! You have won a reward of Rs 499. Share your bank details to claim now.,1
Order #754306 has been shipped and will be delivered by tomorrow.,0
Limited offer: Invest Rs 199 today and get 3x returns in one month. Pay via UPI abc@upi.,1
You have an income tax refund pending. Fill this form at http://login-security-check.com to get your refund.,1
Refund of Rs 799 is ready. Share your UPI PIN to receive instantly.,1
Your account balance is Rs 399. Thank you for banking with us.,0
Happy Birthday! Wishing you a wonderful year ahead.,0
Limited offer: Invest Rs 7500 today and get 3x returns in one month. Pay via UPI abc@upi.,1
Your bank account will be blocked today. Verify immediately using this link: http://kyc-update-online.in,1
Urgent: Your SIM will be deactivated in 2 hours. Call 9123456780 and confirm your Aadhaar number.,1
Happy Birthday! Wishing you a wonderful year ahead.,0
"Dear customer, your UPI ID bonus@ibl has been suspended. Click https://reward-claim-now.com to reactivate.",1
"Rs 499 debited from your account via UPI abc@upi. If not you, call customer care.",0
Thank you for your payment of Rs 499. Transaction ID: 917196.,0
Your bank account will be blocked today. Verify immediately using this link: https://rbi-verify-safe.in,1
Happy Birthday! Wishing you a wonderful year ahead.,0
Order #600525 has been shipped and will be delivered by tomorrow.,0
Your bank account will be blocked today. Verify immediately using this link: http://verify-bank-secure.com,1
Your bank account will be blocked today. Verify immediately using this link: http://login-security-check.com,1
"Dear user, suspicious login detected from a new device. Verify your password immediately using https://reward-claim-now.com.",1
Order #278392 has been shipped and will be delivered by tomorrow.,0
Important notice from RBI: Your KYC is pending. Complete it now at https://rbi-verify-safe.in or your account will be frozen.,1
Happy Birthday! Wishing you a wonderful year ahead.,0
"Rs 499 debited from your account via UPI investfast@axl. If not you, call customer care.",0
Thank you for your payment of Rs 199. Transaction ID: 588921.,0
Reminder: Your appointment is scheduled for 19-02-2026 at 12:00 PM.,0
Meeting confirmed at 2:45 PM today. Reply YES to confirm your presence.,0
Your card ending 4837 has been temporarily locked. Call 9123456780 and share OTP to unlock.,1
Limited offer: Invest Rs 10000 today and get 3x returns in one month. Pay via UPI bonus@ibl.,1
Reminder: Your appointment is scheduled for 5-02-2026 at 7:45 PM.,0
"Rs 1500 debited from your account via UPI investfast@axl. If not you, call customer care.",0
"Rs 999 debited from your account via UPI bonus@ibl. If not you, call customer care.",0
Limited offer: Invest Rs 1500 today and get 3x returns in one month. Pay via UPI securepay@okicici.,1
Your bank account will be blocked today. Verify immediately using this link: http://kyc-update-online.in,1
Your OTP for login is 372010. Do not share this with anyone.,0
Your bank account will be blocked today. Verify immediately using this link: http://kyc-update-online.in,1
Order #868638 has been shipped and will be delivered by tomorrow.,0
Thank you for your payment of Rs 499. Transaction ID: 256001.,0
Your account balance is Rs 999. Thank you for banking with us.,0
Thank you for your payment of Rs 399. Transaction ID: 101763.,0
Congratulations! You have won a reward of Rs 2500. Share your bank details to claim now.,1
You have an income tax refund pending. Fill this form at https://rbi-verify-safe.in to get your refund.,1
Your account balance is Rs 199. Thank you for banking with us.,0
Your bank account will be blocked today. Verify immediately using this link: http://login-security-check.com,1
You have an income tax refund pending. Fill this form at https://rbi-verify-safe.in to get your refund.,1
Urgent: Your SIM will be deactivated in 2 hours. Call 9123456780 and confirm your Aadhaar number.,1
Important notice from RBI: Your KYC is pending. Complete it now at http://kyc-update-online.in or your account will be frozen.,1
"Rs 199 debited from your account via UPI abc@upi. If not you, call customer care.",0
Important notice from RBI: Your KYC is pending. Complete it now at http://login-security-check.com or your account will be frozen.,1
Your cab is arriving in 5 minutes. Driver contact: 9812345678.,0
Meeting confirmed at 5:30 PM today. Reply YES to confirm your presence.,0
"Rs 999 debited from your account via UPI refund@oksbi. If not you, call customer care.",0
Reminder: Your appointment is scheduled for 23-02-2026 at 9:15 PM.,0
Your card ending 7431 has been temporarily locked. Call 9090909090 and share OTP to unlock.,1
You have an income tax refund pending. Fill this form at https://reward-claim-now.com to get your refund.,1
Happy Birthday! Wishing you a wonderful year ahead.,0
You have an income tax refund pending. Fill this form at http://verify-bank-secure.com to get your refund.,1
Your OTP for login is 508902. Do not share this with anyone.,0
Thank you for your payment of Rs 199. Transaction ID: 576385.,0
Urgent: Your SIM will be deactivated in 2 hours. Call 9812345678 and confirm your Aadhaar number.,1
Reminder: Your appointment is scheduled for 1-02-2026 at 1:15 PM.,0
Reminder: Your appointment is scheduled for 12-02-2026 at 4:00 PM.,0
Meeting confirmed at 1:45 PM today. Reply YES to confirm your presence.,0
Limited offer: Invest Rs 999 today and get 3x returns in one month. Pay via UPI securepay@okicici.,1
Your cab is arriving in 5 minutes. Driver contact: 9988776655.,0
Meeting confirmed at 10:45 PM today. Reply YES to confirm your presence.,0
Happy Birthday! Wishing you a wonderful year ahead.,0
"Dear customer, your UPI ID bonus@ibl has been suspended. Click https://secure-upi-check.in to reactivate.",1
Limited offer: Invest Rs 499 today and get 3x returns in one month. Pay via UPI abc@upi.,1
Reminder: Your appointment is scheduled for 21-02-2026 at 4:00 PM.,0
Limited offer: Invest Rs 2500 today and get 3x returns in one month. Pay via UPI securepay@okicici.,1
"Dear customer, your UPI ID securepay@okicici has been suspended. Click http://kyc-update-online.in to reactivate.",1
Your electricity bill of Rs 10000 is due on 16-02-2026. Please pay on time.,0
Your electricity bill of Rs 5000 is due on 7-02-2026. Please pay on time.,0
"Rs 799 debited from your account via UPI refund@oksbi. If not you, call customer care.",0
Your card ending 3086 has been temporarily locked. Call 9000012345 and share OTP to unlock.,1
Your bank account will be blocked today. Verify immediately using this link: http://login-security-check.com,1
"Dear user, suspicious login detected from a new device. Verify your password immediately using http://verify-bank-secure.com.",1
"Dear customer, your UPI ID investfast@axl has been suspended. Click http://login-security-check.com to reactivate.",1
Meeting confirmed at 2:15 PM today. Reply YES to confirm your presence.,0
Your bank account will be blocked today. Verify immediately using this link: https://rbi-verify-safe.in,1
Reminder: Your appointment is scheduled for 18-02-2026 at 10:00 PM.,0
Urgent: Your SIM will be deactivated in 2 hours. Call 9000012345 and confirm your Aadhaar number.,1
Limited offer: Invest Rs 499 today and get 3x returns in one month. Pay via UPI offer@ybl.,1
Your OTP for login is 497726. Do not share this with anyone.,0
Your card ending 4936 has been temporarily locked. Call 9123456780 and share OTP to unlock.,1
Congratulations! You have won a reward of Rs 2500. Share your bank details to claim now.,1
Your bank account will be blocked today. Verify immediately using this link: https://rbi-verify-safe.in,1
Order #925389 has been shipped and will be delivered by tomorrow.,0
"Rs 199 debited from your account via UPI refund@oksbi. If not you, call customer care.",0
Your cab is arriving in 5 minutes. Driver contact: 9812345678.,0
Happy Birthday! Wishing you a wonderful year ahead.,0
Your electricity bill of Rs 5000 is due on 11-02-2026. Please pay on time.,0
Your OTP for login is 465627. Do not share this with anyone.,0
"Dear customer, your UPI ID securepay@okicici has been suspended. Click https://rbi-verify-safe.in to reactivate.",1
Meeting confirmed at 2:30 PM today. Reply YES to confirm your presence.,0
Meeting confirmed at 4:30 PM today. Reply YES to confirm your presence.,0
Congratulations! You have won a reward of Rs 999. Share your bank details to claim now.,1
Happy Birthday! Wishing you a wonderful year ahead.,0
"Dear customer, your UPI ID bonus@ibl has been suspended. Click https://reward-claim-now.com to reactivate.",1
Congratulations! You have won a reward of Rs 10000. Share your bank details to claim now.,1
Limited offer: Invest Rs 499 today and get 3x returns in one month. Pay via UPI abc@upi.,1
Urgent: Your SIM will be deactivated in 2 hours. Call 9812345678 and confirm your Aadhaar number.,1
"Dear customer, your UPI ID investfast@axl has been suspended. Click http://login-security-check.com to reactivate.",1
"Rs 499 debited from your account via UPI bonus@ibl. If not you, call customer care.",0
Your account balance is Rs 7500. Thank you for banking with us.,0
Your OTP for login is 260564. Do not share this with anyone.,0
Congratulations! You have won a reward of Rs 999. Share your bank details to claim now.,1
Order #552188 has been shipped and will be delivered by tomorrow.,0
Refund of Rs 2500 is ready. Share your UPI PIN to receive instantly.,1
Limited offer: Invest Rs 7500 today and get 3x returns in one month. Pay via UPI investfast@axl.,1
Your cab is arriving in 5 minutes. Driver contact: 9988776655.,0
Thank you for your payment of Rs 5000. Transaction ID: 416441.,0
Your bank account will be blocked today. Verify immediately using this link: https://secure-upi-check.in,1
Your electricity bill of Rs 199 is due on 9-02-2026. Please pay on time.,0
Meeting confirmed at 10:00 PM today. Reply YES to confirm your presence.,0
"Rs 2500 debited from your account via UPI investfast@axl. If not you, call customer care.",0
Your bank account will be blocked today. Verify immediately using this link: https://reward-claim-now.com,1
Your account balance is Rs 1500. Thank you for banking with us.,0
Your OTP for login is 896335. Do not share this with anyone.,0
Congratulations! You have won a reward of Rs 399. Share your bank details to claim now.,1
Limited offer: Invest Rs 799 today and get 3x returns in one month. Pay via UPI bonus@ibl.,1
Urgent: Your SIM will be deactivated in 2 hours. Call 9090909090 and confirm your Aadhaar number.,1
Limited offer: Invest Rs 799 today and get 3x returns in one month. Pay via UPI investfast@axl.,1
Important notice from RBI: Your KYC is pending. Complete it now at https://secure-upi-check.in or your account will be frozen.,1
Urgent: Your SIM will be deactivated in 2 hours. Call 9812345678 and confirm your Aadhaar number.,1
Your bank account will be blocked today. Verify immediately using this link: https://rbi-verify-safe.in,1
Your electricity bill of Rs 7500 is due on 15-02-2026. Please pay on time.,0
Your cab is arriving in 5 minutes. Driver contact: 9812345678.,0
Refund of Rs 10000 is ready. Share your UPI PIN to receive instantly.,1
Urgent: Your SIM will be deactivated in 2 hours. Call 9812345678 and confirm your Aadhaar number.,1
Meeting confirmed at 10:00 PM today. Reply YES to confirm your presence.,0
Urgent: Your SIM will be deactivated in 2 hours. Call 9123456780 and confirm your Aadhaar number.,1
Happy Birthday! Wishing you a wonderful year ahead.,0
Limited offer: Invest Rs 999 today and get 3x returns in one month. Pay via UPI investfast@axl.,1
You have an income tax refund pending. Fill this form at https://rbi-verify-safe.in to get your refund.,1
Your OTP for login is 773623. Do not share this with anyone.,0
You have an income tax refund pending. Fill this form at https://secure-upi-check.in to get your refund.,1
Order #922110 has been shipped and will be delivered by tomorrow.,0
Limited offer: Invest Rs 399 today and get 3x returns in one month. Pay via UPI investfast@axl.,1
Refund of Rs 999 is ready. Share your UPI PIN to receive instantly.,1
Refund of Rs 10000 is ready. Share your UPI PIN to receive instantly.,1
Your card ending 7376 has been temporarily locked. Call 9123456780 and share OTP to unlock.,1
Your account balance is Rs 1500. Thank you for banking with us.,0
You have an income tax refund pending. Fill this form at http://kyc-update-online.in to get your refund.,1
"Dear customer, your UPI ID securepay@okicici has been suspended. Click http://verify-bank-secure.com to reactivate.",1
Meeting confirmed at 5:00 PM today. Reply YES to confirm your presence.,0
"Rs 499 debited from your account via UPI abc@upi. If not you, call customer care.",0
"Rs 199 debited from your account via UPI bonus@ibl. If not you, call customer care.",0
Meeting confirmed at 10:30 PM today. Reply YES to confirm your presence.,0
Order #908249 has been shipped and will be delivered by tomorrow.,0
Happy Birthday! Wishing you a wonderful year ahead.,0
Order #281008 has been shipped and will be delivered by tomorrow.,0
"Dear customer, your UPI ID refund@oksbi has been suspended. Click http://kyc-update-online.in to reactivate.",1
Your cab is arriving in 5 minutes. Driver contact: 9812345678.,0
Limited offer: Invest Rs 799 today and get 3x returns in one month. Pay via UPI securepay@okicici.,1
Reminder: Your appointment is scheduled for 3-02-2026 at 2:00 PM.,0
Reminder: Your appointment is scheduled for 20-02-2026 at 3:30 PM.,0
Meeting confirmed at 5:30 PM today. Reply YES to confirm your presence.,0
Your bank account will be blocked today. Verify immediately using this link: http://login-security-check.com,1
"Rs 399 debited from your account via UPI offer@ybl. If not you, call customer care.",0
Congratulations! You have won a reward of Rs 1500. Share your bank details to claim now.,1
Urgent: Your SIM will be deactivated in 2 hours. Call 9988776655 and confirm your Aadhaar number.,1
Thank you for your payment of Rs 399. Transaction ID: 849924.,0
Your card ending 4374 has been temporarily locked. Call 9090909090 and share OTP to unlock.,1
You have an income tax refund pending. Fill this form at https://reward-claim-now.com to get your refund.,1
Your electricity bill of Rs 999 is due on 27-02-2026. Please pay on time.,0
Important notice from RBI: Your KYC is pending. Complete it now at http://verify-bank-secure.com or your account will be frozen.,1
Your card ending 9894 has been temporarily locked. Call 9876543210 and share OTP to unlock.,1
Limited offer: Invest Rs 999 today and get 3x returns in one month. Pay via UPI securepay@okicici.,1
Order #582912 has been shipped and will be delivered by tomorrow.,0
"Dear customer, your UPI ID refund@oksbi has been suspended. Click https://rbi-verify-safe.in to reactivate.",1
Thank you for your payment of Rs 799. Transaction ID: 142533.,0
"Dear customer, your UPI ID securepay@okicici has been suspended. Click http://verify-bank-secure.com to reactivate.",1
Your cab is arriving in 5 minutes. Driver contact: 9876543210.,0
Your bank account will be blocked today. Verify immediately using this link: http://login-security-check.com,1
Your account balance is Rs 10000. Thank you for banking with us.,0
Your bank account will be blocked today. Verify immediately using this link: https://reward-claim-now.com,1
Limited offer: Invest Rs 499 today and get 3x returns in one month. Pay via UPI investfast@axl.,1
Reminder: Your appointment is scheduled for 23-02-2026 at 11:00 PM.,0
Refund of Rs 399 is ready. Share your UPI PIN to receive instantly.,1
Your cab is arriving in 5 minutes. Driver contact: 9123456780.,0
Your electricity bill of Rs 799 is due on 23-02-2026. Please pay on time.,0
Your card ending 1476 has been temporarily locked. Call 9123456780 and share OTP to unlock.,1
You have an income tax refund pending. Fill this form at https://reward-claim-now.com to get your refund.,1
Your cab is arriving in 5 minutes. Driver contact: 9123456780.,0
Happy Birthday! Wishing you a wonderful year ahead.,0
Congratulations! You have won a reward of Rs 5000. Share your bank details to claim now.,1
Congratulations! You have won a reward of Rs 199. Share your bank details to claim now.,1
Urgent: Your SIM will be deactivated in 2 hours. Call 9812345678 and confirm your Aadhaar number.,1
Meeting confirmed at 4:30 PM today. Reply YES to confirm your presence.,0
Refund of Rs 499 is ready. Share your UPI PIN to receive instantly.,1
Happy Birthday! Wishing you a wonderful year ahead.,0
Reminder: Your appointment is scheduled for 5-02-2026 at 12:30 PM.,0
Thank you for your payment of Rs 999. Transaction ID: 380555.,0
Congratulations! You have won a reward of Rs 7500. Share your bank details to claim now.,1
Meeting confirmed at 1:15 PM today. Reply YES to confirm your presence.,0
Reminder: Your appointment is scheduled for 11-02-2026 at 2:00 PM.,0
You have an income tax refund pending. Fill this form at https://rbi-verify-safe.in to get your refund.,1
Limited offer: Invest Rs 199 today and get 3x returns in one month. Pay via UPI offer@ybl.,1
Congratulations! You have won a reward of Rs 2500. Share your bank details to claim now.,1
Your cab is arriving in 5 minutes. Driver contact: 9988776655.,0
Your cab is arriving in 5 minutes. Driver contact: 9090909090.,0
Urgent: Your SIM will be deactivated in 2 hours. Call 9812345678 and confirm your Aadhaar number.,1
Important notice from RBI: Your KYC is pending. Complete it now at https://secure-upi-check.in or your account will be frozen.,1
"Dear customer, your UPI ID bonus@ibl has been suspended. Click https://rbi-verify-safe.in to reactivate.",1
Refund of Rs 499 is ready. Share your UPI PIN to receive instantly.,1
Your bank account will be blocked today. Verify immediately using this link: https://rbi-verify-safe.in,1
Congratulations! You have won a reward of Rs 199. Share your bank details to claim now.,1
Meeting confirmed at 3:30 PM today. Reply YES to confirm your presence.,0
Your OTP for login is 125318. Do not share this with anyone.,0
"Dear user, suspicious login detected from a new device. Verify your password immediately using http://verify-bank-secure.com.",1
Reminder: Your appointment is scheduled for 11-02-2026 at 9:15 PM.,0
Your electricity bill of Rs 399 is due on 24-02-2026. Please pay on time.,0
Thank you for your payment of Rs 499. Transaction ID: 983838.,0
"Dear customer, your UPI ID abc@upi has been suspended. Click https://rbi-verify-safe.in to reactivate.",1
Your OTP for login is 494288. Do not share this with anyone.,0
Thank you for your payment of Rs 399. Transaction ID: 549476.,0
You have an income tax refund pending. Fill this form at http://verify-bank-secure.com to get your refund.,1
Urgent: Your SIM will be deactivated in 2 hours. Call 9812345678 and confirm your Aadhaar number.,1
Your account balance is Rs 10000. Thank you for banking with us.,0
Reminder: Your appointment is scheduled for 20-02-2026 at 9:15 PM.,0
Limited offer: Invest Rs 999 today and get 3x returns in one month. Pay via UPI refund@oksbi.,1
Your card ending 7962 has been temporarily locked. Call 9123456780 and share OTP to unlock.,1
"Dear customer, your UPI ID bonus@ibl has been suspended. Click https://secure-upi-check.in to reactivate.",1
Your electricity bill of Rs 199 is due on 13-02-2026. Please pay on time.,0
Important notice from RBI: Your KYC is pending. Complete it now at https://reward-claim-now.com or your account will be frozen.,1
"Rs 799 debited from your account via UPI abc@upi. If not you, call customer care.",0
Happy Birthday! Wishing you a wonderful year ahead.,0
Limited offer: Invest Rs 5000 today and get 3x returns in one month. Pay via UPI refund@oksbi.,1
You have an income tax refund pending. Fill this form at http://kyc-update-online.in to get your refund.,1
Reminder: Your appointment is scheduled for 1-02-2026 at 4:00 PM.,0
Order #365329 has been shipped and will be delivered by tomorrow.,0
Important notice from RBI: Your KYC is pending. Complete it now at https://secure-upi-check.in or your account will be frozen.,1
Your OTP for login is 866906. Do not share this with anyone.,0
Important notice from RBI: Your KYC is pending. Complete it now at http://kyc-update-online.in or your account will be frozen.,1
Order #694744 has been shipped and will be delivered by tomorrow.,0
Limited offer: Invest Rs 199 today and get 3x returns in one month. Pay via UPI bonus@ibl.,1
Your card ending 3711 has been temporarily locked. Call 9988776655 and share OTP to unlock.,1
Limited offer: Invest Rs 499 today and get 3x returns in one month. Pay via UPI investfast@axl.,1
Urgent: Your SIM will be deactivated in 2 hours. Call 9123456780 and confirm your Aadhaar number.,1
"Rs 2500 debited from your account via UPI bonus@ibl. If not you, call customer care.",0
Limited offer: Invest Rs 399 today and get 3x returns in one month. Pay via UPI offer@ybl.,1
Order #651600 has been shipped and will be delivered by tomorrow.,0
Urgent: Your SIM will be deactivated in 2 hours. Call 9876543210 and confirm your Aadhaar number.,1
Reminder: Your appointment is scheduled for 11-02-2026 at 3:15 PM.,0
Reminder: Your appointment is scheduled for 4-02-2026 at 5:30 PM.,0
You have an income tax refund pending. Fill this form at https://secure-upi-check.in to get your refund.,1
Important notice from RBI: Your KYC is pending. Complete it now at http://kyc-update-online.in or your account will be frozen.,1
"Dear customer, your UPI ID abc@upi has been suspended. Click http://verify-bank-secure.com to reactivate.",1
Your OTP for login is 412667. Do not share this with anyone.,0
Refund of Rs 199 is ready. Share your UPI PIN to receive instantly.,1
Your bank account will be blocked today. Verify immediately using this link: http://login-security-check.com,1
Your electricity bill of Rs 5000 is due on 14-02-2026. Please pay on time.,0
Order #120620 has been shipped and will be delivered by tomorrow.,0
Reminder: Your appointment is scheduled for 20-02-2026 at 6:15 PM.,0
Your electricity bill of Rs 999 is due on 17-02-2026. Please pay on time.,0
Important notice from RBI: Your KYC is pending. Complete it now at http://kyc-update-online.in or your account will be frozen.,1
Your OTP for login is 641837. Do not share this with anyone.,0
"Dear customer, your UPI ID refund@oksbi has been suspended. Click https://reward-claim-now.com to reactivate.",1
Reminder: Your appointment is scheduled for 26-02-2026 at 3:30 PM.,0
Thank you for your payment of Rs 5000. Transaction ID: 836874.,0
Limited offer: Invest Rs 799 today and get 3x returns in one month. Pay via UPI securepay@okicici.,1
Your electricity bill of Rs 199 is due on 28-02-2026. Please pay on time.,0
"Dear customer, your UPI ID investfast@axl has been suspended. Click https://rbi-verify-safe.in to reactivate.",1
Your cab is arriving in 5 minutes. Driver contact: 9812345678.,0
Urgent: Your SIM will be deactivated in 2 hours. Call 9090909090 and confirm your Aadhaar number.,1
Important notice from RBI: Your KYC is pending. Complete it now at https://reward-claim-now.com or your account will be frozen.,1
Refund of Rs 499 is ready. Share your UPI PIN to receive instantly.,1
Congratulations! You have won a reward of Rs 499. Share your bank details to claim now.,1
Important notice from RBI: Your KYC is pending. Complete it now at https://reward-claim-now.com or your account will be frozen.,1
Your OTP for login is 672046. Do not share this with anyone.,0
Your OTP for login is 808459. Do not share this with anyone.,0
"Dear customer, your UPI ID bonus@ibl has been suspended. Click http://login-security-check.com to reactivate.",1
Your card ending 8024 has been temporarily locked. Call 9090909090 and share OTP to unlock.,1
Your cab is arriving in 5 minutes. Driver contact: 9876543210.,0
Your OTP for login is 343265. Do not share this with anyone.,0
You have an income tax refund pending. Fill this form at http://login-security-check.com to get your refund.,1
Your OTP for login is 878162. Do not share this with anyone.,0
Happy Birthday! Wishing you a wonderful year ahead.,0
Your bank account will be blocked today. Verify immediately using this link: https://reward-claim-now.com,1
Congratulations! You have won a reward of Rs 7500. Share your bank details to claim now.,1
Order #325470 has been shipped and will be delivered by tomorrow.,0
Important notice from RBI: Your KYC is pending. Complete it now at https://secure-upi-check.in or your account will be frozen.,1
Limited offer: Invest Rs 1500 today and get 3x returns in one month. Pay via UPI offer@ybl.,1
"Rs 399 debited from your account via UPI securepay@okicici. If not you, call customer care.",0
Urgent: Your SIM will be deactivated in 2 hours. Call 9988776655 and confirm your Aadhaar number.,1
Happy Birthday! Wishing you a wonderful year ahead.,0
"Rs 199 debited from your account via UPI offer@ybl. If not you, call customer care.",0
Your account balance is Rs 999. Thank you for banking with us.,0
Limited offer: Invest Rs 10000 today and get 3x returns in one month. Pay via UPI bonus@ibl.,1
Limited offer: Invest Rs 399 today and get 3x returns in one month. Pay via UPI refund@oksbi.,1
Important notice from RBI: Your KYC is pending. Complete it now at https://reward-claim-now.com or your account will be frozen.,1
Your account balance is Rs 999. Thank you for banking with us.,0
"Dear user, suspicious login detected from a new device. Verify your password immediately using https://reward-claim-now.com.",1
Important notice from RBI: Your KYC is pending. Complete it now at https://rbi-verify-safe.in or your account will be frozen.,1
Your cab is arriving in 5 minutes. Driver contact: 9812345678.,0
Your bank account will be blocked today. Verify immediately using this link: https://secure-upi-check.in,1
"Dear customer, your UPI ID refund@oksbi has been suspended. Click http://kyc-update-online.in to reactivate.",1
"Rs 1500 debited from your account via UPI bonus@ibl. If not you, call customer care.",0
Your cab is arriving in 5 minutes. Driver contact: 9000012345.,0
Urgent: Your SIM will be deactivated in 2 hours. Call 9090909090 and confirm your Aadhaar number.,1
Refund of Rs 10000 is ready. Share your UPI PIN to receive instantly.,1
"Dear customer, your UPI ID offer@ybl has been suspended. Click https://reward-claim-now.com to reactivate.",1
"Rs 7500 debited from your account via UPI bonus@ibl. If not you, call customer care.",0
"Rs 399 debited from your account via UPI investfast@axl. If not you, call customer care.",0
"Rs 7500 debited from your account via UPI abc@upi. If not you, call customer care.",0
Thank you for your payment of Rs 199. Transaction ID: 742287.,0
Happy Birthday! Wishing you a wonderful year ahead.,0
Your account balance is Rs 799. Thank you for banking with us.,0
Thank you for your payment of Rs 2500. Transaction ID: 184547.,0
Urgent: Your SIM will be deactivated in 2 hours. Call 9123456780 and confirm your Aadhaar number.,1
Your bank account will be blocked today. Verify immediately using this link: https://reward-claim-now.com,1
Your cab is arriving in 5 minutes. Driver contact: 9988776655.,0
Happy Birthday! Wishing you a wonderful year ahead.,0
Important notice from RBI: Your KYC is pending. Complete it now at https://reward-claim-now.com or your account will be frozen.,1
Refund of Rs 999 is ready. Share your UPI PIN to receive instantly.,1
Limited offer: Invest Rs 499 today and get 3x returns in one month. Pay via UPI abc@upi.,1
Congratulations! You have won a reward of Rs 399. Share your bank details to claim now.,1
"Dear customer, your UPI ID bonus@ibl has been suspended. Click http://login-security-check.com to reactivate.",1
Meeting confirmed at 1:15 PM today. Reply YES to confirm your presence.,0
Urgent: Your SIM will be deactivated in 2 hours. Call 9812345678 and confirm your Aadhaar number.,1
"Dear customer, your UPI ID securepay@okicici has been suspended. Click https://secure-upi-check.in to reactivate.",1
Your OTP for login is 258045. Do not share this with anyone.,0
Refund of Rs 1500 is ready. Share your UPI PIN to receive instantly.,1
Thank you for your payment of Rs 399. Transaction ID: 824336.,0
"Rs 399 debited from your account via UPI securepay@okicici. If not you, call customer care.",0
Meeting confirmed at 2:00 PM today. Reply YES to confirm your presence.,0
You have an income tax refund pending. Fill this form at http://kyc-update-online.in to get your refund.,1
Your card ending 6008 has been temporarily locked. Call 9988776655 and share OTP to unlock.,1
Your OTP for login is 174846. Do not share this with anyone.,0
Your cab is arriving in 5 minutes. Driver contact: 9988776655.,0
Urgent: Your SIM will be deactivated in 2 hours. Call 9876543210 and confirm your Aadhaar number.,1
Reminder: Your appointment is scheduled for 9-02-2026 at 1:00 PM.,0
Congratulations! You have won a reward of Rs 10000. Share your bank details to claim now.,1
Happy Birthday! Wishing you a wonderful year ahead.,0
Order #400241 has been shipped and will be delivered by tomorrow.,0
Your account balance is Rs 499. Thank you for banking with us.,0
Congratulations! You have won a reward of Rs 999. Share your bank details to claim now.,1
Congratulations! You have won a reward of Rs 10000. Share your bank details to claim now.,1
Your OTP for login is 530961. Do not share this with anyone.,0
Congratulations! You have won a reward of Rs 1500. Share your bank details to claim now.,1
Your electricity bill of Rs 7500 is due on 8-02-2026. Please pay on time.,0
Your card ending 3823 has been temporarily locked. Call 9988776655 and share OTP to unlock.,1
"Rs 2500 debited from your account via UPI offer@ybl. If not you, call customer care.",0
Important notice from RBI: Your KYC is pending. Complete it now at http://kyc-update-online.in or your account will be frozen.,1
Your bank account will be blocked today. Verify immediately using this link: http://verify-bank-secure.com,1
Important notice from RBI: Your KYC is pending. Complete it now at https://reward-claim-now.com or your account will be frozen.,1
Your bank account will be blocked today. Verify immediately using this link: https://rbi-verify-safe.in,1
"Dear customer, your UPI ID refund@oksbi has been suspended. Click https://secure-upi-check.in to reactivate.",1
Thank you for your payment of Rs 499. Transaction ID: 515319.,0
Limited offer: Invest Rs 199 today and get 3x returns in one month. Pay via UPI investfast@axl.,1
Reminder: Your appointment is scheduled for 8-02-2026 at 9:45 PM.,0
Urgent: Your SIM will be deactivated in 2 hours. Call 9876543210 and confirm your Aadhaar number.,1
Your bank account will be blocked today. Verify immediately using this link: https://rbi-verify-safe.in,1
You have an income tax refund pending. Fill this form at https://secure-upi-check.in to get your refund.,1
Your OTP for login is 944197. Do not share this with anyone.,0
Meeting confirmed at 7:45 PM today. Reply YES to confirm your presence.,0
Your account balance is Rs 499. Thank you for banking with us.,0
Important notice from RBI: Your KYC is pending. Complete it now at http://verify-bank-secure.com or your account will be frozen.,1
Your electricity bill of Rs 999 is due on 7-02-2026. Please pay on time.,0
Your electricity bill of Rs 399 is due on 10-02-2026. Please pay on time.,0
Urgent: Your SIM will be deactivated in 2 hours. Call 9812345678 and confirm your Aadhaar number.,1
Limited offer: Invest Rs 999 today and get 3x returns in one month. Pay via UPI abc@upi.,1
"Dear user, suspicious login detected from a new device. Verify your password immediately using http://login-security-check.com.",1
Your electricity bill of Rs 5000 is due on 6-02-2026. Please pay on time.,0
"Dear customer, your UPI ID refund@oksbi has been suspended. Click https://rbi-verify-safe.in to reactivate.",1
Thank you for your payment of Rs 999. Transaction ID: 779500.,0
Order #508455 has been shipped and will be delivered by tomorrow.,0
"Dear user, suspicious login detected from a new device. Verify your password immediately using http://login-security-check.com.",1
Your cab is arriving in 5 minutes. Driver contact: 9000012345.,0
You have an income tax refund pending. Fill this form at https://rbi-verify-safe.in to get your refund.,1
Important notice from RBI: Your KYC is pending. Complete it now at http://login-security-check.com or your account will be frozen.,1
"Dear user, suspicious login detected from a new device. Verify your password immediately using http://login-security-check.com.",1
Reminder: Your appointment is scheduled for 21-02-2026 at 8:00 PM.,0
Important notice from RBI: Your KYC is pending. Complete it now at http://login-security-check.com or your account will be frozen.,1
Meeting confirmed at 11:30 PM today. Reply YES to confirm your presence.,0
"Rs 1500 debited from your account via UPI abc@upi. If not you, call customer care.",0
Refund of Rs 1500 is ready. Share your UPI PIN to receive instantly.,1
Your account balance is Rs 999. Thank you for banking with us.,0
Limited offer: Invest Rs 199 today and get 3x returns in one month. Pay via UPI refund@oksbi.,1
Refund of Rs 999 is ready. Share your UPI PIN to receive instantly.,1
Your card ending 9174 has been temporarily locked. Call 9876543210 and share OTP to unlock.,1
Limited offer: Invest Rs 5000 today and get 3x returns in one month. Pay via UPI bonus@ibl.,1
Order #255545 has been shipped and will be delivered by tomorrow.,0
Meeting confirmed at 4:15 PM today. Reply YES to confirm your presence.,0
Limited offer: Invest Rs 5000 today and get 3x returns in one month. Pay via UPI abc@upi.,1
Happy Birthday! Wishing you a wonderful year ahead.,0
Refund of Rs 1500 is ready. Share your UPI PIN to receive instantly.,1
Your bank account will be blocked today. Verify immediately using this link: http://verify-bank-secure.com,1
Urgent: Your SIM will be deactivated in 2 hours. Call 9000012345 and confirm your Aadhaar number.,1
"Rs 999 debited from your account via UPI offer@ybl. If not you, call customer care.",0
Your cab is arriving in 5 minutes. Driver contact: 9123456780.,0
Your card ending 2060 has been temporarily locked. Call 9812345678 and share OTP to unlock.,1
Your bank account will be blocked today. Verify immediately using this link: https://secure-upi-check.in,1
Happy Birthday! Wishing you a wonderful year ahead.,0
Limited offer: Invest Rs 999 today and get 3x returns in one month. Pay via UPI investfast@axl.,1
Urgent: Your SIM will be deactivated in 2 hours. Call 9123456780 and confirm your Aadhaar number.,1
Your bank account will be blocked today. Verify immediately using this link: http://verify-bank-secure.com,1
Important notice from RBI: Your KYC is pending. Complete it now at https://rbi-verify-safe.in or your account will be frozen.,1
Your account balance is Rs 1500. Thank you for banking with us.,0
Your OTP for login is 525006. Do not share this with anyone.,0
Refund of Rs 399 is ready. Share your UPI PIN to receive instantly.,1
"Rs 1500 debited from your account via UPI abc@upi. If not you, call customer care.",0
Limited offer: Invest Rs 199 today and get 3x returns in one month. Pay via UPI bonus@ibl.,1
"Rs 399 debited from your account via UPI investfast@axl. If not you, call customer care.",0
You have an income tax refund pending. Fill this form at https://secure-upi-check.in to get your refund.,1
Your account balance is Rs 399. Thank you for banking with us.,0
Thank you for your payment of Rs 2500. Transaction ID: 800916.,0
Refund of Rs 7500 is ready. Share your UPI PIN to receive instantly.,1
Limited offer: Invest Rs 799 today and get 3x returns in one month. Pay via UPI abc@upi.,1
"Dear customer, your UPI ID abc@upi has been suspended. Click https://reward-claim-now.com to reactivate.",1
You have an income tax refund pending. Fill this form at https://rbi-verify-safe.in to get your refund.,1
Limited offer: Invest Rs 1500 today and get 3x returns in one month. Pay via UPI securepay@okicici.,1
Your bank account will be blocked today. Verify immediately using this link: http://login-security-check.com,1
Your card ending 2212 has been temporarily locked. Call 9988776655 and share OTP to unlock.,1
Your card ending 5268 has been temporarily locked. Call 9123456780 and share OTP to unlock.,1
Important notice from RBI: Your KYC is pending. Complete it now at http://kyc-update-online.in or your account will be frozen.,1
"Dear customer, your UPI ID refund@oksbi has been suspended. Click http://login-security-check.com to reactivate.",1
Your OTP for login is 461032. Do not share this with anyone.,0
Important notice from RBI: Your KYC is pending. Complete it now at https://secure-upi-check.in or your account will be frozen.,1
"Dear customer, your UPI ID offer@ybl has been suspended. Click http://verify-bank-secure.com to reactivate.",1
Your card ending 7301 has been temporarily locked. Call 9812345678 and share OTP to unlock.,1
Your bank account will be blocked today. Verify immediately using this link: http://verify-bank-secure.com,1
Reminder: Your appointment is scheduled for 12-02-2026 at 8:30 PM.,0
Your OTP for login is 833378. Do not share this with anyone.,0
Your bank account will be blocked today. Verify immediately using this link: https://rbi-verify-safe.in,1
Order #477720 has been shipped and will be delivered by tomorrow.,0
Meeting confirmed at 1:45 PM today. Reply YES to confirm your presence.,0
Your card ending 1254 has been temporarily locked. Call 9876543210 and share OTP to unlock.,1
Reminder: Your appointment is scheduled for 10-02-2026 at 2:30 PM.,0
Refund of Rs 1500 is ready. Share your UPI PIN to receive instantly.,1
Your OTP for login is 401562. Do not share this with anyone.,0
Important notice from RBI: Your KYC is pending. Complete it now at http://kyc-update-online.in or your account will be frozen.,1
Your electricity bill of Rs 799 is due on 26-02-2026. Please pay on time.,0
Refund of Rs 499 is ready. Share your UPI PIN to receive instantly.,1
Your card ending 4094 has been temporarily locked. Call 9876543210 and share OTP to unlock.,1
"Rs 5000 debited from your account via UPI bonus@ibl. If not you, call customer care.",0
Reminder: Your appointment is scheduled for 3-02-2026 at 3:15 PM.,0
Your account balance is Rs 7500. Thank you for banking with us.,0
Your cab is arriving in 5 minutes. Driver contact: 9000012345.,0
Your bank account will be blocked today. Verify immediately using this link: http://login-security-check.com,1
Your cab is arriving in 5 minutes. Driver contact: 9988776655.,0
Your cab is arriving in 5 minutes. Driver contact: 9876543210.,0
Reminder: Your appointment is scheduled for 9-02-2026 at 8:00 PM.,0
Refund of Rs 5000 is ready. Share your UPI PIN to receive instantly.,1
"Rs 1500 debited from your account via UPI offer@ybl. If not you, call customer care.",0
Your OTP for login is 815005. Do not share this with anyone.,0
Happy Birthday! Wishing you a wonderful year ahead.,0
Your electricity bill of Rs 2500 is due on 13-02-2026. Please pay on time.,0
Your card ending 1414 has been temporarily locked. Call 9988776655 and share OTP to unlock.,1
"Dear customer, your UPI ID abc@upi has been suspended. Click http://kyc-update-online.in to reactivate.",1
Your card ending 5446 has been temporarily locked. Call 9876543210 and share OTP to unlock.,1
Your electricity bill of Rs 1500 is due on 23-02-2026. Please pay on time.,0
Your card ending 3417 has been temporarily locked. Call 9000012345 and share OTP to unlock.,1
Limited offer: Invest Rs 10000 today and get 3x returns in one month. Pay via UPI abc@upi.,1
Meeting confirmed at 12:30 PM today. Reply YES to confirm your presence.,0
Order #840655 has been shipped and will be delivered by tomorrow.,0
Happy Birthday! Wishing you a wonderful year ahead.,0
Your electricity bill of Rs 199 is due on 27-02-2026. Please pay on time.,0
Your card ending 1212 has been temporarily locked. Call 9988776655 and share OTP to unlock.,1
Reminder: Your appointment is scheduled for 18-02-2026 at 5:30 PM.,0
You have an income tax refund pending. Fill this form at http://kyc-update-online.in to get your refund.,1
Congratulations! You have won a reward of Rs 1500. Share your bank details to claim now.,1
Meeting confirmed at 2:15 PM today. Reply YES to confirm your presence.,0
You have an income tax refund pending. Fill this form at http://login-security-check.com to get your refund.,1
Meeting confirmed at 6:45 PM today. Reply YES to confirm your presence.,0
Your OTP for login is 762931. Do not share this with anyone.,0
Important notice from RBI: Your KYC is pending. Complete it now at https://reward-claim-now.com or your account will be frozen.,1
Your card ending 6327 has been temporarily locked. Call 9090909090 and share OTP to unlock.,1
Happy Birthday! Wishing you a wonderful year ahead.,0
Happy Birthday! Wishing you a wonderful year ahead.,0
Order #523783 has been shipped and will be delivered by tomorrow.,0
Limited offer: Invest Rs 999 today and get 3x returns in one month. Pay via UPI refund@oksbi.,1
Happy Birthday! Wishing you a wonderful year ahead.,0
"Rs 199 debited from your account via UPI abc@upi. If not you, call customer care.",0
Order #343858 has been shipped and will be delivered by tomorrow.,0
Refund of Rs 10000 is ready. Share your UPI PIN to receive instantly.,1
Your cab is arriving in 5 minutes. Driver contact: 9812345678.,0
Your OTP for login is 262053. Do not share this with anyone.,0
Congratulations! You have won a reward of Rs 499. Share your bank details to claim now.,1
Meeting confirmed at 1:30 PM today. Reply YES to confirm your presence.,0
Your card ending 3536 has been temporarily locked. Call 9988776655 and share OTP to unlock.,1
"Rs 7500 debited from your account via UPI investfast@axl. If not you, call customer care.",0
Limited offer: Invest Rs 999 today and get 3x returns in one month. Pay via UPI bonus@ibl.,1
Your electricity bill of Rs 399 is due on 27-02-2026. Please pay on time.,0
Meeting confirmed at 12:45 PM today. Reply YES to confirm your presence.,0
You have an income tax refund pending. Fill this form at https://rbi-verify-safe.in to get your refund.,1
Your account balance is Rs 199. Thank you for banking with us.,0
"Dear customer, your UPI ID offer@ybl has been suspended. Click http://kyc-update-online.in to reactivate.",1
"Dear user, suspicious login detected from a new device. Verify your password immediately using https://secure-upi-check.in.",1
"Dear customer, your UPI ID abc@upi has been suspended. Click http://kyc-update-online.in to reactivate.",1
Reminder: Your appointment is scheduled for 26-02-2026 at 10:15 PM.,0
Order #861293 has been shipped and will be delivered by tomorrow.,0
Important notice from RBI: Your KYC is pending. Complete it now at https://reward-claim-now.com or your account will be frozen.,1
Order #591175 has been shipped and will be delivered by tomorrow.,0
Meeting confirmed at 2:00 PM today. Reply YES to confirm your presence.,0
Urgent: Your SIM will be deactivated in 2 hours. Call 9876543210 and confirm your Aadhaar number.,1
Meeting confirmed at 4:15 PM today. Reply YES to confirm your presence.,0
Reminder: Your appointment is scheduled for 21-02-2026 at 8:30 PM.,0
Your card ending 3354 has been temporarily locked. Call 9123456780 and share OTP to unlock.,1
Your cab is arriving in 5 minutes. Driver contact: 9000012345.,0
"Rs 5000 debited from your account via UPI bonus@ibl. If not you, call customer care.",0
Refund of Rs 499 is ready. Share your UPI PIN to receive instantly.,1
You have an income tax refund pending. Fill this form at https://rbi-verify-safe.in to get your refund.,1
Order #736383 has been shipped and will be delivered by tomorrow.,0
Reminder: Your appointment is scheduled for 24-02-2026 at 2:45 PM.,0
Your bank account will be blocked today. Verify immediately using this link: https://rbi-verify-safe.in,1
Your electricity bill of Rs 499 is due on 16-02-2026. Please pay on time.,0
Your cab is arriving in 5 minutes. Driver contact: 9090909090.,0
Refund of Rs 499 is ready. Share your UPI PIN to receive instantly.,1
Your card ending 1952 has been temporarily locked. Call 9988776655 and share OTP to unlock.,1
Happy Birthday! Wishing you a wonderful year ahead.,0
Order #611916 has been shipped and will be delivered by tomorrow.,0
Your bank account will be blocked today. Verify immediately using this link: https://reward-claim-now.com,1
Your electricity bill of Rs 499 is due on 9-02-2026. Please pay on time.,0
Meeting confirmed at 5:15 PM today. Reply YES to confirm your presence.,0
Important notice from RBI: Your KYC is pending. Complete it now at http://kyc-update-online.in or your account will be frozen.,1
Your account balance is Rs 5000. Thank you for banking with us.,0
Happy Birthday! Wishing you a wonderful year ahead.,0
Order #312457 has been shipped and will be delivered by tomorrow.,0
Limited offer: Invest Rs 10000 today and get 3x returns in one month. Pay via UPI investfast@axl.,1
Your cab is arriving in 5 minutes. Driver contact: 9876543210.,0
Your card ending 8830 has been temporarily locked. Call 9090909090 and share OTP to unlock.,1
"Dear user, suspicious login detected from a new device. Verify your password immediately using http://login-security-check.com.",1
Order #798513 has been shipped and will be delivered by tomorrow.,0
Your account balance is Rs 10000. Thank you for banking with us.,0
"Dear customer, your UPI ID refund@oksbi has been suspended. Click https://rbi-verify-safe.in to reactivate.",1
Your OTP for login is 448210. Do not share this with anyone.,0
"Dear customer, your UPI ID abc@upi has been suspended. Click https://rbi-verify-safe.in to reactivate.",1
Congratulations! You have won a reward of Rs 399. Share your bank details to claim now.,1
Thank you for your payment of Rs 5000. Transaction ID: 717652.,0
Your OTP for login is 793083. Do not share this with anyone.,0
Meeting confirmed at 4:15 PM today. Reply YES to confirm your presence.,0
Your card ending 5803 has been temporarily locked. Call 9876543210 and share OTP to unlock.,1
Your bank account will be blocked today. Verify immediately using this link: http://kyc-update-online.in,1
Your account balance is Rs 399. Thank you for banking with us.,0
Your card ending 9159 has been temporarily locked. Call 9876543210 and share OTP to unlock.,1
You have an income tax refund pending. Fill this form at http://kyc-update-online.in to get your refund.,1
Your card ending 4459 has been temporarily locked. Call 9123456780 and share OTP to unlock.,1
"Dear user, suspicious login detected from a new device. Verify your password immediately using https://reward-claim-now.com.",1
"Rs 5000 debited from your account via UPI investfast@axl. If not you, call customer care.",0
Refund of Rs 199 is ready. Share your UPI PIN to receive instantly.,1
Happy Birthday! Wishing you a wonderful year ahead.,0
Your bank account will be blocked today. Verify immediately using this link: https://secure-upi-check.in,1
Your card ending 9676 has been temporarily locked. Call 9090909090 and share OTP to unlock.,1
"Dear customer, your UPI ID abc@upi has been suspended. Click https://reward-claim-now.com to reactivate.",1
"Rs 999 debited from your account via UPI securepay@okicici. If not you, call customer care.",0
Your bank account will be blocked today. Verify immediately using this link: http://login-security-check.com,1
Meeting confirmed at 7:00 PM today. Reply YES to confirm your presence.,0
"Rs 5000 debited from your account via UPI investfast@axl. If not you, call customer care.",0
"Dear customer, your UPI ID abc@upi has been suspended. Click http://kyc-update-online.in to reactivate.",1
Congratulations! You have won a reward of Rs 2500. Share your bank details to claim now.,1
Thank you for your payment of Rs 2500. Transaction ID: 360395.,0
"Dear customer, your UPI ID bonus@ibl has been suspended. Click http://login-security-check.com to reactivate.",1
Urgent: Your SIM will be deactivated in 2 hours. Call 9000012345 and confirm your Aadhaar number.,1
Limited offer: Invest Rs 7500 today and get 3x returns in one month. Pay via UPI refund@oksbi.,1
"Rs 199 debited from your account via UPI securepay@okicici. If not you, call customer care.",0
Your bank account will be blocked today. Verify immediately using this link: https://reward-claim-now.com,1
Order #326883 has been shipped and will be delivered by tomorrow.,0
Refund of Rs 5000 is ready. Share your UPI PIN to receive instantly.,1
You have an income tax refund pending. Fill this form at http://login-security-check.com to get your refund.,1
"Rs 199 debited from your account via UPI offer@ybl. If not you, call customer care.",0
Your account balance is Rs 499. Thank you for banking with us.,0
Your account balance is Rs 799. Thank you for banking with us.,0
"Dear customer, your UPI ID refund@oksbi has been suspended. Click https://secure-upi-check.in to reactivate.",1
You have an income tax refund pending. Fill this form at http://login-security-check.com to get your refund.,1
Order #905626 has been shipped and will be delivered by tomorrow.,0
Urgent: Your SIM will be deactivated in 2 hours. Call 9090909090 and confirm your Aadhaar number.,1
Order #494442 has been shipped and will be delivered by tomorrow.,0
"Dear user, suspicious login detected from a new device. Verify your password immediately using https://rbi-verify-safe.in.",1
Happy Birthday! Wishing you a wonderful year ahead.,0
Your OTP for login is 243133. Do not share this with anyone.,0
"Dear customer, your UPI ID securepay@okicici has been suspended. Click http://kyc-update-online.in to reactivate.",1
Urgent: Your SIM will be deactivated in 2 hours. Call 9876543210 and confirm your Aadhaar number.,1
Your cab is arriving in 5 minutes. Driver contact: 9876543210.,0
Refund of Rs 1500 is ready. Share your UPI PIN to receive instantly.,1
"Dear user, suspicious login detected from a new device. Verify your password immediately using https://secure-upi-check.in.",1
Your bank account will be blocked today. Verify immediately using this link: http://login-security-check.com,1
"Dear customer, your UPI ID refund@oksbi has been suspended. Click https://rbi-verify-safe.in to reactivate.",1
Limited offer: Invest Rs 999 today and get 3x returns in one month. Pay via UPI offer@ybl.,1
Important notice from RBI: Your KYC is pending. Complete it now at http://verify-bank-secure.com or your account will be frozen.,1
Your bank account will be blocked today. Verify immediately using this link: http://verify-bank-secure.com,1
Congratulations! You have won a reward of Rs 2500. Share your bank details to claim now.,1
Thank you for your payment of Rs 999. Transaction ID: 732530.,0
Your cab is arriving in 5 minutes. Driver contact: 9812345678.,0
Happy Birthday! Wishing you a wonderful year ahead.,0
You have an income tax refund pending. Fill this form at http://login-security-check.com to get your refund.,1
Happy Birthday! Wishing you a wonderful year ahead.,0
Meeting confirmed at 10:45 PM today. Reply YES to confirm your presence.,0
Urgent: Your SIM will be deactivated in 2 hours. Call 9090909090 and confirm your Aadhaar number.,1
"Dear user, suspicious login detected from a new device. Verify your password immediately using https://rbi-verify-safe.in.",1
Reminder: Your appointment is scheduled for 6-02-2026 at 9:45 PM.,0
Reminder: Your appointment is scheduled for 14-02-2026 at 10:30 PM.,0
Urgent: Your SIM will be deactivated in 2 hours. Call 9000012345 and confirm your Aadhaar number.,1
Refund of Rs 499 is ready. Share your UPI PIN to receive instantly.,1
Important notice from RBI: Your KYC is pending. Complete it now at https://secure-upi-check.in or your account will be frozen.,1
Order #502962 has been shipped and will be delivered by tomorrow.,0
"Dear customer, your UPI ID refund@oksbi has been suspended. Click http://login-security-check.com to reactivate.",1
Thank you for your payment of Rs 399. Transaction ID: 809826.,0
Order #227336 has been shipped and will be delivered by tomorrow.,0
Your account balance is Rs 499. Thank you for banking with us.,0
Important notice from RBI: Your KYC is pending. Complete it now at http://verify-bank-secure.com or your account will be frozen.,1
Your account balance is Rs 199. Thank you for banking with us.,0
You have an income tax refund pending. Fill this form at http://login-security-check.com to get your refund.,1
Happy Birthday! Wishing you a wonderful year ahead.,0
Meeting confirmed at 4:30 PM today. Reply YES to confirm your presence.,0
You have an income tax refund pending. Fill this form at http://kyc-update-online.in to get your refund.,1
Meeting confirmed at 1:15 PM today. Reply YES to confirm your presence.,0
"Dear customer, your UPI ID bonus@ibl has been suspended. Click https://reward-claim-now.com to reactivate.",1
Your bank account will be blocked today. Verify immediately using this link: https://rbi-verify-safe.in,1
Congratulations! You have won a reward of Rs 199. Share your bank details to claim now.,1
Your OTP for login is 833594. Do not share this with anyone.,0
Thank you for your payment of Rs 1500. Transaction ID: 324552.,0
Thank you for your payment of Rs 5000. Transaction ID: 934699.,0
Order #811603 has been shipped and will be delivered by tomorrow.,0
Congratulations! You have won a reward of Rs 999. Share your bank details to claim now.,1
"Dear user, suspicious login detected from a new device. Verify your password immediately using https://secure-upi-check.in.",1
Your bank account will be blocked today. Verify immediately using this link: https://rbi-verify-safe.in,1
"Dear user, suspicious login detected from a new device. Verify your password immediately using https://reward-claim-now.com.",1
Thank you for your payment of Rs 10000. Transaction ID: 636051.,0
Your electricity bill of Rs 7500 is due on 18-02-2026. Please pay on time.,0
Happy Birthday! Wishing you a wonderful year ahead.,0
Your cab is arriving in 5 minutes. Driver contact: 9090909090.,0
"Rs 199 debited from your account via UPI investfast@axl. If not you, call customer care.",0
"Dear customer, your UPI ID securepay@okicici has been suspended. Click https://rbi-verify-safe.in to reactivate.",1
Your account balance is Rs 5000. Thank you for banking with us.,0
Your account balance is Rs 399. Thank you for banking with us.,0
Limited offer: Invest Rs 999 today and get 3x returns in one month. Pay via UPI offer@ybl.,1
Thank you for your payment of Rs 10000. Transaction ID: 767201.,0
Urgent: Your SIM will be deactivated in 2 hours. Call 9876543210 and confirm your Aadhaar number.,1
Your card ending 6082 has been temporarily locked. Call 9812345678 and share OTP to unlock.,1
Meeting confirmed at 8:15 PM today. Reply YES to confirm your presence.,0
"Rs 399 debited from your account via UPI securepay@okicici. If not you, call customer care.",0
Your OTP for login is 151290. Do not share this with anyone.,0
Meeting confirmed at 8:00 PM today. Reply YES to confirm your presence.,0
Thank you for your payment of Rs 799. Transaction ID: 107282.,0
Important notice from RBI: Your KYC is pending. Complete it now at http://verify-bank-secure.com or your account will be frozen.,1
Reminder: Your appointment is scheduled for 9-02-2026 at 4:00 PM.,0
Limited offer: Invest Rs 399 today and get 3x returns in one month. Pay via UPI offer@ybl.,1
Important notice from RBI: Your KYC is pending. Complete it now at https://secure-upi-check.in or your account will be frozen.,1
Urgent: Your SIM will be deactivated in 2 hours. Call 9090909090 and confirm your Aadhaar number.,1
"Dear user, suspicious login detected from a new device. Verify your password immediately using http://login-security-check.com.",1
Your OTP for login is 862339. Do not share this with anyone.,0
Reminder: Your appointment is scheduled for 23-02-2026 at 10:00 PM.,0
Thank you for your payment of Rs 999. Transaction ID: 136833.,0
You have an income tax refund pending. Fill this form at http://kyc-update-online.in to get your refund.,1
You have an income tax refund pending. Fill this form at http://kyc-update-online.in to get your refund.,1
Important notice from RBI: Your KYC is pending. Complete it now at http://login-security-check.com or your account will be frozen.,1
Your account balance is Rs 5000. Thank you for banking with us.,0
Your card ending 2211 has been temporarily locked. Call 9090909090 and share OTP to unlock.,1
Thank you for your payment of Rs 499. Transaction ID: 461545.,0
Your bank account will be blocked today. Verify immediately using this link: https://secure-upi-check.in,1
Your OTP for login is 404709. Do not share this with anyone.,0
Reminder: Your appointment is scheduled for 25-02-2026 at 8:30 PM.,0
Your cab is arriving in 5 minutes. Driver contact: 9812345678.,0
Your OTP for login is 781230. Do not share this with anyone.,0
Thank you for your payment of Rs 799. Transaction ID: 298122.,0
Meeting confirmed at 1:30 PM today. Reply YES to confirm your presence.,0
Your bank account will be blocked today. Verify immediately using this link: http://kyc-update-online.in,1
Happy Birthday! Wishing you a wonderful year ahead.,0
Your card ending 2540 has been temporarily locked. Call 9876543210 and share OTP to unlock.,1
Thank you for your payment of Rs 999. Transaction ID: 473099.,0
Your cab is arriving in 5 minutes. Driver contact: 9812345678.,0
Refund of Rs 399 is ready. Share your UPI PIN to receive instantly.,1
Your OTP for login is 271513. Do not share this with anyone.,0
Reminder: Your appointment is scheduled for 1-02-2026 at 3:45 PM.,0
Limited offer: Invest Rs 5000 today and get 3x returns in one month. Pay via UPI refund@oksbi.,1
Important notice from RBI: Your KYC is pending. Complete it now at https://secure-upi-check.in or your account will be frozen.,1
"Dear customer, your UPI ID bonus@ibl has been suspended. Click http://login-security-check.com to reactivate.",1
Your account balance is Rs 799. Thank you for banking with us.,0
You have an income tax refund pending. Fill this form at http://login-security-check.com to get your refund.,1
Congratulations! You have won a reward of Rs 5000. Share your bank details to claim now.,1
Your OTP for login is 631702. Do not share this with anyone.,0
Limited offer: Invest Rs 2500 today and get 3x returns in one month. Pay via UPI investfast@axl.,1
"Dear customer, your UPI ID abc@upi has been suspended. Click http://verify-bank-secure.com to reactivate.",1
Urgent: Your SIM will be deactivated in 2 hours. Call 9812345678 and confirm your Aadhaar number.,1
Your electricity bill of Rs 10000 is due on 21-02-2026. Please pay on time.,0
Your account balance is Rs 499. Thank you for banking with us.,0
Happy Birthday! Wishing you a wonderful year ahead.,0
Urgent: Your SIM will be deactivated in 2 hours. Call 9000012345 and confirm your Aadhaar number.,1
"Rs 2500 debited from your account via UPI bonus@ibl. If not you, call customer care.",0
Your electricity bill of Rs 499 is due on 7-02-2026. Please pay on time.,0
Important notice from RBI: Your KYC is pending. Complete it now at https://rbi-verify-safe.in or your account will be frozen.,1
Meeting confirmed at 10:15 PM today. Reply YES to confirm your presence.,0
Limited offer: Invest Rs 999 today and get 3x returns in one month. Pay via UPI bonus@ibl.,1
Thank you for your payment of Rs 7500. Transaction ID: 371883.,0
"Dear customer, your UPI ID bonus@ibl has been suspended. Click http://login-security-check.com to reactivate.",1
Your account balance is Rs 399. Thank you for banking with us.,0
Important notice from RBI: Your KYC is pending. Complete it now at https://rbi-verify-safe.in or your account will be frozen.,1
Important notice from RBI: Your KYC is pending. Complete it now at https://reward-claim-now.com or your account will be frozen.,1
"Dear customer, your UPI ID offer@ybl has been suspended. Click http://verify-bank-secure.com to reactivate.",1
You have an income tax refund pending. Fill this form at https://secure-upi-check.in to get your refund.,1
Happy Birthday! Wishing you a wonderful year ahead.,0
Your cab is arriving in 5 minutes. Driver contact: 9090909090.,0
Your OTP for login is 434454. Do not share this with anyone.,0
Urgent: Your SIM will be deactivated in 2 hours. Call 9000012345 and confirm your Aadhaar number.,1
Your electricity bill of Rs 7500 is due on 7-02-2026. Please pay on time.,0
Your card ending 5293 has been temporarily locked. Call 9123456780 and share OTP to unlock.,1
Refund of Rs 199 is ready. Share your UPI PIN to receive instantly.,1
Urgent: Your SIM will be deactivated in 2 hours. Call 9000012345 and confirm your Aadhaar number.,1
You have an income tax refund pending. Fill this form at http://verify-bank-secure.com to get your refund.,1
Reminder: Your appointment is scheduled for 10-02-2026 at 3:00 PM.,0
Meeting confirmed at 7:45 PM today. Reply YES to confirm your presence.,0
Congratulations! You have won a reward of Rs 10000. Share your bank details to claim now.,1
"Dear user, suspicious login detected from a new device. Verify your password immediately using http://login-security-check.com.",1
Congratulations! You have won a reward of Rs 999. Share your bank details to claim now.,1
Meeting confirmed at 10:45 PM today. Reply YES to confirm your presence.,0
Your OTP for login is 539447. Do not share this with anyone.,0
Refund of Rs 799 is ready. Share your UPI PIN to receive instantly.,1
"Dear user, suspicious login detected from a new device. Verify your password immediately using https://reward-claim-now.com.",1
You have an income tax refund pending. Fill this form at https://secure-upi-check.in to get your refund.,1
Your electricity bill of Rs 1500 is due on 9-02-2026. Please pay on time.,0
Thank you for your payment of Rs 2500. Transaction ID: 683982.,0
Congratulations! You have won a reward of Rs 7500. Share your bank details to claim now.,1
Limited offer: Invest Rs 499 today and get 3x returns in one month. Pay via UPI offer@ybl.,1
Reminder: Your appointment is scheduled for 13-02-2026 at 12:15 PM.,0
Refund of Rs 2500 is ready. Share your UPI PIN to receive instantly.,1
Your OTP for login is 830580. Do not share this with anyone.,0
Important notice from RBI: Your KYC is pending. Complete it now at http://login-security-check.com or your account will be frozen.,1
Urgent: Your SIM will be deactivated in 2 hours. Call 9000012345 and confirm your Aadhaar number.,1
"Dear user, suspicious login detected from a new device. Verify your password immediately using http://login-security-check.com.",1
Important notice from RBI: Your KYC is pending. Complete it now at http://verify-bank-secure.com or your account will be frozen.,1
Your bank account will be blocked today. Verify immediately using this link: http://kyc-update-online.in,1
Your electricity bill of Rs 199 is due on 28-02-2026. Please pay on time.,0
Your electricity bill of Rs 5000 is due on 24-02-2026. Please pay on time.,0
"Dear customer, your UPI ID refund@oksbi has been suspended. Click https://rbi-verify-safe.in to reactivate.",1
Thank you for your payment of Rs 1500. Transaction ID: 690270.,0
"Dear customer, your UPI ID refund@oksbi has been suspended. Click https://reward-claim-now.com to reactivate.",1
"Dear user, suspicious login detected from a new device. Verify your password immediately using http://login-security-check.com.",1
Refund of Rs 5000 is ready. Share your UPI PIN to receive instantly.,1
Important notice from RBI: Your KYC is pending. Complete it now at https://rbi-verify-safe.in or your account will be frozen.,1
Your account balance is Rs 1500. Thank you for banking with us.,0
"Dear customer, your UPI ID offer@ybl has been suspended. Click https://reward-claim-now.com to reactivate.",1
Meeting confirmed at 7:15 PM today. Reply YES to confirm your presence.,0
Your cab is arriving in 5 minutes. Driver contact: 9000012345.,0
"Dear customer, your UPI ID refund@oksbi has been suspended. Click https://rbi-verify-safe.in to reactivate.",1
Your electricity bill of Rs 2500 is due on 19-02-2026. Please pay on time.,0
Order #735136 has been shipped and will be delivered by tomorrow.,0
"Dear customer, your UPI ID bonus@ibl has been suspended. Click https://reward-claim-now.com to reactivate.",1
Your account balance is Rs 7500. Thank you for banking with us.,0
Thank you for your payment of Rs 499. Transaction ID: 450579.,0
Your cab is arriving in 5 minutes. Driver contact: 9123456780.,0
Refund of Rs 999 is ready. Share your UPI PIN to receive instantly.,1
Reminder: Your appointment is scheduled for 10-02-2026 at 5:15 PM.,0
Limited offer: Invest Rs 199 today and get 3x returns in one month. Pay via UPI securepay@okicici.,1
Meeting confirmed at 3:30 PM today. Reply YES to confirm your presence.,0
Happy Birthday! Wishing you a wonderful year ahead.,0
Urgent: Your SIM will be deactivated in 2 hours. Call 9123456780 and confirm your Aadhaar number.,1
Your OTP for login is 644980. Do not share this with anyone.,0
Reminder: Your appointment is scheduled for 14-02-2026 at 9:00 PM.,0
Meeting confirmed at 12:15 PM today. Reply YES to confirm your presence.,0
Your cab is arriving in 5 minutes. Driver contact: 9090909090.,0
Meeting confirmed at 11:45 PM today. Reply YES to confirm your presence.,0
"Dear customer, your UPI ID investfast@axl has been suspended. Click http://kyc-update-online.in to reactivate.",1
Order #216659 has been shipped and will be delivered by tomorrow.,0
Your bank account will be blocked today. Verify immediately using this link: http://verify-bank-secure.com,1
Your card ending 2993 has been temporarily locked. Call 9123456780 and share OTP to unlock.,1
Order #120391 has been shipped and will be delivered by tomorrow.,0
Congratulations! You have won a reward of Rs 5000. Share your bank details to claim now.,1
Your account balance is Rs 2500. Thank you for banking with us.,0
Your cab is arriving in 5 minutes. Driver contact: 9090909090.,0
Important notice from RBI: Your KYC is pending. Complete it now at http://login-security-check.com or your account will be frozen.,1
Congratulations! You have won a reward of Rs 5000. Share your bank details to claim now.,1
Limited offer: Invest Rs 799 today and get 3x returns in one month. Pay via UPI refund@oksbi.,1
Your electricity bill of Rs 1500 is due on 2-02-2026. Please pay on time.,0
Reminder: Your appointment is scheduled for 24-02-2026 at 7:15 PM.,0
Reminder: Your appointment is scheduled for 19-02-2026 at 6:00 PM.,0
Happy Birthday! Wishing you a wonderful year ahead.,0
Your OTP for login is 496887. Do not share this with anyone.,0
Your account balance is Rs 199. Thank you for banking with us.,0
Your bank account will be blocked today. Verify immediately using this link: http://kyc-update-online.in,1
Your bank account will be blocked today. Verify immediately using this link: http://login-security-check.com,1
Congratulations! You have won a reward of Rs 399. Share your bank details to claim now.,1
Limited offer: Invest Rs 999 today and get 3x returns in one month. Pay via UPI abc@upi.,1
Thank you for your payment of Rs 1500. Transaction ID: 543866.,0
You have an income tax refund pending. Fill this form at https://secure-upi-check.in to get your refund.,1
Your card ending 4260 has been temporarily locked. Call 9123456780 and share OTP to unlock.,1
Your account balance is Rs 5000. Thank you for banking with us.,0
Meeting confirmed at 12:15 PM today. Reply YES to confirm your presence.,0
Your bank account will be blocked today. Verify immediately using this link: https://rbi-verify-safe.in,1
Important notice from RBI: Your KYC is pending. Complete it now at https://reward-claim-now.com or your account will be frozen.,1
Important notice from RBI: Your KYC is pending. Complete it now at https://reward-claim-now.com or your account will be frozen.,1
Your account balance is Rs 5000. Thank you for banking with us.,0
Congratulations! You have won a reward of Rs 2500. Share your bank details to claim now.,1
Refund of Rs 7500 is ready. Share your UPI PIN to receive instantly.,1
"Rs 799 debited from your account via UPI offer@ybl. If not you, call customer care.",0
Reminder: Your appointment is scheduled for 2-02-2026 at 1:45 PM.,0
Thank you for your payment of Rs 10000. Transaction ID: 353292.,0
You have an income tax refund pending. Fill this form at http://kyc-update-online.in to get your refund.,1
Urgent: Your SIM will be deactivated in 2 hours. Call 9123456780 and confirm your Aadhaar number.,1
"Dear customer, your UPI ID investfast@axl has been suspended. Click http://verify-bank-secure.com to reactivate.",1
Your electricity bill of Rs 399 is due on 14-02-2026. Please pay on time.,0
Happy Birthday! Wishing you a wonderful year ahead.,0
Your account balance is Rs 1500. Thank you for banking with us.,0
Your electricity bill of Rs 1500 is due on 18-02-2026. Please pay on time.,0
"Dear user, suspicious login detected from a new device. Verify your password immediately using http://login-security-check.com.",1
Refund of Rs 799 is ready. Share your UPI PIN to receive instantly.,1
Your account balance is Rs 7500. Thank you for banking with us.,0
Refund of Rs 1500 is ready. Share your UPI PIN to receive instantly.,1
"Dear customer, your UPI ID refund@oksbi has been suspended. Click https://rbi-verify-safe.in to reactivate.",1
Congratulations! You have won a reward of Rs 199. Share your bank details to claim now.,1
Your account balance is Rs 7500. Thank you for banking with us.,0
"Dear user, suspicious login detected from a new device. Verify your password immediately using https://reward-claim-now.com.",1
Congratulations! You have won a reward of Rs 799. Share your bank details to claim now.,1
"Dear user, suspicious login detected from a new device. Verify your password immediately using http://kyc-update-online.in.",1
Happy Birthday! Wishing you a wonderful year ahead.,0
Your card ending 7622 has been temporarily locked. Call 9812345678 and share OTP to unlock.,1
Refund of Rs 199 is ready. Share your UPI PIN to receive instantly.,1
Limited offer: Invest Rs 10000 today and get 3x returns in one month. Pay via UPI investfast@axl.,1
Meeting confirmed at 9:30 PM today. Reply YES to confirm your presence.,0
Your OTP for login is 764333. Do not share this with anyone.,0
"Dear customer, your UPI ID investfast@axl has been suspended. Click http://verify-bank-secure.com to reactivate.",1
Limited offer: Invest Rs 799 today and get 3x returns in one month. Pay via UPI offer@ybl.,1
Reminder: Your appointment is scheduled for 16-02-2026 at 2:15 PM.,0
Important notice from RBI: Your KYC is pending. Complete it now at http://kyc-update-online.in or your account will be frozen.,1
You have an income tax refund pending. Fill this form at https://reward-claim-now.com to get your refund.,1
Reminder: Your appointment is scheduled for 7-02-2026 at 10:45 PM.,0
Important notice from RBI: Your KYC is pending. Complete it now at http://login-security-check.com or your account will be frozen.,1
Urgent: Your SIM will be deactivated in 2 hours. Call 9123456780 and confirm your Aadhaar number.,1
Your bank account will be blocked today. Verify immediately using this link: http://verify-bank-secure.com,1
Reminder: Your appointment is scheduled for 4-02-2026 at 1:00 PM.,0
Order #333613 has been shipped and will be delivered by tomorrow.,0
Your bank account will be blocked today. Verify immediately using this link: https://rbi-verify-safe.in,1
Your OTP for login is 197717. Do not share this with anyone.,0
Urgent: Your SIM will be deactivated in 2 hours. Call 9988776655 and confirm your Aadhaar number.,1
Thank you for your payment of Rs 7500. Transaction ID: 632650.,0
Urgent: Your SIM will be deactivated in 2 hours. Call 9123456780 and confirm your Aadhaar number.,1
Meeting confirmed at 11:45 PM today. Reply YES to confirm your presence.,0
Your OTP for login is 237180. Do not share this with anyone.,0
Your account balance is Rs 399. Thank you for banking with us.,0
Happy Birthday! Wishing you a wonderful year ahead.,0
Limited offer: Invest Rs 2500 today and get 3x returns in one month. Pay via UPI investfast@axl.,1
"Dear customer, your UPI ID refund@oksbi has been suspended. Click http://verify-bank-secure.com to reactivate.",1
"Rs 5000 debited from your account via UPI bonus@ibl. If not you, call customer care.",0
Refund of Rs 2500 is ready. Share your UPI PIN to receive instantly.,1
Refund of Rs 10000 is ready. Share your UPI PIN to receive instantly.,1
Your card ending 6619 has been temporarily locked. Call 9876543210 and share OTP to unlock.,1
Your card ending 9260 has been temporarily locked. Call 9988776655 and share OTP to unlock.,1
Urgent: Your SIM will be deactivated in 2 hours. Call 9876543210 and confirm your Aadhaar number.,1
"Rs 999 debited from your account via UPI investfast@axl. If not you, call customer care.",0
Urgent: Your SIM will be deactivated in 2 hours. Call 9988776655 and confirm your Aadhaar number.,1
Meeting confirmed at 10:00 PM today. Reply YES to confirm your presence.,0
Your account balance is Rs 2500. Thank you for banking with us.,0
Your account balance is Rs 5000. Thank you for banking with us.,0
Urgent: Your SIM will be deactivated in 2 hours. Call 9090909090 and confirm your Aadhaar number.,1
Your OTP for login is 794297. Do not share this with anyone.,0
Thank you for your payment of Rs 999. Transaction ID: 345775.,0
Refund of Rs 10000 is ready. Share your UPI PIN to receive instantly.,1
Meeting confirmed at 12:45 PM today. Reply YES to confirm your presence.,0
Limited offer: Invest Rs 2500 today and get 3x returns in one month. Pay via UPI offer@ybl.,1
Refund of Rs 199 is ready. Share your UPI PIN to receive instantly.,1
Reminder: Your appointment is scheduled for 8-02-2026 at 1:30 PM.,0
"Rs 499 debited from your account via UPI bonus@ibl. If not you, call customer care.",0
Your OTP for login is 214014. Do not share this with anyone.,0
Your account balance is Rs 999. Thank you for banking with us.,0
You have an income tax refund pending. Fill this form at https://rbi-verify-safe.in to get your refund.,1
"Rs 399 debited from your account via UPI securepay@okicici. If not you, call customer care.",0
Thank you for your payment of Rs 10000. Transaction ID: 371630.,0
"Dear user, suspicious login detected from a new device. Verify your password immediately using https://secure-upi-check.in.",1
Congratulations! You have won a reward of Rs 499. Share your bank details to claim now.,1
Congratulations! You have won a reward of Rs 499. Share your bank details to claim now.,1
You have an income tax refund pending. Fill this form at https://reward-claim-now.com to get your refund.,1
Refund of Rs 7500 is ready. Share your UPI PIN to receive instantly.,1
Urgent: Your SIM will be deactivated in 2 hours. Call 9812345678 and confirm your Aadhaar number.,1
"Dear customer, your UPI ID abc@upi has been suspended. Click http://kyc-update-online.in to reactivate.",1
Your OTP for login is 785761. Do not share this with anyone.,0
Congratulations! You have won a reward of Rs 5000. Share your bank details to claim now.,1
"Rs 199 debited from your account via UPI offer@ybl. If not you, call customer care.",0
Refund of Rs 199 is ready. Share your UPI PIN to receive instantly.,1
"Rs 7500 debited from your account via UPI bonus@ibl. If not you, call customer care.",0
"Rs 799 debited from your account via UPI abc@upi. If not you, call customer care.",0
Important notice from RBI: Your KYC is pending. Complete it now at http://login-security-check.com or your account will be frozen.,1
You have an income tax refund pending. Fill this form at http://login-security-check.com to get your refund.,1
Happy Birthday! Wishing you a wonderful year ahead.,0
Congratulations! You have won a reward of Rs 7500. Share your bank details to claim now.,1
Important notice from RBI: Your KYC is pending. Complete it now at https://secure-upi-check.in or your account will be frozen.,1
Limited offer: Invest Rs 7500 today and get 3x returns in one month. Pay via UPI investfast@axl.,1
Your bank account will be blocked today. Verify immediately using this link: http://login-security-check.com,1
Thank you for your payment of Rs 499. Transaction ID: 171203.,0
Reminder: Your appointment is scheduled for 6-02-2026 at 4:15 PM.,0
You have an income tax refund pending. Fill this form at http://kyc-update-online.in to get your refund.,1
Important notice from RBI: Your KYC is pending. Complete it now at https://reward-claim-now.com or your account will be frozen.,1
Meeting confirmed at 5:15 PM today. Reply YES to confirm your presence.,0
You have an income tax refund pending. Fill this form at http://login-security-check.com to get your refund.,1
"Dear user, suspicious login detected from a new device. Verify your password immediately using http://login-security-check.com.",1
"Dear customer, your UPI ID investfast@axl has been suspended. Click https://reward-claim-now.com to reactivate.",1
"Rs 7500 debited from your account via UPI refund@oksbi. If not you, call customer care.",0
Your electricity bill of Rs 399 is due on 1-02-2026. Please pay on time.,0
Urgent: Your SIM will be deactivated in 2 hours. Call 9123456780 and confirm your Aadhaar number.,1
"Dear user, suspicious login detected from a new device. Verify your password immediately using http://kyc-update-online.in.",1
"Dear user, suspicious login detected from a new device. Verify your password immediately using http://kyc-update-online.in.",1
Your cab is arriving in 5 minutes. Driver contact: 9876543210.,0
Your bank account will be blocked today. Verify immediately using this link: https://secure-upi-check.in,1
Happy Birthday! Wishing you a wonderful year ahead.,0
Refund of Rs 199 is ready. Share your UPI PIN to receive instantly.,1
"Rs 199 debited from your account via UPI investfast@axl. If not you, call customer care.",0
You have an income tax refund pending. Fill this form at http://login-security-check.com to get your refund.,1
Meeting confirmed at 6:00 PM today. Reply YES to confirm your presence.,0
Your card ending 9366 has been temporarily locked. Call 9000012345 and share OTP to unlock.,1
Your OTP for login is 624195. Do not share this with anyone.,0
"Dear user, suspicious login detected from a new device. Verify your password immediately using http://login-security-check.com.",1
Congratulations! You have won a reward of Rs 499. Share your bank details to claim now.,1
Refund of Rs 799 is ready. Share your UPI PIN to receive instantly.,1
Thank you for your payment of Rs 10000. Transaction ID: 634787.,0
Your cab is arriving in 5 minutes. Driver contact: 9090909090.,0
Happy Birthday! Wishing you a wonderful year ahead.,0
Your cab is arriving in 5 minutes. Driver contact: 9000012345.,0
You have an income tax refund pending. Fill this form at https://secure-upi-check.in to get your refund.,1
"Dear user, suspicious login detected from a new device. Verify your password immediately using https://secure-upi-check.in.",1
"Dear user, suspicious login detected from a new device. Verify your password immediately using http://verify-bank-secure.com.",1
Thank you for your payment of Rs 999. Transaction ID: 672920.,0
Your OTP for login is 388896. Do not share this with anyone.,0
Urgent: Your SIM will be deactivated in 2 hours. Call 9123456780 and confirm your Aadhaar number.,1
"Dear user, suspicious login detected from a new device. Verify your password immediately using http://verify-bank-secure.com.",1
Order #210487 has been shipped and will be delivered by tomorrow.,0
Limited offer: Invest Rs 799 today and get 3x returns in one month. Pay via UPI offer@ybl.,1
Important notice from RBI: Your KYC is pending. Complete it now at https://reward-claim-now.com or your account will be frozen.,1
"Dear user, suspicious login detected from a new device. Verify your password immediately using https://secure-upi-check.in.",1
Refund of Rs 999 is ready. Share your UPI PIN to receive instantly.,1
Congratulations! You have won a reward of Rs 499. Share your bank details to claim now.,1
You have an income tax refund pending. Fill this form at http://kyc-update-online.in to get your refund.,1
Order #251005 has been shipped and will be delivered by tomorrow.,0
"Dear user, suspicious login detected from a new device. Verify your password immediately using http://verify-bank-secure.com.",1
"Dear customer, your UPI ID abc@upi has been suspended. Click https://reward-claim-now.com to reactivate.",1
"Dear customer, your UPI ID investfast@axl has been suspended. Click https://reward-claim-now.com to reactivate.",1
Important notice from RBI: Your KYC is pending. Complete it now at https://secure-upi-check.in or your account will be frozen.,1
Your OTP for login is 517345. Do not share this with anyone.,0
Urgent: Your SIM will be deactivated in 2 hours. Call 9000012345 and confirm your Aadhaar number.,1
Your card ending 4092 has been temporarily locked. Call 9988776655 and share OTP to unlock.,1
Refund of Rs 1500 is ready. Share your UPI PIN to receive instantly.,1
"Rs 399 debited from your account via UPI offer@ybl. If not you, call customer care.",0
Reminder: Your appointment is scheduled for 2-02-2026 at 5:15 PM.,0
Order #454798 has been shipped and will be delivered by tomorrow.,0
Important notice from RBI: Your KYC is pending. Complete it now at https://rbi-verify-safe.in or your account will be frozen.,1
Refund of Rs 999 is ready. Share your UPI PIN to receive instantly.,1
Reminder: Your appointment is scheduled for 23-02-2026 at 7:15 PM.,0
Happy Birthday! Wishing you a wonderful year ahead.,0
You have an income tax refund pending. Fill this form at https://secure-upi-check.in to get your refund.,1
Your OTP for login is 444410. Do not share this with anyone.,0
Limited offer: Invest Rs 7500 today and get 3x returns in one month. Pay via UPI offer@ybl.,1
"Dear user, suspicious login detected from a new device. Verify your password immediately using http://verify-bank-secure.com.",1
Your account balance is Rs 10000. Thank you for banking with us.,0
Congratulations! You have won a reward of Rs 199. Share your bank details to claim now.,1
Your OTP for login is 577676. Do not share this with anyone.,0
Reminder: Your appointment is scheduled for 27-02-2026 at 4:45 PM.,0
Your electricity bill of Rs 10000 is due on 24-02-2026. Please pay on time.,0
Your OTP for login is 853424. Do not share this with anyone.,0
Your account balance is Rs 499. Thank you for banking with us.,0
Limited offer: Invest Rs 199 today and get 3x returns in one month. Pay via UPI refund@oksbi.,1
Refund of Rs 7500 is ready. Share your UPI PIN to receive instantly.,1
Reminder: Your appointment is scheduled for 26-02-2026 at 2:30 PM.,0
Your account balance is Rs 5000. Thank you for banking with us.,0
Important notice from RBI: Your KYC is pending. Complete it now at https://reward-claim-now.com or your account will be frozen.,1
Thank you for your payment of Rs 10000. Transaction ID: 965277.,0
Your electricity bill of Rs 1500 is due on 24-02-2026. Please pay on time.,0
You have an income tax refund pending. Fill this form at https://secure-upi-check.in to get your refund.,1
You have an income tax refund pending. Fill this form at http://kyc-update-online.in to get your refund.,1
Thank you for your payment of Rs 7500. Transaction ID: 111869.,0
Order #455183 has been shipped and will be delivered by tomorrow.,0
"Dear customer, your UPI ID offer@ybl has been suspended. Click http://verify-bank-secure.com to reactivate.",1
Thank you for your payment of Rs 499. Transaction ID: 685698.,0
Your card ending 4174 has been temporarily locked. Call 9812345678 and share OTP to unlock.,1
Limited offer: Invest Rs 1500 today and get 3x returns in one month. Pay via UPI securepay@okicici.,1
Important notice from RBI: Your KYC is pending. Complete it now at https://reward-claim-now.com or your account will be frozen.,1
Your OTP for login is 872457. Do not share this with anyone.,0
Order #578842 has been shipped and will be delivered by tomorrow.,0
"Rs 2500 debited from your account via UPI refund@oksbi. If not you, call customer care.",0
Your account balance is Rs 499. Thank you for banking with us.,0
Your account balance is Rs 2500. Thank you for banking with us.,0
Happy Birthday! Wishing you a wonderful year ahead.,0
Your account balance is Rs 5000. Thank you for banking with us.,0
Thank you for your payment of Rs 2500. Transaction ID: 967136.,0
Meeting confirmed at 5:30 PM today. Reply YES to confirm your presence.,0
Limited offer: Invest Rs 1500 today and get 3x returns in one month. Pay via UPI abc@upi.,1
Urgent: Your SIM will be deactivated in 2 hours. Call 9090909090 and confirm your Aadhaar number.,1
Your card ending 9136 has been temporarily locked. Call 9000012345 and share OTP to unlock.,1
"Rs 10000 debited from your account via UPI offer@ybl. If not you, call customer care.",0
Order #377718 has been shipped and will be delivered by tomorrow.,0
Order #158237 has been shipped and will be delivered by tomorrow.,0
Meeting confirmed at 2:45 PM today. Reply YES to confirm your presence.,0
Your account balance is Rs 10000. Thank you for banking with us.,0
Refund of Rs 1500 is ready. Share your UPI PIN to receive instantly.,1
"Dear user, suspicious login detected from a new device. Verify your password immediately using https://reward-claim-now.com.",1
Thank you for your payment of Rs 799. Transaction ID: 323575.,0
Happy Birthday! Wishing you a wonderful year ahead.,0
Order #398032 has been shipped and will be delivered by tomorrow.,0
Meeting confirmed at 8:45 PM today. Reply YES to confirm your presence.,0
"Rs 1500 debited from your account via UPI refund@oksbi. If not you, call customer care.",0
"Dear customer, your UPI ID refund@oksbi has been suspended. Click http://kyc-update-online.in to reactivate.",1
Refund of Rs 2500 is ready. Share your UPI PIN to receive instantly.,1
Limited offer: Invest Rs 2500 today and get 3x returns in one month. Pay via UPI abc@upi.,1
Your OTP for login is 502748. Do not share this with anyone.,0
Your account balance is Rs 399. Thank you for banking with us.,0
Your electricity bill of Rs 799 is due on 17-02-2026. Please pay on time.,0
"Dear customer, your UPI ID abc@upi has been suspended. Click https://reward-claim-now.com to reactivate.",1
Order #438801 has been shipped and will be delivered by tomorrow.,0
Your bank account will be blocked today. Verify immediately using this link: http://verify-bank-secure.com,1
Urgent: Your SIM will be deactivated in 2 hours. Call 9988776655 and confirm your Aadhaar number.,1
"Dear customer, your UPI ID offer@ybl has been suspended. Click https://rbi-verify-safe.in to reactivate.",1
"Dear user, suspicious login detected from a new device. Verify your password immediately using http://verify-bank-secure.com.",1
"Dear user, suspicious login detected from a new device. Verify your password immediately using http://verify-bank-secure.com.",1
Your account balance is Rs 399. Thank you for banking with us.,0
Order #517795 has been shipped and will be delivered by tomorrow.,0
"Rs 799 debited from your account via UPI securepay@okicici. If not you, call customer care.",0
Your account balance is Rs 7500. Thank you for banking with us.,0
"Dear user, suspicious login detected from a new device. Verify your password immediately using http://login-security-check.com.",1
"Dear customer, your UPI ID offer@ybl has been suspended. Click http://kyc-update-online.in to reactivate.",1
Urgent: Your SIM will be deactivated in 2 hours. Call 9988776655 and confirm your Aadhaar number.,1
Meeting confirmed at 3:30 PM today. Reply YES to confirm your presence.,0
Meeting confirmed at 11:00 PM today. Reply YES to confirm your presence.,0
Limited offer: Invest Rs 5000 today and get 3x returns in one month. Pay via UPI refund@oksbi.,1
Limited offer: Invest Rs 999 today and get 3x returns in one month. Pay via UPI investfast@axl.,1
Your electricity bill of Rs 799 is due on 15-02-2026. Please pay on time.,0
"Rs 10000 debited from your account via UPI investfast@axl. If not you, call customer care.",0
Urgent: Your SIM will be deactivated in 2 hours. Call 9000012345 and confirm your Aadhaar number.,1
"Rs 199 debited from your account via UPI refund@oksbi. If not you, call customer care.",0
Your OTP for login is 119485. Do not share this with anyone.,0
Your card ending 7847 has been temporarily locked. Call 9876543210 and share OTP to unlock.,1
Order #888624 has been shipped and will be delivered by tomorrow.,0
"Dear customer, your UPI ID bonus@ibl has been suspended. Click https://secure-upi-check.in to reactivate.",1
Your OTP for login is 410464. Do not share this with anyone.,0
Order #852318 has been shipped and will be delivered by tomorrow.,0
Thank you for your payment of Rs 999. Transaction ID: 301105.,0
Order #553201 has been shipped and will be delivered by tomorrow.,0
Your bank account will be blocked today. Verify immediately using this link: https://rbi-verify-safe.in,1
Your bank account will be blocked today. Verify immediately using this link: http://login-security-check.com,1
Meeting confirmed at 12:15 PM today. Reply YES to confirm your presence.,0
Happy Birthday! Wishing you a wonderful year ahead.,0
Refund of Rs 199 is ready. Share your UPI PIN to receive instantly.,1
Your account balance is Rs 2500. Thank you for banking with us.,0
Congratulations! You have won a reward of Rs 1500. Share your bank details to claim now.,1
Happy Birthday! Wishing you a wonderful year ahead.,0
Your account balance is Rs 799. Thank you for banking with us.,0
Important notice from RBI: Your KYC is pending. Complete it now at http://kyc-update-online.in or your account will be frozen.,1
Happy Birthday! Wishing you a wonderful year ahead.,0
Thank you for your payment of Rs 999. Transaction ID: 252141.,0
Happy Birthday! Wishing you a wonderful year ahead.,0
Limited offer: Invest Rs 399 today and get 3x returns in one month. Pay via UPI investfast@axl.,1
Your account balance is Rs 999. Thank you for banking with us.,0
Important notice from RBI: Your KYC is pending. Complete it now at https://secure-upi-check.in or your account will be frozen.,1
Your card ending 2836 has been temporarily locked. Call 9123456780 and share OTP to unlock.,1
"Dear user, suspicious login detected from a new device. Verify your password immediately using http://verify-bank-secure.com.",1
Congratulations! You have won a reward of Rs 399. Share your bank details to claim now.,1
"Rs 399 debited from your account via UPI bonus@ibl. If not you, call customer care.",0
Reminder: Your appointment is scheduled for 19-02-2026 at 4:30 PM.,0
Reminder: Your appointment is scheduled for 11-02-2026 at 6:15 PM.,0
"Rs 7500 debited from your account via UPI refund@oksbi. If not you, call customer care.",0
Limited offer: Invest Rs 499 today and get 3x returns in one month. Pay via UPI investfast@axl.,1
Reminder: Your appointment is scheduled for 13-02-2026 at 11:30 PM.,0
Congratulations! You have won a reward of Rs 1500. Share your bank details to claim now.,1
Meeting confirmed at 12:15 PM today. Reply YES to confirm your presence.,0
Your electricity bill of Rs 499 is due on 19-02-2026. Please pay on time.,0
Your electricity bill of Rs 2500 is due on 3-02-2026. Please pay on time.,0
Congratulations! You have won a reward of Rs 5000. Share your bank details to claim now.,1
Meeting confirmed at 3:00 PM today. Reply YES to confirm your presence.,0
Reminder: Your appointment is scheduled for 14-02-2026 at 1:15 PM.,0
Important notice from RBI: Your KYC is pending. Complete it now at http://login-security-check.com or your account will be frozen.,1
Limited offer: Invest Rs 1500 today and get 3x returns in one month. Pay via UPI bonus@ibl.,1
"Dear customer, your UPI ID offer@ybl has been suspended. Click http://kyc-update-online.in to reactivate.",1
Your electricity bill of Rs 7500 is due on 25-02-2026. Please pay on time.,0
Order #773693 has been shipped and will be delivered by tomorrow.,0
Happy Birthday! Wishing you a wonderful year ahead.,0
Your bank account will be blocked today. Verify immediately using this link: http://kyc-update-online.in,1
Meeting confirmed at 9:30 PM today. Reply YES to confirm your presence.,0
Your OTP for login is 535234. Do not share this with anyone.,0
Your OTP for login is 314740. Do not share this with anyone.,0
Happy Birthday! Wishing you a wonderful year ahead.,0
"Dear user, suspicious login detected from a new device. Verify your password immediately using http://verify-bank-secure.com.",1
Your card ending 5219 has been temporarily locked. Call 9988776655 and share OTP to unlock.,1
Your account balance is Rs 799. Thank you for banking with us.,0
Your OTP for login is 651385. Do not share this with anyone.,0
Thank you for your payment of Rs 7500. Transaction ID: 445900.,0
Thank you for your payment of Rs 799. Transaction ID: 632096.,0
Reminder: Your appointment is scheduled for 8-02-2026 at 6:15 PM.,0
Your OTP for login is 997992. Do not share this with anyone.,0
Limited offer: Invest Rs 2500 today and get 3x returns in one month. Pay via UPI bonus@ibl.,1
Your account balance is Rs 499. Thank you for banking with us.,0
Your cab is arriving in 5 minutes. Driver contact: 9812345678.,0
Your card ending 5384 has been temporarily locked. Call 9876543210 and share OTP to unlock.,1
"Dear user, suspicious login detected from a new device. Verify your password immediately using https://rbi-verify-safe.in.",1
Your electricity bill of Rs 7500 is due on 1-02-2026. Please pay on time.,0
Thank you for your payment of Rs 10000. Transaction ID: 619000.,0
"Rs 5000 debited from your account via UPI refund@oksbi. If not you, call customer care.",0
You have an income tax refund pending. Fill this form at http://kyc-update-online.in to get your refund.,1
Important notice from RBI: Your KYC is pending. Complete it now at http://verify-bank-secure.com or your account will be frozen.,1
Your bank account will be blocked today. Verify immediately using this link: http://kyc-update-online.in,1
Your bank account will be blocked today. Verify immediately using this link: http://verify-bank-secure.com,1
Limited offer: Invest Rs 199 today and get 3x returns in one month. Pay via UPI refund@oksbi.,1
Your cab is arriving in 5 minutes. Driver contact: 9876543210.,0
Reminder: Your appointment is scheduled for 26-02-2026 at 4:45 PM.,0
Urgent: Your SIM will be deactivated in 2 hours. Call 9123456780 and confirm your Aadhaar number.,1
You have an income tax refund pending. Fill this form at http://login-security-check.com to get your refund.,1
"Dear user, suspicious login detected from a new device. Verify your password immediately using https://rbi-verify-safe.in.",1
Important notice from RBI: Your KYC is pending. Complete it now at http://login-security-check.com or your account will be frozen.,1
Reminder: Your appointment is scheduled for 19-02-2026 at 12:15 PM.,0
Meeting confirmed at 1:30 PM today. Reply YES to confirm your presence.,0
Your card ending 4717 has been temporarily locked. Call 9812345678 and share OTP to unlock.,1
Important notice from RBI: Your KYC is pending. Complete it now at https://reward-claim-now.com or your account will be frozen.,1
Your OTP for login is 305754. Do not share this with anyone.,0
Your bank account will be blocked today. Verify immediately using this link: https://reward-claim-now.com,1
Your OTP for login is 376626. Do not share this with anyone.,0
Important notice from RBI: Your KYC is pending. Complete it now at http://kyc-update-online.in or your account will be frozen.,1
Meeting confirmed at 3:00 PM today. Reply YES to confirm your presence.,0
Your electricity bill of Rs 499 is due on 21-02-2026. Please pay on time.,0
Your bank account will be blocked today. Verify immediately using this link: https://secure-upi-check.in,1
You have an income tax refund pending. Fill this form at http://verify-bank-secure.com to get your refund.,1
"Dear user, suspicious login detected from a new device. Verify your password immediately using http://verify-bank-secure.com.",1
Urgent: Your SIM will be deactivated in 2 hours. Call 9000012345 and confirm your Aadhaar number.,1
Your electricity bill of Rs 799 is due on 8-02-2026. Please pay on time.,0
"Dear user, suspicious login detected from a new device. Verify your password immediately using https://reward-claim-now.com.",1
Meeting confirmed at 3:45 PM today. Reply YES to confirm your presence.,0
You have an income tax refund pending. Fill this form at http://login-security-check.com to get your refund.,1
Meeting confirmed at 12:45 PM today. Reply YES to confirm your presence.,0
Meeting confirmed at 10:30 PM today. Reply YES to confirm your presence.,0
Thank you for your payment of Rs 199. Transaction ID: 913173.,0
"Dear customer, your UPI ID offer@ybl has been suspended. Click https://secure-upi-check.in to reactivate.",1
"Dear customer, your UPI ID abc@upi has been suspended. Click http://kyc-update-online.in to reactivate.",1
Your cab is arriving in 5 minutes. Driver contact: 9090909090.,0
Order #475354 has been shipped and will be delivered by tomorrow.,0
Limited offer: Invest Rs 2500 today and get 3x returns in one month. Pay via UPI offer@ybl.,1
Your electricity bill of Rs 7500 is due on 22-02-2026. Please pay on time.,0
Your cab is arriving in 5 minutes. Driver contact: 9000012345.,0
Your card ending 1267 has been temporarily locked. Call 9876543210 and share OTP to unlock.,1
Your card ending 4099 has been temporarily locked. Call 9090909090 and share OTP to unlock.,1
Your OTP for login is 528052. Do not share this with anyone.,0
Important notice from RBI: Your KYC is pending. Complete it now at https://secure-upi-check.in or your account will be frozen.,1
Limited offer: Invest Rs 799 today and get 3x returns in one month. Pay via UPI refund@oksbi.,1
Your cab is arriving in 5 minutes. Driver contact: 9090909090.,0
"Dear customer, your UPI ID bonus@ibl has been suspended. Click http://login-security-check.com to reactivate.",1
Reminder: Your appointment is scheduled for 15-02-2026 at 8:00 PM.,0
Your account balance is Rs 999. Thank you for banking with us.,0
Meeting confirmed at 4:30 PM today. Reply YES to confirm your presence.,0
Thank you for your payment of Rs 799. Transaction ID: 893466.,0
You have an income tax refund pending. Fill this form at http://login-security-check.com to get your refund.,1
"Dear customer, your UPI ID refund@oksbi has been suspended. Click https://rbi-verify-safe.in to reactivate.",1
Limited offer: Invest Rs 7500 today and get 3x returns in one month. Pay via UPI offer@ybl.,1
"Dear customer, your UPI ID investfast@axl has been suspended. Click http://verify-bank-secure.com to reactivate.",1
Your card ending 5173 has been temporarily locked. Call 9812345678 and share OTP to unlock.,1
Reminder: Your appointment is scheduled for 10-02-2026 at 3:30 PM.,0
Reminder: Your appointment is scheduled for 7-02-2026 at 3:00 PM.,0
Important notice from RBI: Your KYC is pending. Complete it now at https://reward-claim-now.com or your account will be frozen.,1
"Dear customer, your UPI ID abc@upi has been suspended. Click http://kyc-update-online.in to reactivate.",1
Your bank account will be blocked today. Verify immediately using this link: http://login-security-check.com,1
Limited offer: Invest Rs 999 today and get 3x returns in one month. Pay via UPI securepay@okicici.,1
Meeting confirmed at 12:45 PM today. Reply YES to confirm your presence.,0
Reminder: Your appointment is scheduled for 2-02-2026 at 4:30 PM.,0
Your OTP for login is 179139. Do not share this with anyone.,0
Limited offer: Invest Rs 499 today and get 3x returns in one month. Pay via UPI abc@upi.,1
Congratulations! You have won a reward of Rs 7500. Share your bank details to claim now.,1
Order #750477 has been shipped and will be delivered by tomorrow.,0
Your cab is arriving in 5 minutes. Driver contact: 9090909090.,0
Your electricity bill of Rs 799 is due on 15-02-2026. Please pay on time.,0
Refund of Rs 1500 is ready. Share your UPI PIN to receive instantly.,1
Order #695827 has been shipped and will be delivered by tomorrow.,0
Your electricity bill of Rs 10000 is due on 18-02-2026. Please pay on time.,0
Your OTP for login is 935814. Do not share this with anyone.,0
Congratulations! You have won a reward of Rs 1500. Share your bank details to claim now.,1
Limited offer: Invest Rs 10000 today and get 3x returns in one month. Pay via UPI abc@upi.,1
You have an income tax refund pending. Fill this form at https://rbi-verify-safe.in to get your refund.,1
Congratulations! You have won a reward of Rs 799. Share your bank details to claim now.,1
Happy Birthday! Wishing you a wonderful year ahead.,0
Your bank account will be blocked today. Verify immediately using this link: https://reward-claim-now.com,1
Important notice from RBI: Your KYC is pending. Complete it now at http://verify-bank-secure.com or your account will be frozen.,1
Refund of Rs 10000 is ready. Share your UPI PIN to receive instantly.,1
Your cab is arriving in 5 minutes. Driver contact: 9988776655.,0
Your cab is arriving in 5 minutes. Driver contact: 9123456780.,0
Your electricity bill of Rs 799 is due on 21-02-2026. Please pay on time.,0
Refund of Rs 10000 is ready. Share your UPI PIN to receive instantly.,1
Your bank account will be blocked today. Verify immediately using this link: https://secure-upi-check.in,1
Order #198281 has been shipped and will be delivered by tomorrow.,0
Your electricity bill of Rs 399 is due on 12-02-2026. Please pay on time.,0
You have an income tax refund pending. Fill this form at https://secure-upi-check.in to get your refund.,1
Your OTP for login is 830448. Do not share this with anyone.,0
Congratulations! You have won a reward of Rs 2500. Share your bank details to claim now.,1
Refund of Rs 1500 is ready. Share your UPI PIN to receive instantly.,1
Your bank account will be blocked today. Verify immediately using this link: https://rbi-verify-safe.in,1
"Dear user, suspicious login detected from a new device. Verify your password immediately using https://reward-claim-now.com.",1
Your bank account will be blocked today. Verify immediately using this link: https://rbi-verify-safe.in,1
Reminder: Your appointment is scheduled for 17-02-2026 at 9:15 PM.,0
Congratulations! You have won a reward of Rs 499. Share your bank details to claim now.,1
Order #440148 has been shipped and will be delivered by tomorrow.,0
Your electricity bill of Rs 7500 is due on 2-02-2026. Please pay on time.,0
Important notice from RBI: Your KYC is pending. Complete it now at http://verify-bank-secure.com or your account will be frozen.,1
Urgent: Your SIM will be deactivated in 2 hours. Call 9988776655 and confirm your Aadhaar number.,1
Thank you for your payment of Rs 399. Transaction ID: 668383.,0
Congratulations! You have won a reward of Rs 999. Share your bank details to claim now.,1
Thank you for your payment of Rs 399. Transaction ID: 995204.,0
Urgent: Your SIM will be deactivated in 2 hours. Call 9876543210 and confirm your Aadhaar number.,1
"Dear customer, your UPI ID refund@oksbi has been suspended. Click http://verify-bank-secure.com to reactivate.",1
Your account balance is Rs 10000. Thank you for banking with us.,0
Order #182652 has been shipped and will be delivered by tomorrow.,0
Important notice from RBI: Your KYC is pending. Complete it now at https://secure-upi-check.in or your account will be frozen.,1
Your account balance is Rs 999. Thank you for banking with us.,0
Your account balance is Rs 7500. Thank you for banking with us.,0
Your OTP for login is 374102. Do not share this with anyone.,0
Your OTP for login is 148161. Do not share this with anyone.,0
Your electricity bill of Rs 799 is due on 21-02-2026. Please pay on time.,0
Your card ending 3276 has been temporarily locked. Call 9988776655 and share OTP to unlock.,1
Your card ending 5405 has been temporarily locked. Call 9090909090 and share OTP to unlock.,1
Meeting confirmed at 6:45 PM today. Reply YES to confirm your presence.,0
Congratulations! You have won a reward of Rs 399. Share your bank details to claim now.,1
Limited offer: Invest Rs 5000 today and get 3x returns in one month. Pay via UPI refund@oksbi.,1
Order #325962 has been shipped and will be delivered by tomorrow.,0
Thank you for your payment of Rs 2500. Transaction ID: 182793.,0
Thank you for your payment of Rs 2500. Transaction ID: 718660.,0
Your cab is arriving in 5 minutes. Driver contact: 9988776655.,0
Meeting confirmed at 8:30 PM today. Reply YES to confirm your presence.,0
Order #194612 has been shipped and will be delivered by tomorrow.,0
Congratulations! You have won a reward of Rs 199. Share your bank details to claim now.,1
Your OTP for login is 780394. Do not share this with anyone.,0
Limited offer: Invest Rs 499 today and get 3x returns in one month. Pay via UPI offer@ybl.,1
Your cab is arriving in 5 minutes. Driver contact: 9812345678.,0
Your bank account will be blocked today. Verify immediately using this link: http://login-security-check.com,1
Limited offer: Invest Rs 399 today and get 3x returns in one month. Pay via UPI bonus@ibl.,1
Your OTP for login is 393588. Do not share this with anyone.,0
Reminder: Your appointment is scheduled for 24-02-2026 at 6:45 PM.,0
Meeting confirmed at 2:45 PM today. Reply YES to confirm your presence.,0
Your bank account will be blocked today. Verify immediately using this link: http://kyc-update-online.in,1
"Dear user, suspicious login detected from a new device. Verify your password immediately using http://verify-bank-secure.com.",1
Your card ending 3026 has been temporarily locked. Call 9123456780 and share OTP to unlock.,1
Thank you for your payment of Rs 199. Transaction ID: 415894.,0
Order #483984 has been shipped and will be delivered by tomorrow.,0
You have an income tax refund pending. Fill this form at https://reward-claim-now.com to get your refund.,1
Your cab is arriving in 5 minutes. Driver contact: 9988776655.,0
"Dear user, suspicious login detected from a new device. Verify your password immediately using https://secure-upi-check.in.",1
Limited offer: Invest Rs 199 today and get 3x returns in one month. Pay via UPI securepay@okicici.,1
"Dear customer, your UPI ID abc@upi has been suspended. Click http://login-security-check.com to reactivate.",1
Your OTP for login is 521376. Do not share this with anyone.,0
Your electricity bill of Rs 499 is due on 8-02-2026. Please pay on time.,0
Refund of Rs 2500 is ready. Share your UPI PIN to receive instantly.,1
Urgent: Your SIM will be deactivated in 2 hours. Call 9090909090 and confirm your Aadhaar number.,1
Refund of Rs 799 is ready. Share your UPI PIN to receive instantly.,1
Your card ending 1616 has been temporarily locked. Call 9000012345 and share OTP to unlock.,1
Refund of Rs 7500 is ready. Share your UPI PIN to receive instantly.,1
Happy Birthday! Wishing you a wonderful year ahead.,0
You have an income tax refund pending. Fill this form at https://secure-upi-check.in to get your refund.,1
Refund of Rs 10000 is ready. Share your UPI PIN to receive instantly.,1
Important notice from RBI: Your KYC is pending. Complete it now at https://secure-upi-check.in or your account will be frozen.,1
Reminder: Your appointment is scheduled for 5-02-2026 at 4:30 PM.,0
"Rs 7500 debited from your account via UPI offer@ybl. If not you, call customer care.",0
Reminder: Your appointment is scheduled for 14-02-2026 at 1:00 PM.,0
Limited offer: Invest Rs 7500 today and get 3x returns in one month. Pay via UPI abc@upi.,1
Happy Birthday! Wishing you a wonderful year ahead.,0
"Dear user, suspicious login detected from a new device. Verify your password immediately using https://reward-claim-now.com.",1
Happy Birthday! Wishing you a wonderful year ahead.,0
"Dear user, suspicious login detected from a new device. Verify your password immediately using http://login-security-check.com.",1
Order #652820 has been shipped and will be delivered by tomorrow.,0
Happy Birthday! Wishing you a wonderful year ahead.,0
"Dear user, suspicious login detected from a new device. Verify your password immediately using https://secure-upi-check.in.",1
Your bank account will be blocked today. Verify immediately using this link: http://verify-bank-secure.com,1
Your account balance is Rs 7500. Thank you for banking with us.,0
Thank you for your payment of Rs 5000. Transaction ID: 418733.,0
Your OTP for login is 248367. Do not share this with anyone.,0
Order #495897 has been shipped and will be delivered by tomorrow.,0
Happy Birthday! Wishing you a wonderful year ahead.,0
Your electricity bill of Rs 2500 is due on 19-02-2026. Please pay on time.,0
"Dear customer, your UPI ID offer@ybl has been suspended. Click http://kyc-update-online.in to reactivate.",1
Your electricity bill of Rs 5000 is due on 17-02-2026. Please pay on time.,0
You have an income tax refund pending. Fill this form at https://reward-claim-now.com to get your refund.,1
Reminder: Your appointment is scheduled for 23-02-2026 at 4:15 PM.,0
Reminder: Your appointment is scheduled for 9-02-2026 at 11:30 PM.,0
Your bank account will be blocked today. Verify immediately using this link: http://kyc-update-online.in,1
Important notice from RBI: Your KYC is pending. Complete it now at http://verify-bank-secure.com or your account will be frozen.,1
Your account balance is Rs 5000. Thank you for banking with us.,0
Happy Birthday! Wishing you a wonderful year ahead.,0
Thank you for your payment of Rs 1500. Transaction ID: 277963.,0
Urgent: Your SIM will be deactivated in 2 hours. Call 9090909090 and confirm your Aadhaar number.,1
"Dear user, suspicious login detected from a new device. Verify your password immediately using http://verify-bank-secure.com.",1
Your electricity bill of Rs 10000 is due on 2-02-2026. Please pay on time.,0
You have an income tax refund pending. Fill this form at http://verify-bank-secure.com to get your refund.,1
"Dear user, suspicious login detected from a new device. Verify your password immediately using http://login-security-check.com.",1
Reminder: Your appointment is scheduled for 27-02-2026 at 5:15 PM.,0
Thank you for your payment of Rs 199. Transaction ID: 648436.,0
Important notice from RBI: Your KYC is pending. Complete it now at https://secure-upi-check.in or your account will be frozen.,1
Reminder: Your appointment is scheduled for 3-02-2026 at 4:00 PM.,0
Your account balance is Rs 10000. Thank you for banking with us.,0
You have an income tax refund pending. Fill this form at https://rbi-verify-safe.in to get your refund.,1
"Rs 799 debited from your account via UPI abc@upi. If not you, call customer care.",0
Meeting confirmed at 1:30 PM today. Reply YES to confirm your presence.,0
Your cab is arriving in 5 minutes. Driver contact: 9000012345.,0
Congratulations! You have won a reward of Rs 499. Share your bank details to claim now.,1
Meeting confirmed at 9:00 PM today. Reply YES to confirm your presence.,0
Thank you for your payment of Rs 399. Transaction ID: 462750.,0
"Dear user, suspicious login detected from a new device. Verify your password immediately using https://reward-claim-now.com.",1
Meeting confirmed at 12:30 PM today. Reply YES to confirm your presence.,0
Happy Birthday! Wishing you a wonderful year ahead.,0
Thank you for your payment of Rs 799. Transaction ID: 794415.,0
Reminder: Your appointment is scheduled for 15-02-2026 at 3:45 PM.,0
Thank you for your payment of Rs 799. Transaction ID: 747008.,0
Your electricity bill of Rs 10000 is due on 18-02-2026. Please pay on time.,0
Congratulations! You have won a reward of Rs 999. Share your bank details to claim now.,1
Important notice from RBI: Your KYC is pending. Complete it now at https://rbi-verify-safe.in or your account will be frozen.,1
Your cab is arriving in 5 minutes. Driver contact: 9988776655.,0
Your OTP for login is 952155. Do not share this with anyone.,0
Your cab is arriving in 5 minutes. Driver contact: 9090909090.,0
Limited offer: Invest Rs 5000 today and get 3x returns in one month. Pay via UPI offer@ybl.,1
Refund of Rs 10000 is ready. Share your UPI PIN to receive instantly.,1
Order #762214 has been shipped and will be delivered by tomorrow.,0
Your cab is arriving in 5 minutes. Driver contact: 9988776655.,0
Thank you for your payment of Rs 799. Transaction ID: 778757.,0
Your card ending 8845 has been temporarily locked. Call 9123456780 and share OTP to unlock.,1
Meeting confirmed at 6:45 PM today. Reply YES to confirm your presence.,0
Urgent: Your SIM will be deactivated in 2 hours. Call 9123456780 and confirm your Aadhaar number.,1
Your OTP for login is 261877. Do not share this with anyone.,0
Refund of Rs 10000 is ready. Share your UPI PIN to receive instantly.,1
Reminder: Your appointment is scheduled for 4-02-2026 at 10:45 PM.,0
"Dear customer, your UPI ID abc@upi has been suspended. Click https://rbi-verify-safe.in to reactivate.",1
Your electricity bill of Rs 1500 is due on 14-02-2026. Please pay on time.,0
Meeting confirmed at 4:15 PM today. Reply YES to confirm your presence.,0
Happy Birthday! Wishing you a wonderful year ahead.,0
Your cab is arriving in 5 minutes. Driver contact: 9090909090.,0
Your account balance is Rs 2500. Thank you for banking with us.,0
"Dear user, suspicious login detected from a new device. Verify your password immediately using https://reward-claim-now.com.",1
Your electricity bill of Rs 2500 is due on 9-02-2026. Please pay on time.,0
Refund of Rs 799 is ready. Share your UPI PIN to receive instantly.,1
Urgent: Your SIM will be deactivated in 2 hours. Call 9090909090 and confirm your Aadhaar number.,1
Reminder: Your appointment is scheduled for 13-02-2026 at 11:15 PM.,0
Your electricity bill of Rs 10000 is due on 8-02-2026. Please pay on time.,0
Happy Birthday! Wishing you a wonderful year ahead.,0
Your OTP for login is 376620. Do not share this with anyone.,0
Congratulations! You have won a reward of Rs 5000. Share your bank details to claim now.,1
Your account balance is Rs 2500. Thank you for banking with us.,0
Your OTP for login is 549182. Do not share this with anyone.,0
You have an income tax refund pending. Fill this form at http://kyc-update-online.in to get your refund.,1
"Rs 1500 debited from your account via UPI investfast@axl. If not you, call customer care.",0
You have an income tax refund pending. Fill this form at https://secure-upi-check.in to get your refund.,1
Your bank account will be blocked today. Verify immediately using this link: https://rbi-verify-safe.in,1
Your cab is arriving in 5 minutes. Driver contact: 9090909090.,0
Your electricity bill of Rs 7500 is due on 25-02-2026. Please pay on time.,0
Happy Birthday! Wishing you a wonderful year ahead.,0
"Dear user, suspicious login detected from a new device. Verify your password immediately using https://secure-upi-check.in.",1
Happy Birthday! Wishing you a wonderful year ahead.,0
Happy Birthday! Wishing you a wonderful year ahead.,0
Your bank account will be blocked today. Verify immediately using this link: https://rbi-verify-safe.in,1
Urgent: Your SIM will be deactivated in 2 hours. Call 9876543210 and confirm your Aadhaar number.,1
Congratulations! You have won a reward of Rs 1500. Share your bank details to claim now.,1
Your electricity bill of Rs 7500 is due on 13-02-2026. Please pay on time.,0
"Dear user, suspicious login detected from a new device. Verify your password immediately using http://login-security-check.com.",1
Urgent: Your SIM will be deactivated in 2 hours. Call 9000012345 and confirm your Aadhaar number.,1
Meeting confirmed at 8:45 PM today. Reply YES to confirm your presence.,0
Your bank account will be blocked today. Verify immediately using this link: https://rbi-verify-safe.in,1
Congratulations! You have won a reward of Rs 399. Share your bank details to claim now.,1
Your electricity bill of Rs 399 is due on 25-02-2026. Please pay on time.,0
Refund of Rs 7500 is ready. Share your UPI PIN to receive instantly.,1
Your account balance is Rs 2500. Thank you for banking with us.,0
Reminder: Your appointment is scheduled for 28-02-2026 at 10:15 PM.,0
Your electricity bill of Rs 499 is due on 8-02-2026. Please pay on time.,0
Your cab is arriving in 5 minutes. Driver contact: 9812345678.,0
Refund of Rs 5000 is ready. Share your UPI PIN to receive instantly.,1
Congratulations! You have won a reward of Rs 499. Share your bank details to claim now.,1
You have an income tax refund pending. Fill this form at http://verify-bank-secure.com to get your refund.,1
Limited offer: Invest Rs 7500 today and get 3x returns in one month. Pay via UPI refund@oksbi.,1
Important notice from RBI: Your KYC is pending. Complete it now at https://rbi-verify-safe.in or your account will be frozen.,1
Your cab is arriving in 5 minutes. Driver contact: 9876543210.,0
Refund of Rs 199 is ready. Share your UPI PIN to receive instantly.,1
Congratulations! You have won a reward of Rs 999. Share your bank details to claim now.,1
Your OTP for login is 270686. Do not share this with anyone.,0
Thank you for your payment of Rs 1500. Transaction ID: 131443.,0
Refund of Rs 5000 is ready. Share your UPI PIN to receive instantly.,1
Meeting confirmed at 2:15 PM today. Reply YES to confirm your presence.,0
Congratulations! You have won a reward of Rs 199. Share your bank details to claim now.,1
Urgent: Your SIM will be deactivated in 2 hours. Call 9000012345 and confirm your Aadhaar number.,1
Urgent: Your SIM will be deactivated in 2 hours. Call 9876543210 and confirm your Aadhaar number.,1
Meeting confirmed at 5:15 PM today. Reply YES to confirm your presence.,0
Limited offer: Invest Rs 2500 today and get 3x returns in one month. Pay via UPI abc@upi.,1
Congratulations! You have won a reward of Rs 499. Share your bank details to claim now.,1
Thank you for your payment of Rs 199. Transaction ID: 687611.,0
Your cab is arriving in 5 minutes. Driver contact: 9876543210.,0
Thank you for your payment of Rs 10000. Transaction ID: 215157.,0
Refund of Rs 1500 is ready. Share your UPI PIN to receive instantly.,1
"Rs 799 debited from your account via UPI investfast@axl. If not you, call customer care.",0
Your card ending 6202 has been temporarily locked. Call 9812345678 and share OTP to unlock.,1
You have an income tax refund pending. Fill this form at https://reward-claim-now.com to get your refund.,1
"Rs 5000 debited from your account via UPI refund@oksbi. If not you, call customer care.",0
Limited offer: Invest Rs 10000 today and get 3x returns in one month. Pay via UPI refund@oksbi.,1
Your electricity bill of Rs 2500 is due on 28-02-2026. Please pay on time.,0
Happy Birthday! Wishing you a wonderful year ahead.,0
Your cab is arriving in 5 minutes. Driver contact: 9000012345.,0
Happy Birthday! Wishing you a wonderful year ahead.,0
Order #184281 has been shipped and will be delivered by tomorrow.,0
Your cab is arriving in 5 minutes. Driver contact: 9876543210.,0
Important notice from RBI: Your KYC is pending. Complete it now at https://secure-upi-check.in or your account will be frozen.,1
Your OTP for login is 615856. Do not share this with anyone.,0
Your card ending 7543 has been temporarily locked. Call 9988776655 and share OTP to unlock.,1
Your card ending 3886 has been temporarily locked. Call 9812345678 and share OTP to unlock.,1
"Dear user, suspicious login detected from a new device. Verify your password immediately using http://login-security-check.com.",1
Reminder: Your appointment is scheduled for 15-02-2026 at 8:00 PM.,0
Your OTP for login is 518446. Do not share this with anyone.,0
Refund of Rs 7500 is ready. Share your UPI PIN to receive instantly.,1
Meeting confirmed at 7:00 PM today. Reply YES to confirm your presence.,0
Thank you for your payment of Rs 199. Transaction ID: 112453.,0
Your bank account will be blocked today. Verify immediately using this link: https://reward-claim-now.com,1
"Dear user, suspicious login detected from a new device. Verify your password immediately using https://secure-upi-check.in.",1
Your electricity bill of Rs 199 is due on 4-02-2026. Please pay on time.,0
Reminder: Your appointment is scheduled for 2-02-2026 at 1:15 PM.,0
"Rs 2500 debited from your account via UPI offer@ybl. If not you, call customer care.",0
Your card ending 1756 has been temporarily locked. Call 9812345678 and share OTP to unlock.,1
Your cab is arriving in 5 minutes. Driver contact: 9123456780.,0
Your electricity bill of Rs 7500 is due on 8-02-2026. Please pay on time.,0
Refund of Rs 7500 is ready. Share your UPI PIN to receive instantly.,1
Reminder: Your appointment is scheduled for 5-02-2026 at 8:00 PM.,0
Your OTP for login is 613061. Do not share this with anyone.,0
Urgent: Your SIM will be deactivated in 2 hours. Call 9812345678 and confirm your Aadhaar number.,1
Thank you for your payment of Rs 7500. Transaction ID: 199858.,0
Reminder: Your appointment is scheduled for 10-02-2026 at 3:30 PM.,0
You have an income tax refund pending. Fill this form at http://login-security-check.com to get your refund.,1
Your account balance is Rs 399. Thank you for banking with us.,0
Thank you for your payment of Rs 799. Transaction ID: 784863.,0
Refund of Rs 999 is ready. Share your UPI PIN to receive instantly.,1
Limited offer: Invest Rs 499 today and get 3x returns in one month. Pay via UPI offer@ybl.,1
"Rs 499 debited from your account via UPI securepay@okicici. If not you, call customer care.",0
Happy Birthday! Wishing you a wonderful year ahead.,0
Your account balance is Rs 7500. Thank you for banking with us.,0
Your card ending 6240 has been temporarily locked. Call 9988776655 and share OTP to unlock.,1
Reminder: Your appointment is scheduled for 20-02-2026 at 12:15 PM.,0
Your electricity bill of Rs 499 is due on 1-02-2026. Please pay on time.,0
Important notice from RBI: Your KYC is pending. Complete it now at https://reward-claim-now.com or your account will be frozen.,1
You have an income tax refund pending. Fill this form at http://login-security-check.com to get your refund.,1
Urgent: Your SIM will be deactivated in 2 hours. Call 9000012345 and confirm your Aadhaar number.,1
"Dear user, suspicious login detected from a new device. Verify your password immediately using http://kyc-update-online.in.",1
Happy Birthday! Wishing you a wonderful year ahead.,0
Urgent: Your SIM will be deactivated in 2 hours. Call 9812345678 and confirm your Aadhaar number.,1
Your electricity bill of Rs 199 is due on 9-02-2026. Please pay on time.,0
"Rs 1500 debited from your account via UPI securepay@okicici. If not you, call customer care.",0
Happy Birthday! Wishing you a wonderful year ahead.,0
Congratulations! You have won a reward of Rs 499. Share your bank details to claim now.,1
Your OTP for login is 379359. Do not share this with anyone.,0
Happy Birthday! Wishing you a wonderful year ahead.,0
Order #822519 has been shipped and will be delivered by tomorrow.,0
Thank you for your payment of Rs 999. Transaction ID: 608032.,0
Urgent: Your SIM will be deactivated in 2 hours. Call 9090909090 and confirm your Aadhaar number.,1
Your account balance is Rs 5000. Thank you for banking with us.,0
Congratulations! You have won a reward of Rs 199. Share your bank details to claim now.,1
Your OTP for login is 929107. Do not share this with anyone.,0
Thank you for your payment of Rs 7500. Transaction ID: 909744.,0
Order #512881 has been shipped and will be delivered by tomorrow.,0
Your bank account will be blocked today. Verify immediately using this link: http://login-security-check.com,1
Your card ending 6883 has been temporarily locked. Call 9090909090 and share OTP to unlock.,1
Your cab is arriving in 5 minutes. Driver contact: 9090909090.,0
Limited offer: Invest Rs 5000 today and get 3x returns in one month. Pay via UPI securepay@okicici.,1
Limited offer: Invest Rs 7500 today and get 3x returns in one month. Pay via UPI securepay@okicici.,1
"Dear customer, your UPI ID refund@oksbi has been suspended. Click https://secure-upi-check.in to reactivate.",1
You have an income tax refund pending. Fill this form at https://secure-upi-check.in to get your refund.,1
Thank you for your payment of Rs 10000. Transaction ID: 180910.,0
Your bank account will be blocked today. Verify immediately using this link: http://verify-bank-secure.com,1
Congratulations! You have won a reward of Rs 2500. Share your bank details to claim now.,1
Congratulations! You have won a reward of Rs 1500. Share your bank details to claim now.,1
Reminder: Your appointment is scheduled for 8-02-2026 at 3:30 PM.,0
Refund of Rs 7500 is ready. Share your UPI PIN to receive instantly.,1
Reminder: Your appointment is scheduled for 7-02-2026 at 3:30 PM.,0
Reminder: Your appointment is scheduled for 8-02-2026 at 6:30 PM.,0
Your account balance is Rs 10000. Thank you for banking with us.,0
Refund of Rs 7500 is ready. Share your UPI PIN to receive instantly.,1
"Rs 2500 debited from your account via UPI refund@oksbi. If not you, call customer care.",0
Refund of Rs 199 is ready. Share your UPI PIN to receive instantly.,1
You have an income tax refund pending. Fill this form at https://secure-upi-check.in to get your refund.,1
Your account balance is Rs 399. Thank you for banking with us.,0
Thank you for your payment of Rs 1500. Transaction ID: 441841.,0
"Dear user, suspicious login detected from a new device. Verify your password immediately using http://login-security-check.com.",1
Important notice from RBI: Your KYC is pending. Complete it now at http://login-security-check.com or your account will be frozen.,1
Important notice from RBI: Your KYC is pending. Complete it now at https://rbi-verify-safe.in or your account will be frozen.,1
You have an income tax refund pending. Fill this form at http://kyc-update-online.in to get your refund.,1
Refund of Rs 10000 is ready. Share your UPI PIN to receive instantly.,1
Happy Birthday! Wishing you a wonderful year ahead.,0
Your OTP for login is 228309. Do not share this with anyone.,0
Limited offer: Invest Rs 799 today and get 3x returns in one month. Pay via UPI securepay@okicici.,1
Thank you for your payment of Rs 199. Transaction ID: 740523.,0
Thank you for your payment of Rs 499. Transaction ID: 453250.,0
Urgent: Your SIM will be deactivated in 2 hours. Call 9988776655 and confirm your Aadhaar number.,1
Limited offer: Invest Rs 1500 today and get 3x returns in one month. Pay via UPI securepay@okicici.,1
Your account balance is Rs 999. Thank you for banking with us.,0
"Dear user, suspicious login detected from a new device. Verify your password immediately using http://verify-bank-secure.com.",1
Refund of Rs 499 is ready. Share your UPI PIN to receive instantly.,1
Reminder: Your appointment is scheduled for 12-02-2026 at 11:15 PM.,0
Your cab is arriving in 5 minutes. Driver contact: 9988776655.,0
"Dear user, suspicious login detected from a new device. Verify your password immediately using https://reward-claim-now.com.",1
Your account balance is Rs 1500. Thank you for banking with us.,0
Reminder: Your appointment is scheduled for 12-02-2026 at 6:15 PM.,0
"Dear user, suspicious login detected from a new device. Verify your password immediately using http://verify-bank-secure.com.",1
Thank you for your payment of Rs 399. Transaction ID: 105296.,0
"Dear user, suspicious login detected from a new device. Verify your password immediately using https://secure-upi-check.in.",1
Meeting confirmed at 5:00 PM today. Reply YES to confirm your presence.,0
Your bank account will be blocked today. Verify immediately using this link: http://kyc-update-online.in,1
Your bank account will be blocked today. Verify immediately using this link: http://verify-bank-secure.com,1
"Dear customer, your UPI ID offer@ybl has been suspended. Click https://secure-upi-check.in to reactivate.",1
"Dear user, suspicious login detected from a new device. Verify your password immediately using http://verify-bank-secure.com.",1
Your cab is arriving in 5 minutes. Driver contact: 9812345678.,0
Limited offer: Invest Rs 2500 today and get 3x returns in one month. Pay via UPI bonus@ibl.,1
Refund of Rs 1500 is ready. Share your UPI PIN to receive instantly.,1
Your cab is arriving in 5 minutes. Driver contact: 9090909090.,0
Your cab is arriving in 5 minutes. Driver contact: 9812345678.,0
Reminder: Your appointment is scheduled for 9-02-2026 at 10:00 PM.,0
Urgent: Your SIM will be deactivated in 2 hours. Call 9988776655 and confirm your Aadhaar number.,1
Important notice from RBI: Your KYC is pending. Complete it now at http://login-security-check.com or your account will be frozen.,1
Your bank account will be blocked today. Verify immediately using this link: https://rbi-verify-safe.in,1
Order #330725 has been shipped and will be delivered by tomorrow.,0
Your cab is arriving in 5 minutes. Driver contact: 9876543210.,0
Urgent: Your SIM will be deactivated in 2 hours. Call 9090909090 and confirm your Aadhaar number.,1
Your cab is arriving in 5 minutes. Driver contact: 9123456780.,0
Your electricity bill of Rs 499 is due on 10-02-2026. Please pay on time.,0
Your card ending 1785 has been temporarily locked. Call 9876543210 and share OTP to unlock.,1
Congratulations! You have won a reward of Rs 199. Share your bank details to claim now.,1
Your account balance is Rs 1500. Thank you for banking with us.,0
Meeting confirmed at 6:15 PM today. Reply YES to confirm your presence.,0
Limited offer: Invest Rs 999 today and get 3x returns in one month. Pay via UPI abc@upi.,1
You have an income tax refund pending. Fill this form at http://verify-bank-secure.com to get your refund.,1
You have an income tax refund pending. Fill this form at https://reward-claim-now.com to get your refund.,1
Happy Birthday! Wishing you a wonderful year ahead.,0
Limited offer: Invest Rs 399 today and get 3x returns in one month. Pay via UPI investfast@axl.,1
"Dear customer, your UPI ID offer@ybl has been suspended. Click https://rbi-verify-safe.in to reactivate.",1
Your account balance is Rs 999. Thank you for banking with us.,0
Reminder: Your appointment is scheduled for 9-02-2026 at 2:15 PM.,0
Your electricity bill of Rs 10000 is due on 21-02-2026. Please pay on time.,0
Your cab is arriving in 5 minutes. Driver contact: 9876543210.,0
"Rs 1500 debited from your account via UPI abc@upi. If not you, call customer care.",0
Urgent: Your SIM will be deactivated in 2 hours. Call 9090909090 and confirm your Aadhaar number.,1
Your account balance is Rs 199. Thank you for banking with us.,0
Order #505712 has been shipped and will be delivered by tomorrow.,0
Order #697615 has been shipped and will be delivered by tomorrow.,0
Your account balance is Rs 1500. Thank you for banking with us.,0
Order #907283 has been shipped and will be delivered by tomorrow.,0
Meeting confirmed at 10:15 PM today. Reply YES to confirm your presence.,0
Important notice from RBI: Your KYC is pending. Complete it now at http://verify-bank-secure.com or your account will be frozen.,1
Your bank account will be blocked today. Verify immediately using this link: http://kyc-update-online.in,1
"Dear customer, your UPI ID refund@oksbi has been suspended. Click https://reward-claim-now.com to reactivate.",1
Reminder: Your appointment is scheduled for 28-02-2026 at 9:00 PM.,0
Your cab is arriving in 5 minutes. Driver contact: 9988776655.,0
"Rs 5000 debited from your account via UPI abc@upi. If not you, call customer care.",0
Refund of Rs 499 is ready. Share your UPI PIN to receive instantly.,1
Congratulations! You have won a reward of Rs 5000. Share your bank details to claim now.,1
"Dear user, suspicious login detected from a new device. Verify your password immediately using http://verify-bank-secure.com.",1
Thank you for your payment of Rs 499. Transaction ID: 344239.,0
You have an income tax refund pending. Fill this form at https://rbi-verify-safe.in to get your refund.,1
Your account balance is Rs 7500. Thank you for banking with us.,0
"Rs 399 debited from your account via UPI securepay@okicici. If not you, call customer care.",0
"Rs 2500 debited from your account via UPI investfast@axl. If not you, call customer care.",0
Happy Birthday! Wishing you a wonderful year ahead.,0
You have an income tax refund pending. Fill this form at http://login-security-check.com to get your refund.,1
Limited offer: Invest Rs 399 today and get 3x returns in one month. Pay via UPI securepay@okicici.,1
"Dear customer, your UPI ID offer@ybl has been suspended. Click https://secure-upi-check.in to reactivate.",1
Refund of Rs 2500 is ready. Share your UPI PIN to receive instantly.,1
Thank you for your payment of Rs 5000. Transaction ID: 845176.,0
Order #220153 has been shipped and will be delivered by tomorrow.,0
"Rs 1500 debited from your account via UPI offer@ybl. If not you, call customer care.",0
You have an income tax refund pending. Fill this form at https://rbi-verify-safe.in to get your refund.,1
Important notice from RBI: Your KYC is pending. Complete it now at https://rbi-verify-safe.in or your account will be frozen.,1
Order #899407 has been shipped and will be delivered by tomorrow.,0
"Dear user, suspicious login detected from a new device. Verify your password immediately using http://kyc-update-online.in.",1
Order #569521 has been shipped and will be delivered by tomorrow.,0
Your cab is arriving in 5 minutes. Driver contact: 9090909090.,0
Your OTP for login is 738176. Do not share this with anyone.,0
Congratulations! You have won a reward of Rs 499. Share your bank details to claim now.,1
Meeting confirmed at 11:30 PM today. Reply YES to confirm your presence.,0
Reminder: Your appointment is scheduled for 22-02-2026 at 7:45 PM.,0
Your account balance is Rs 5000. Thank you for banking with us.,0
Your card ending 9894 has been temporarily locked. Call 9090909090 and share OTP to unlock.,1
"Dear user, suspicious login detected from a new device. Verify your password immediately using https://rbi-verify-safe.in.",1
Your card ending 5346 has been temporarily locked. Call 9090909090 and share OTP to unlock.,1
Order #463466 has been shipped and will be delivered by tomorrow.,0
Refund of Rs 399 is ready. Share your UPI PIN to receive instantly.,1
Congratulations! You have won a reward of Rs 199. Share your bank details to claim now.,1
"Dear customer, your UPI ID abc@upi has been suspended. Click https://reward-claim-now.com to reactivate.",1
Important notice from RBI: Your KYC is pending. Complete it now at http://kyc-update-online.in or your account will be frozen.,1
Meeting confirmed at 5:45 PM today. Reply YES to confirm your presence.,0
"Dear user, suspicious login detected from a new device. Verify your password immediately using http://login-security-check.com.",1
Congratulations! You have won a reward of Rs 199. Share your bank details to claim now.,1
You have an income tax refund pending. Fill this form at https://reward-claim-now.com to get your refund.,1
Your card ending 5905 has been temporarily locked. Call 9123456780 and share OTP to unlock.,1
Your OTP for login is 551784. Do not share this with anyone.,0
Your OTP for login is 292446. Do not share this with anyone.,0
You have an income tax refund pending. Fill this form at https://secure-upi-check.in to get your refund.,1
Your electricity bill of Rs 499 is due on 14-02-2026. Please pay on time.,0
"Rs 499 debited from your account via UPI investfast@axl. If not you, call customer care.",0
"Dear user, suspicious login detected from a new device. Verify your password immediately using https://secure-upi-check.in.",1
Your account balance is Rs 2500. Thank you for banking with us.,0
Important notice from RBI: Your KYC is pending. Complete it now at https://secure-upi-check.in or your account will be frozen.,1
"Dear user, suspicious login detected from a new device. Verify your password immediately using http://verify-bank-secure.com.",1
Your OTP for login is 764461. Do not share this with anyone.,0
Your OTP for login is 925375. Do not share this with anyone.,0
Meeting confirmed at 8:00 PM today. Reply YES to confirm your presence.,0
Meeting confirmed at 1:45 PM today. Reply YES to confirm your presence.,0
Your electricity bill of Rs 399 is due on 1-02-2026. Please pay on time.,0
Your OTP for login is 122160. Do not share this with anyone.,0
"Dear customer, your UPI ID offer@ybl has been suspended. Click http://verify-bank-secure.com to reactivate.",1
Happy Birthday! Wishing you a wonderful year ahead.,0
Thank you for your payment of Rs 7500. Transaction ID: 887904.,0
Urgent: Your SIM will be deactivated in 2 hours. Call 9988776655 and confirm your Aadhaar number.,1
Your account balance is Rs 7500. Thank you for banking with us.,0
"Dear user, suspicious login detected from a new device. Verify your password immediately using https://secure-upi-check.in.",1
Limited offer: Invest Rs 1500 today and get 3x returns in one month. Pay via UPI refund@oksbi.,1
Your electricity bill of Rs 499 is due on 9-02-2026. Please pay on time.,0
You have an income tax refund pending. Fill this form at http://verify-bank-secure.com to get your refund.,1
Your card ending 9136 has been temporarily locked. Call 9812345678 and share OTP to unlock.,1
Refund of Rs 799 is ready. Share your UPI PIN to receive instantly.,1
Limited offer: Invest Rs 2500 today and get 3x returns in one month. Pay via UPI refund@oksbi.,1
"Rs 10000 debited from your account via UPI bonus@ibl. If not you, call customer care.",0
Your bank account will be blocked today. Verify immediately using this link: http://login-security-check.com,1
Meeting confirmed at 5:30 PM today. Reply YES to confirm your presence.,0
Meeting confirmed at 3:30 PM today. Reply YES to confirm your presence.,0
Reminder: Your appointment is scheduled for 28-02-2026 at 3:30 PM.,0
Important notice from RBI: Your KYC is pending. Complete it now at http://login-security-check.com or your account will be frozen.,1
Your electricity bill of Rs 5000 is due on 13-02-2026. Please pay on time.,0
Your account balance is Rs 499. Thank you for banking with us.,0
Meeting confirmed at 4:15 PM today. Reply YES to confirm your presence.,0
Urgent: Your SIM will be deactivated in 2 hours. Call 9090909090 and confirm your Aadhaar number.,1
Your account balance is Rs 10000. Thank you for banking with us.,0
Thank you for your payment of Rs 7500. Transaction ID: 362073.,0
Thank you for your payment of Rs 499. Transaction ID: 994332.,0
"Rs 399 debited from your account via UPI bonus@ibl. If not you, call customer care.",0
Urgent: Your SIM will be deactivated in 2 hours. Call 9123456780 and confirm your Aadhaar number.,1
Limited offer: Invest Rs 499 today and get 3x returns in one month. Pay via UPI securepay@okicici.,1
You have an income tax refund pending. Fill this form at http://kyc-update-online.in to get your refund.,1
"Dear user, suspicious login detected from a new device. Verify your password immediately using http://kyc-update-online.in.",1
Important notice from RBI: Your KYC is pending. Complete it now at http://login-security-check.com or your account will be frozen.,1
Your electricity bill of Rs 399 is due on 28-02-2026. Please pay on time.,0
"Rs 7500 debited from your account via UPI refund@oksbi. If not you, call customer care.",0
You have an income tax refund pending. Fill this form at http://kyc-update-online.in to get your refund.,1
Reminder: Your appointment is scheduled for 25-02-2026 at 5:45 PM.,0
Congratulations! You have won a reward of Rs 399. Share your bank details to claim now.,1
You have an income tax refund pending. Fill this form at http://login-security-check.com to get your refund.,1
Happy Birthday! Wishing you a wonderful year ahead.,0
"Dear user, suspicious login detected from a new device. Verify your password immediately using https://reward-claim-now.com.",1
Congratulations! You have won a reward of Rs 1500. Share your bank details to claim now.,1
Order #436469 has been shipped and will be delivered by tomorrow.,0
Urgent: Your SIM will be deactivated in 2 hours. Call 9090909090 and confirm your Aadhaar number.,1
Congratulations! You have won a reward of Rs 799. Share your bank details to claim now.,1
Your electricity bill of Rs 199 is due on 14-02-2026. Please pay on time.,0
"Rs 799 debited from your account via UPI investfast@axl. If not you, call customer care.",0
Your cab is arriving in 5 minutes. Driver contact: 9812345678.,0
Meeting confirmed at 3:15 PM today. Reply YES to confirm your presence.,0
Urgent: Your SIM will be deactivated in 2 hours. Call 9090909090 and confirm your Aadhaar number.,1
Happy Birthday! Wishing you a wonderful year ahead.,0
Limited offer: Invest Rs 5000 today and get 3x returns in one month. Pay via UPI investfast@axl.,1
Your card ending 1230 has been temporarily locked. Call 9876543210 and share OTP to unlock.,1
Happy Birthday! Wishing you a wonderful year ahead.,0
Meeting confirmed at 2:30 PM today. Reply YES to confirm your presence.,0
Urgent: Your SIM will be deactivated in 2 hours. Call 9876543210 and confirm your Aadhaar number.,1
Your account balance is Rs 5000. Thank you for banking with us.,0
Meeting confirmed at 8:15 PM today. Reply YES to confirm your presence.,0
Order #271456 has been shipped and will be delivered by tomorrow.,0
Refund of Rs 7500 is ready. Share your UPI PIN to receive instantly.,1
Your account balance is Rs 999. Thank you for banking with us.,0
You have an income tax refund pending. Fill this form at http://kyc-update-online.in to get your refund.,1
Your card ending 4925 has been temporarily locked. Call 9000012345 and share OTP to unlock.,1
Happy Birthday! Wishing you a wonderful year ahead.,0
Happy Birthday! Wishing you a wonderful year ahead.,0
Meeting confirmed at 11:00 PM today. Reply YES to confirm your presence.,0
Your account balance is Rs 10000. Thank you for banking with us.,0
Your card ending 4669 has been temporarily locked. Call 9988776655 and share OTP to unlock.,1
"Dear user, suspicious login detected from a new device. Verify your password immediately using http://kyc-update-online.in.",1
Limited offer: Invest Rs 799 today and get 3x returns in one month. Pay via UPI bonus@ibl.,1
Urgent: Your SIM will be deactivated in 2 hours. Call 9000012345 and confirm your Aadhaar number.,1
Your bank account will be blocked today. Verify immediately using this link: http://verify-bank-secure.com,1
Your bank account will be blocked today. Verify immediately using this link: http://verify-bank-secure.com,1
"Dear customer, your UPI ID refund@oksbi has been suspended. Click http://login-security-check.com to reactivate.",1
Urgent: Your SIM will be deactivated in 2 hours. Call 9988776655 and confirm your Aadhaar number.,1
Your electricity bill of Rs 199 is due on 15-02-2026. Please pay on time.,0
Your electricity bill of Rs 199 is due on 19-02-2026. Please pay on time.,0
Important notice from RBI: Your KYC is pending. Complete it now at https://reward-claim-now.com or your account will be frozen.,1
"Rs 7500 debited from your account via UPI investfast@axl. If not you, call customer care.",0
Reminder: Your appointment is scheduled for 16-02-2026 at 2:30 PM.,0
Limited offer: Invest Rs 499 today and get 3x returns in one month. Pay via UPI refund@oksbi.,1
Limited offer: Invest Rs 799 today and get 3x returns in one month. Pay via UPI bonus@ibl.,1
Happy Birthday! Wishing you a wonderful year ahead.,0
Refund of Rs 199 is ready. Share your UPI PIN to receive instantly.,1
Your OTP for login is 406694. Do not share this with anyone.,0
You have an income tax refund pending. Fill this form at https://rbi-verify-safe.in to get your refund.,1
Your OTP for login is 273838. Do not share this with anyone.,0
Refund of Rs 499 is ready. Share your UPI PIN to receive instantly.,1
Limited offer: Invest Rs 2500 today and get 3x returns in one month. Pay via UPI abc@upi.,1
Order #542275 has been shipped and will be delivered by tomorrow.,0
"Dear user, suspicious login detected from a new device. Verify your password immediately using https://rbi-verify-safe.in.",1
Meeting confirmed at 9:15 PM today. Reply YES to confirm your presence.,0
You have an income tax refund pending. Fill this form at http://login-security-check.com to get your refund.,1
Important notice from RBI: Your KYC is pending. Complete it now at https://reward-claim-now.com or your account will be frozen.,1
Limited offer: Invest Rs 799 today and get 3x returns in one month. Pay via UPI abc@upi.,1
"Dear user, suspicious login detected from a new device. Verify your password immediately using http://login-security-check.com.",1
Congratulations! You have won a reward of Rs 399. Share your bank details to claim now.,1
Your OTP for login is 165801. Do not share this with anyone.,0
"Dear user, suspicious login detected from a new device. Verify your password immediately using http://login-security-check.com.",1
Happy Birthday! Wishing you a wonderful year ahead.,0
Your account balance is Rs 199. Thank you for banking with us.,0
Your cab is arriving in 5 minutes. Driver contact: 9812345678.,0
Thank you for your payment of Rs 799. Transaction ID: 956822.,0
Congratulations! You have won a reward of Rs 399. Share your bank details to claim now.,1
Congratulations! You have won a reward of Rs 799. Share your bank details to claim now.,1
Your card ending 9025 has been temporarily locked. Call 9090909090 and share OTP to unlock.,1
Meeting confirmed at 10:30 PM today. Reply YES to confirm your presence.,0
Order #147408 has been shipped and will be delivered by tomorrow.,0
Thank you for your payment of Rs 799. Transaction ID: 282032.,0
Your card ending 5944 has been temporarily locked. Call 9000012345 and share OTP to unlock.,1
Congratulations! You have won a reward of Rs 499. Share your bank details to claim now.,1
Happy Birthday! Wishing you a wonderful year ahead.,0
Important notice from RBI: Your KYC is pending. Complete it now at http://kyc-update-online.in or your account will be frozen.,1
Your card ending 9372 has been temporarily locked. Call 9000012345 and share OTP to unlock.,1
"Dear user, suspicious login detected from a new device. Verify your password immediately using http://login-security-check.com.",1
Order #689068 has been shipped and will be delivered by tomorrow.,0
Urgent: Your SIM will be deactivated in 2 hours. Call 9988776655 and confirm your Aadhaar number.,1
Congratulations! You have won a reward of Rs 2500. Share your bank details to claim now.,1
Congratulations! You have won a reward of Rs 1500. Share your bank details to claim now.,1
Refund of Rs 399 is ready. Share your UPI PIN to receive instantly.,1
"Dear customer, your UPI ID refund@oksbi has been suspended. Click http://login-security-check.com to reactivate.",1
Your account balance is Rs 1500. Thank you for banking with us.,0
Reminder: Your appointment is scheduled for 20-02-2026 at 8:30 PM.,0
Important notice from RBI: Your KYC is pending. Complete it now at https://reward-claim-now.com or your account will be frozen.,1
Your electricity bill of Rs 2500 is due on 5-02-2026. Please pay on time.,0
Your OTP for login is 118388. Do not share this with anyone.,0
"Dear user, suspicious login detected from a new device. Verify your password immediately using http://kyc-update-online.in.",1
Your cab is arriving in 5 minutes. Driver contact: 9090909090.,0
Limited offer: Invest Rs 999 today and get 3x returns in one month. Pay via UPI offer@ybl.,1
Your bank account will be blocked today. Verify immediately using this link: http://verify-bank-secure.com,1
Important notice from RBI: Your KYC is pending. Complete it now at https://secure-upi-check.in or your account will be frozen.,1
Reminder: Your appointment is scheduled for 18-02-2026 at 9:15 PM.,0
Your cab is arriving in 5 minutes. Driver contact: 9123456780.,0
Congratulations! You have won a reward of Rs 499. Share your bank details to claim now.,1
Happy Birthday! Wishing you a wonderful year ahead.,0
Important notice from RBI: Your KYC is pending. Complete it now at http://login-security-check.com or your account will be frozen.,1
Important notice from RBI: Your KYC is pending. Complete it now at https://rbi-verify-safe.in or your account will be frozen.,1
Your account balance is Rs 1500. Thank you for banking with us.,0
Urgent: Your SIM will be deactivated in 2 hours. Call 9988776655 and confirm your Aadhaar number.,1
"Rs 10000 debited from your account via UPI abc@upi. If not you, call customer care.",0
Your account balance is Rs 999. Thank you for banking with us.,0
Important notice from RBI: Your KYC is pending. Complete it now at http://verify-bank-secure.com or your account will be frozen.,1
Important notice from RBI: Your KYC is pending. Complete it now at https://rbi-verify-safe.in or your account will be frozen.,1
Your electricity bill of Rs 799 is due on 10-02-2026. Please pay on time.,0
Refund of Rs 799 is ready. Share your UPI PIN to receive instantly.,1
Your cab is arriving in 5 minutes. Driver contact: 9000012345.,0
Order #693711 has been shipped and will be delivered by tomorrow.,0
Your electricity bill of Rs 999 is due on 8-02-2026. Please pay on time.,0
Order #283251 has been shipped and will be delivered by tomorrow.,0
Your bank account will be blocked today. Verify immediately using this link: http://verify-bank-secure.com,1
Order #303816 has been shipped and will be delivered by tomorrow.,0
Your card ending 6140 has been temporarily locked. Call 9090909090 and share OTP to unlock.,1
Order #205096 has been shipped and will be delivered by tomorrow.,0
Your cab is arriving in 5 minutes. Driver contact: 9812345678.,0
Your electricity bill of Rs 10000 is due on 6-02-2026. Please pay on time.,0
Congratulations! You have won a reward of Rs 799. Share your bank details to claim now.,1
Order #919201 has been shipped and will be delivered by tomorrow.,0
Your cab is arriving in 5 minutes. Driver contact: 9876543210.,0
"Dear user, suspicious login detected from a new device. Verify your password immediately using http://login-security-check.com.",1
Your electricity bill of Rs 10000 is due on 20-02-2026. Please pay on time.,0
Order #876144 has been shipped and will be delivered by tomorrow.,0
Order #178605 has been shipped and will be delivered by tomorrow.,0
Your OTP for login is 312353. Do not share this with anyone.,0
Happy Birthday! Wishing you a wonderful year ahead.,0
Thank you for your payment of Rs 999. Transaction ID: 332985.,0
Your card ending 1171 has been temporarily locked. Call 9876543210 and share OTP to unlock.,1
Happy Birthday! Wishing you a wonderful year ahead.,0
Your bank account will be blocked today. Verify immediately using this link: http://verify-bank-secure.com,1
Your bank account will be blocked today. Verify immediately using this link: https://secure-upi-check.in,1
Thank you for your payment of Rs 1500. Transaction ID: 364946.,0
Your bank account will be blocked today. Verify immediately using this link: https://secure-upi-check.in,1
Your account balance is Rs 1500. Thank you for banking with us.,0
Your cab is arriving in 5 minutes. Driver contact: 9000012345.,0
Your card ending 3301 has been temporarily locked. Call 9090909090 and share OTP to unlock.,1
Limited offer: Invest Rs 999 today and get 3x returns in one month. Pay via UPI bonus@ibl.,1
Your card ending 2222 has been temporarily locked. Call 9812345678 and share OTP to unlock.,1
Urgent: Your SIM will be deactivated in 2 hours. Call 9988776655 and confirm your Aadhaar number.,1
Reminder: Your appointment is scheduled for 2-02-2026 at 3:15 PM.,0
Your account balance is Rs 799. Thank you for banking with us.,0
Your card ending 2487 has been temporarily locked. Call 9123456780 and share OTP to unlock.,1
Reminder: Your appointment is scheduled for 7-02-2026 at 4:30 PM.,0
Refund of Rs 399 is ready. Share your UPI PIN to receive instantly.,1
Reminder: Your appointment is scheduled for 9-02-2026 at 6:15 PM.,0
Congratulations! You have won a reward of Rs 7500. Share your bank details to claim now.,1
Order #780911 has been shipped and will be delivered by tomorrow.,0
Important notice from RBI: Your KYC is pending. Complete it now at https://reward-claim-now.com or your account will be frozen.,1
Happy Birthday! Wishing you a wonderful year ahead.,0
"Dear user, suspicious login detected from a new device. Verify your password immediately using http://login-security-check.com.",1
Important notice from RBI: Your KYC is pending. Complete it now at https://rbi-verify-safe.in or your account will be frozen.,1
Congratulations! You have won a reward of Rs 799. Share your bank details to claim now.,1
Your bank account will be blocked today. Verify immediately using this link: http://login-security-check.com,1
Limited offer: Invest Rs 5000 today and get 3x returns in one month. Pay via UPI investfast@axl.,1
Urgent: Your SIM will be deactivated in 2 hours. Call 9000012345 and confirm your Aadhaar number.,1
Order #964961 has been shipped and will be delivered by tomorrow.,0
Important notice from RBI: Your KYC is pending. Complete it now at http://verify-bank-secure.com or your account will be frozen.,1
Important notice from RBI: Your KYC is pending. Complete it now at http://verify-bank-secure.com or your account will be frozen.,1
Your OTP for login is 955511. Do not share this with anyone.,0
"Rs 399 debited from your account via UPI offer@ybl. If not you, call customer care.",0
Important notice from RBI: Your KYC is pending. Complete it now at https://rbi-verify-safe.in or your account will be frozen.,1
Your card ending 3535 has been temporarily locked. Call 9988776655 and share OTP to unlock.,1
Meeting confirmed at 4:45 PM today. Reply YES to confirm your presence.,0
Urgent: Your SIM will be deactivated in 2 hours. Call 9000012345 and confirm your Aadhaar number.,1
Your account balance is Rs 5000. Thank you for banking with us.,0
Your electricity bill of Rs 5000 is due on 3-02-2026. Please pay on time.,0
Reminder: Your appointment is scheduled for 9-02-2026 at 9:15 PM.,0
Urgent: Your SIM will be deactivated in 2 hours. Call 9988776655 and confirm your Aadhaar number.,1
Your electricity bill of Rs 5000 is due on 4-02-2026. Please pay on time.,0
Important notice from RBI: Your KYC is pending. Complete it now at http://login-security-check.com or your account will be frozen.,1
Order #912502 has been shipped and will be delivered by tomorrow.,0
Your electricity bill of Rs 7500 is due on 6-02-2026. Please pay on time.,0
Order #107814 has been shipped and will be delivered by tomorrow.,0
Your bank account will be blocked today. Verify immediately using this link: http://kyc-update-online.in,1
"Dear customer, your UPI ID investfast@axl has been suspended. Click https://secure-upi-check.in to reactivate.",1
Your electricity bill of Rs 5000 is due on 21-02-2026. Please pay on time.,0
Your account balance is Rs 799. Thank you for banking with us.,0
"Dear user, suspicious login detected from a new device. Verify your password immediately using https://secure-upi-check.in.",1
Limited offer: Invest Rs 499 today and get 3x returns in one month. Pay via UPI bonus@ibl.,1
Your account balance is Rs 499. Thank you for banking with us.,0
Your account balance is Rs 999. Thank you for banking with us.,0
You have an income tax refund pending. Fill this form at http://verify-bank-secure.com to get your refund.,1
Refund of Rs 5000 is ready. Share your UPI PIN to receive instantly.,1
Your card ending 4950 has been temporarily locked. Call 9123456780 and share OTP to unlock.,1
Congratulations! You have won a reward of Rs 199. Share your bank details to claim now.,1
Order #771050 has been shipped and will be delivered by tomorrow.,0
Congratulations! You have won a reward of Rs 7500. Share your bank details to claim now.,1
Your account balance is Rs 999. Thank you for banking with us.,0
Thank you for your payment of Rs 1500. Transaction ID: 615815.,0
"Dear customer, your UPI ID bonus@ibl has been suspended. Click https://rbi-verify-safe.in to reactivate.",1
Reminder: Your appointment is scheduled for 20-02-2026 at 4:00 PM.,0
Your card ending 5760 has been temporarily locked. Call 9876543210 and share OTP to unlock.,1
"Rs 399 debited from your account via UPI offer@ybl. If not you, call customer care.",0
Your cab is arriving in 5 minutes. Driver contact: 9123456780.,0
Meeting confirmed at 3:45 PM today. Reply YES to confirm your presence.,0
Your OTP for login is 163596. Do not share this with anyone.,0
Thank you for your payment of Rs 2500. Transaction ID: 899021.,0
Your card ending 9766 has been temporarily locked. Call 9988776655 and share OTP to unlock.,1
Order #979835 has been shipped and will be delivered by tomorrow.,0
Your account balance is Rs 5000. Thank you for banking with us.,0
Your electricity bill of Rs 499 is due on 26-02-2026. Please pay on time.,0
"Rs 5000 debited from your account via UPI abc@upi. If not you, call customer care.",0
Urgent: Your SIM will be deactivated in 2 hours. Call 9000012345 and confirm your Aadhaar number.,1
Happy Birthday! Wishing you a wonderful year ahead.,0
Reminder: Your appointment is scheduled for 3-02-2026 at 2:15 PM.,0
Your OTP for login is 750125. Do not share this with anyone.,0
Important notice from RBI: Your KYC is pending. Complete it now at https://rbi-verify-safe.in or your account will be frozen.,1
Your electricity bill of Rs 799 is due on 24-02-2026. Please pay on time.,0
Your OTP for login is 695067. Do not share this with anyone.,0
Your electricity bill of Rs 999 is due on 16-02-2026. Please pay on time.,0
"Dear customer, your UPI ID abc@upi has been suspended. Click https://reward-claim-now.com to reactivate.",1
Your bank account will be blocked today. Verify immediately using this link: https://reward-claim-now.com,1
Your electricity bill of Rs 10000 is due on 3-02-2026. Please pay on time.,0
Limited offer: Invest Rs 2500 today and get 3x returns in one month. Pay via UPI securepay@okicici.,1
Limited offer: Invest Rs 2500 today and get 3x returns in one month. Pay via UPI investfast@axl.,1
Your bank account will be blocked today. Verify immediately using this link: https://secure-upi-check.in,1
Thank you for your payment of Rs 1500. Transaction ID: 720926.,0
Reminder: Your appointment is scheduled for 9-02-2026 at 10:00 PM.,0
Limited offer: Invest Rs 5000 today and get 3x returns in one month. Pay via UPI offer@ybl.,1
Thank you for your payment of Rs 999. Transaction ID: 814513.,0
Limited offer: Invest Rs 999 today and get 3x returns in one month. Pay via UPI bonus@ibl.,1
Meeting confirmed at 6:45 PM today. Reply YES to confirm your presence.,0
You have an income tax refund pending. Fill this form at https://reward-claim-now.com to get your refund.,1
"Dear customer, your UPI ID investfast@axl has been suspended. Click https://reward-claim-now.com to reactivate.",1
Order #558377 has been shipped and will be delivered by tomorrow.,0
Your electricity bill of Rs 1500 is due on 3-02-2026. Please pay on time.,0
Your card ending 7321 has been temporarily locked. Call 9876543210 and share OTP to unlock.,1
Congratulations! You have won a reward of Rs 499. Share your bank details to claim now.,1
Your electricity bill of Rs 499 is due on 21-02-2026. Please pay on time.,0
You have an income tax refund pending. Fill this form at https://secure-upi-check.in to get your refund.,1
Order #207301 has been shipped and will be delivered by tomorrow.,0
Your OTP for login is 808376. Do not share this with anyone.,0
"Dear customer, your UPI ID bonus@ibl has been suspended. Click http://login-security-check.com to reactivate.",1
Limited offer: Invest Rs 199 today and get 3x returns in one month. Pay via UPI refund@oksbi.,1
Your card ending 9682 has been temporarily locked. Call 9812345678 and share OTP to unlock.,1
Your OTP for login is 334308. Do not share this with anyone.,0
"Dear user, suspicious login detected from a new device. Verify your password immediately using https://reward-claim-now.com.",1
"Rs 399 debited from your account via UPI investfast@axl. If not you, call customer care.",0
Congratulations! You have won a reward of Rs 199. Share your bank details to claim now.,1
Your cab is arriving in 5 minutes. Driver contact: 9876543210.,0
Your cab is arriving in 5 minutes. Driver contact: 9123456780.,0
"Rs 199 debited from your account via UPI abc@upi. If not you, call customer care.",0
Your card ending 1348 has been temporarily locked. Call 9123456780 and share OTP to unlock.,1
"Dear customer, your UPI ID offer@ybl has been suspended. Click https://secure-upi-check.in to reactivate.",1
Urgent: Your SIM will be deactivated in 2 hours. Call 9812345678 and confirm your Aadhaar number.,1
"Dear user, suspicious login detected from a new device. Verify your password immediately using https://rbi-verify-safe.in.",1
Your card ending 1864 has been temporarily locked. Call 9090909090 and share OTP to unlock.,1
Your electricity bill of Rs 799 is due on 4-02-2026. Please pay on time.,0
Order #928511 has been shipped and will be delivered by tomorrow.,0
Order #230321 has been shipped and will be delivered by tomorrow.,0
Important notice from RBI: Your KYC is pending. Complete it now at http://verify-bank-secure.com or your account will be frozen.,1
Meeting confirmed at 1:00 PM today. Reply YES to confirm your presence.,0
Urgent: Your SIM will be deactivated in 2 hours. Call 9812345678 and confirm your Aadhaar number.,1
Your account balance is Rs 499. Thank you for banking with us.,0
Refund of Rs 499 is ready. Share your UPI PIN to receive instantly.,1
Happy Birthday! Wishing you a wonderful year ahead.,0
Meeting confirmed at 3:30 PM today. Reply YES to confirm your presence.,0
Urgent: Your SIM will be deactivated in 2 hours. Call 9090909090 and confirm your Aadhaar number.,1
Your card ending 3351 has been temporarily locked. Call 9090909090 and share OTP to unlock.,1
Your electricity bill of Rs 199 is due on 23-02-2026. Please pay on time.,0
Thank you for your payment of Rs 1500. Transaction ID: 793119.,0
Important notice from RBI: Your KYC is pending. Complete it now at https://reward-claim-now.com or your account will be frozen.,1
Your bank account will be blocked today. Verify immediately using this link: http://login-security-check.com,1
Order #927557 has been shipped and will be delivered by tomorrow.,0
Meeting confirmed at 2:00 PM today. Reply YES to confirm your presence.,0
"Dear user, suspicious login detected from a new device. Verify your password immediately using https://secure-upi-check.in.",1
Meeting confirmed at 11:30 PM today. Reply YES to confirm your presence.,0
Reminder: Your appointment is scheduled for 1-02-2026 at 3:15 PM.,0
Thank you for your payment of Rs 399. Transaction ID: 914545.,0
Reminder: Your appointment is scheduled for 4-02-2026 at 2:45 PM.,0
Your cab is arriving in 5 minutes. Driver contact: 9123456780.,0
Limited offer: Invest Rs 799 today and get 3x returns in one month. Pay via UPI refund@oksbi.,1
Important notice from RBI: Your KYC is pending. Complete it now at https://rbi-verify-safe.in or your account will be frozen.,1
Your cab is arriving in 5 minutes. Driver contact: 9090909090.,0
Can you send the notes?,0
Can we meet after class?,0
"Your OTP code expires in 5 minutes, do not share",0
Do not share your bank details with anyone.,0
"Your mobile recharge was successful, thank you.",0
Payment received successfully.,0
Please ignore unknown SMS.,0
Your account balance is adequate.,0
Thank you for using our service.,0
"Your OTP is 8741, do not share it with anyone.",0
"Your OTP is 789654, keep it confidential to secure your account.",0
Your mobile recharge of 20 taka is successful. Thank you for your payment.,0
Refund of 100 taka has been processed to your account.,0
Please ignore any unknown messages pretending to be your bank.,0
Your account balance is low. Add funds to continue service.,0
Payment of 2500 taka received. Thanks for banking with us,0
Your credit card limit has been increased. Check details in app.,0
Your scheduled payment will be processed tomorrow.,0
"Your BDT 10,000 wallet transfer was successful. Thank you for using our service.",0
BDT 100 recharge completed successfully.,0
"Your account balance is BDT 8,200.",0
"Reminder: Your scheduled BDT 12,000 bill payment will process tomorrow.",0
"Your BDT 2,000 refund has been processed successfully.",0
"Your recent transaction of BDT 7,500 has been verified",0
"BDT 15,000 payment received from your account.",0
Beware of strangers asking for your financial details over chat or SMS.,0
Your KYC verification is complete. Thank you for your cooperation.,0
Monthly subscription paid successfully.,0
Avoid fake schemes promising overnight wealth. Stay cautious.,0
Your online order has been shipped successfully.,0
Your health insurance claim has been approved. Contact for details.,0
"Reminder: Electricity bill payment of BDT 3,500 is due tomorrow.",0
Your package has been shipped. Track your delivery at this link.,0
Your online order is ready. View details here.,0
Your recent transaction of BDT 4200 was successfully processed.,0
7 wonders in My WORLD 7th You 6th Ur style 5th Ur smile 4th Ur Personality 3rd Ur Nature 2nd Ur SMS ...,0
Sorry i'm not free...,0
How. Its a little difficult but its a simple way to enter this place,0
Your recent online purchase has been shipped successfully.,0
Payment of BDT 5000 received. Thank you for your timely payment.,0
Your ticket to the concert is confirmed. Thank you for your purchase.,0
Your medical insurance claim has been processed successfully.,0
Your parcel has been dispatched. Track with tracking number XYZ123.,0
Your BDT 2000 payment has been received. Thank you for using our service.,0
Your electricity bill of BDT 1500 is due tomorrow. Please pay on time.,0
Your mobile recharge of BDT 500 was successful.,0
Package delivered! Track it anytime using tracking number #12345.,0
Your online subscription has been renewed successfully,0
Enjoy 20% discount on your next purchase. Use code SAVE20.,0
Thank you for your recent payment of BDT 3000.,0
Your food delivery has arrived. Please collect it.,0
Your appointment with Dr. Rahman has been confirmed for tomorrow.,0
Your electricity bill payment of BDT 2600 was successful.,0
Your BDT 3000 utility bill has been paid successfully.,0
Your mobile data has been recharged with 2GB. Enjoy surfing.,0
Your food order from FoodieApp is delivered. Enjoy your meal!,0
You have successfully booked a taxi for 9 AM tomorrow.,0
Your monthly gym subscription has been renewed. Thank you.,0
Event reminder: Music concert tonight at 7 PM at City Arena.,0
Your parcel #XZ1234 is ready for pickup at the post office.,0
Your cab driver will arrive in 5 minutes. Please be ready,0
Thank you for registering for the webinar. We will email the link soon.,0
Your electricity meter reading is due. Please pay your bill of BDT 2500.,0
Alert: Suspicious account activity detected. Verify your info immediately.,0
Your monthly mobile recharge of BDT 600 was successful.,0
Your food delivery order has arrived. Enjoy your meal!,0
Your recent payment of BDT 1500 was successful,0
Your parcel #AB123 is out for delivery.,0
Your electricity bill of BDT 800 is due tomorrow.,0
Your mobile recharge of BDT 300 was successful.,0
Reminder: Doctor’s appointment tomorrow at 10 AM,0
Thank you for your recent bank deposit of BDT 5000.,0
Your cab driver will arrive in 10 minutes.,0
Your online subscription has been renewed. Thank you!,0
You have a new message from the lottery office.,0
Your electricity payment of BDT 2200 was successful.,0
Your order #5678 has been processed and shipped.,0
Payment reminder: Your internet bill of BDT 1200 is due.,0
Your electricity bill payment of BDT 3200 was successful.,0
Your package #ZX12345 is out for delivery. Track it using our app.,0
Reminder: Doctor appointment scheduled for tomorrow at 9:30 AM.,0
Your mobile recharge of BDT 300 was successful.,0
Your Uber ride has been confirmed for 3 PM today.,0
Payment of BDT 5000 received. Thank you for your timely payment.,0
Your recent grocery order #78345 has been delivered. Enjoy your purchase!,0
Your Netflix subscription has been renewed. Thank you for staying with us.,0
"You've received BDT 1,000 cashback from your last purchase",0
Your cab driver is on the way and will arrive in 5 minutes.,0
Thank you for your donation of BDT 500. Your generosity is appreciated.,0
Let's meet at the cafe around 8 PM?,0
Don't forget to bring the documents for tomorrow's meeting,0
Can you send me your notes for today's class?,0
Your water bill of BDT 1200 has been paid successfully.,0
Your parcel #YZ6789 will be delivered today. Track live through our app,0
Reminder: Your flight booking to Dhaka is scheduled for tomorrow at 6 AM.,0
Your mobile recharge of BDT 350 was processed successfully.,0
Your hotel booking confirmation #12345 for 3 nights in London.,0
Payment of BDT 3800 received. Thank you for your payment to ABC Store,0
Your online shopping order #78654 is confirmed and will be delivered soon.,0
Your subscription to Sports Daily renewed successfully. Enjoy your exclusive content!,0
You’ve earned BDT 1500 cashback on your last grocery purchase.,0
"Your taxi will arrive in 7 minutes. Driver: Saiful, Car: Blue Toyota.",0
Thank you for your charitable donation of BDT 1000. Your kindness is appreciated.,0
"Your bank transfer of BDT 10,000 has been successfully processed",0
Your parcel #A7821 was successfully delivered. Thank you for shopping with us.,0
"Your insurance claim was approved. BDT 15,000 will be credited to your account shortly.",0
Your flight to Chittagong is on schedule for 10 AM tomorrow. Have a safe trip!,0
Your electricity bill for this month is BDT 2900. Please pay by the due date,0
Do you want to join the study group this evening?,0
"Bhai, I sent you 1500 taka via bKash. Check and confirm",0
"Salary credited: 35,000 BDT has been deposited to your account",0
"Please approve the 12,500 BDT payment request I sent on Payoneer.",0
Client sent the 40% advance today. Check the bank statement,0
Can you share the bank details for transferring the rent money?,0
"Sent 2,500 BDT via bKash just now. Please confirm when you get it",0
"Invoice INV-3321 for 18,750 BDT has been paid and receipt uploaded to your email",0
"I transferred the rent 12,000 BDT to your account. Check and tell me if it cleared",0
"Company salary transfer of 45,000 BDT processed today. Payslip sent to your inbox",0
"I have paid the supplier 30,000 BDT via bank transfer; please confirm delivery schedule",0
"Shared the invoice for last month. Please approve payment of 22,500 BDT by Friday",0
"Payment confirmation: Received 4,200 BDT for the event booking. Thanks for the prompt payment",0
"I sent the freelance payment of $150 via Payoneer. Check and confirm receipt, please",0
"Reminder: Utility bill of 1,250 BDT due tomorrow. Please pay to avoid late fee",0
"Transferred 5,000 BDT for the project materials. Inform me when it arrives",0
Sent the advance payment of $200 via Wise. Check your email for confirmation,0
I refunded the extra 850 BDT you sent earlier. Please recheck your balance,0
"Final payment of 12,600 BDT processed successfully. Kindly send delivery schedule",0
"Rent of 9,000 BDT paid via Nagad. Let me know if it shows pending",0
"Paid the tuition installment of 15,000 BDT today. Please confirm on your side",0
"Can you send 2,300 BDT by evening? Need to settle an urgent bill",0
Salary allowance of $120 added separately. Check your payroll slip,0
Settled the vendor payment through bank draft just now. Awaiting your acknowledgment,0
"Just sent 3,200 BDT to your account for the utility bills. Please check and confirm",0
"Client transferred 65,000 BDT this morning. Update the balance sheet",0
"Sent the advance booking amount of 5,500 BDT. Please reserve the slot",0
"I transferred 4,800 BDT for the exam fees. Please verify if it reached your account",0
"The vendor confirmed receipt of 22,000 BDT. Delivery will be dispatched tomorrow",0
"Mom sent 1,200 BDT through Rocket. Check if it reflects in your balance",0
I paid the hotel booking charge via Visa. Check the confirmation email,0
"The rent of 8,500 BDT has been transferred. Please send acknowledgment",0
"Paid the electricity bill of 1,250 BDT today. Please check if it cleared",0
"I transferred 5,500 BDT for the office stationery. Confirm receipt",0
"I transferred 2,800 BDT for the monthly internet bill. Check and confirm receipt",0
"Client has deposited 50,000 BDT today. Update your records accordingly",0
"Paid the school fees of 12,500 BDT today. Please acknowledge",0
"Salary of 45,000 BDT has been credited. Check your payroll slip",0
Monthly subscription payment received. Thank you for your service usage.,0
Your account balance is BDT 7000. Thank you for banking with us.,0
Your subscription has been renewed successfully.,0
OTP verification failed. Please try again.,0
Your subscription has been renewed successfully. Thank you.,0
Your package delivery is scheduled for tomorrow. Track here: tracking-link.com,0
"Team meeting is rescheduled to 3 PM, please confirm your availability.",0
A new login to your account was detected from an unknown device. Secure your login now.,0
Thank you for your recent purchase. Your order #12345 will arrive soon.,0
Your bank statement is ready. Download your PDF here.,0
New message from support team. Check your inbox for details.,0
"Payment of BDT 2,500 received successfully. Thank you for your payment.",0
Friend request from Raisa Moni.,0
Your insurance claim has been approved. Contact us for details.,0
Your software update is ready to install. Proceed now.,0
Your subscription will expire tomorrow. Renew to continue service.,0
Friend request from Rafi Ahmed. Accept to connect.,0
Your OTP for login is 482193. Do not share it with anyone.,0
"?1,250 debited from your account via UPI. Available balance ?8,430.",0
?500 credited to your account by R. Sharma.,0
Thank you for using SBI UPI services.,0
Amazon order #402-187 delivered successfully.,0
Your electricity bill of ?642 is due on 28 Jan 2026.,0
Your train ticket has been confirmed. PNR: 4567890123.,0
Recharge of ?239 successful for mobile number ending 7821.,0
Your appointment with Dr. Mehta is scheduled for tomorrow at 10 AM.,0
"Payment of ?2,999 received for Flipkart order.",0
Monthly bank statement is available in your app.,0
"EMI of ?6,540 will be auto-debited on 5 Feb 2026.",0
Your Aadhaar update request is under process.,0
You have logged in from a new device,0
Your cab has arrived at the pickup location.,0
?75 cashback credited to your wallet.,0
Your food order is being prepared.,0
Transaction successful. Reference ID: TXN892134.,0
Your subscription will renew on 3 Feb 2026.,0
Your parcel has been shipped via BlueDart.,0
Loan EMI receipt generated successfully.,0
Your package is out for delivery today.,0
Thank you for shopping with us.,0
Balance enquiry successful.,0
Payment received. Invoice sent to your email.,0
Your exam registration is confirmed.,0
Your request has been successfully submitted.,0
"Refund of ?1,200 has been initiated.",0
Your ticket has been cancelled as requested.,0
Thank you for contacting customer support.,0
Payment failed due to network issue.,0
Please rate your recent experience.,0
Your bank branch will remain closed on Sunday.,0
Account statement sent to your registered email,0
hello!,0
Your profile was updated successfully.,0
do not share otp to anyone.,0
Click this link to verify KYC,1
"Your account is blocked, verify now",1
Click link to claim prize,1
Your SBI account will be blocked today.Update KYC here: http://sbi-verify.in,1
"Your KYC is expired, update now",1
Your bank account will be blocked today. Update details immediately.,1
Click here to reset your banking password.,1
Your loan application was approved. Verify details using OTP.,1
"To secure your account, provide the OTP sent to your registered phone.",1
SBI Alert: Suspicious activity detected. Verify now.,1
Account temporarily frozen due to failed KYC,1
Bank notice: Update PAN to avoid service suspension.,1
Your debit card has been deactivated. Click to reactivate.,1
Unusual login detected. Confirm identity now.,1
Bank server update pending. Login required.,1
Account verification failed. Retry within 2 hours.,1
"Dear customer, your ATM card is expired. Renew now.",1
Immediate action required to avoid account closure.,1
Your net banking access is blocked.,1
Failed transaction alert. Resolve now.,1
Verify your account to continue banking services.,1
Multiple login attempts detected. Secure your account.,1
Update nominee details immediately.,1
Bank security upgrade ongoing. Login again.,1
Account under review for suspicious transfers.,1
Incorrect PAN linked. Update instantly.,1
Bank alert: New device login attempt.,1
Your account will be suspended today.,1
Urgent: Confirm your banking credentials.,1
Bank compliance notice: Action required.,1
Failed verification. Update now.,1
Bank policy update requires confirmation.,1
Your account access is restricted.,1
Security issue detected in your account.,1
Account validation pending.,1
Please re-confirm your bank details.,1
Bank KYC not completed.,1
Account locked due to inactivity.,1
Verify identity to unlock account.,1
Bank services stopped temporarily.,1
Failed compliance check.,1
Account flagged for review.,1
Banking access limited.,1
Login again to restore services.,1
Immediate verification needed.,1
Bank alert: Unauthorized activity.,1
Confirm ownership of account.,1
Final reminder to update bank details.,1
Your UPI will be blocked today.,1
Pending UPI refund. Claim now.,1
Payment failed. Retry verification.,1
Collect request received. Approve now.,1
UPI services suspended due to inactivity.,1
Refund stuck. Complete verification.,1
Pending cashback. Click to receive.,1
UPI security update required.,1
Failed auto-debit detected.,1
Incoming payment pending approval.,1
Payment reversal failed.,1
Update UPI PIN immediately.,1
UPI blocked for safety reasons.,1
New device login detected.,1
Confirm UPI to avoid blocking.,1
Payment pending for 24 hours.,1
Failed UPI transaction alert.,1
Verify UPI account.,1
Refund initiation failed.,1
UPI limit exceeded. Reset now.,1
Cashback waiting for verification.,1
Merchant refund pending.,1
UPI access restricted.,1
Security alert on your UPI.,1
Approve request to receive money.,1
UPI PIN expired.,1
Refund pending for your account.,1
Payment on hold.,1
UPI verification incomplete.,1
Collect request expiring soon.,1
Pending reward points.,1
Confirm transaction now.,1
UPI session expired.,1
Failed refund alert.,1
Update UPI details now.,1
Money credited. Verify to claim.,1
Payment reversed. Action needed.,1
UPI verification pending.,1
Suspicious payment activity.,1
Secure your UPI immediately.,1
Verify your account at secure-bank-login.in,1
Login now to avoid blocking.,1
Click here to secure your account.,1
Confirm identity via link.,1
Security verification required.,1
Update details at official portal.,1
Re-login to continue services.,1
Secure your account now.,1
Validate credentials urgently.,1
Complete verification process.,1
Account confirmation pending.,1
Click to confirm ownership.,1
Secure access link provided.,1
Authentication required now.,1
Login again for safety.,1
Reconfirm identity.,1
Verify details instantly.,1
Security alert link.,1
Update your credentials.,1
Login for account safety.,1
Reset credentials now.,1
Click to unlock account.,1
Confirm access immediately.,1
Secure login link.,1
Verify banking session.,1
Re-authenticate now.,1
Account validation link.,1
Claim your loan approved by sending OTP immediately.,1
"Fraudulent transaction detected, provide your OTP.",1
"Your account has been suspended, verify OTP now!",1
Click here to reset your banking password.,1
Send your OTP to claim your prize!,1
Your debit card has been blocked.,1
"Your account is at risk, immediate action required.",1
"Your loan application is approved, send OTP now!",1
Account hacked! Open the app now to secure it.,1
Claim your loan approved by sending OTP.,1
"Fraudulent transaction detected, provide OTP.",1
"Your account suspended, verify OTP now!",1
Congratulations! You won a prize. Please send OTP to claim.,1
Claim your cashback by entering OTP received in next 5 minutes.,1
Important: Your account verification is pending. Please provide OTP.,1
Your debit card transaction of 5000 taka was declined. Contact support.,1
Congratulations! Claim your reward by submitting OTP within 10 minutes.,1
"Your recent login was from a new device. If not you, verify with OTP.",1
Update your payment information immediately to avoid suspension.,1
"Warning: Suspicious activity detected, confirm via OTP now.",1
Your online banking password expired. Reset it via the provided link.,1
Alert: Unauthorized transaction attempt detected. Change password now.,1
Verify your identity to avoid account suspension. OTP required.,1
Your request to withdraw 5000 taka was successful.,1
Last chance: Provide OTP to claim your prize money now.,1
Alert! Unauthorized login attempt detected. Confirm with OTP immediately.,1
"Suspicious withdrawal of BDT 25,000 detected. Please verify with OTP now.",1
"Your internet banking password expired, reset it today to avoid service disruption.",1
"Congratulations! You won BDT 5,000 cashback. Submit OTP to receive.",1
Verify your identity by entering the OTP sent to your mobile to continue transactions.,1
Your debit card ending 1234 has been temporarily blocked for suspicious activity.,1
"BDT 35,000 loan approved. Confirm by sending OTP within 10 minutes.",1
"Immediate action needed! Unrecognized device logged in, confirm with OTP now.",1
"OTP validation required to complete your BDT 20,000 transfer.",1
Update your mobile number in banking records today for uninterrupted service.,1
Secure your account now! OTP sent to your registered contact.,1
Warning: Suspicious activity in your account. Verify using your OTP immediately.,1
"Your loan payment of BDT 10,000 is overdue. Please pay immediately to avoid penalties.",1
Congratulations! You won a free investment plan. Call now to claim your prize.,1
New job opportunity with high salary. Send your CV to apply immediately.,1
"You have been selected for a government grant of BDT 50,000. Contact us now.",1
Exclusive offer: Double your money in 30 days with our secret scheme.,1
"Your lottery ticket won BDT 1,00,000. Send your details for prize delivery.",1
Join our online trading platform for guaranteed profits.,1
"Earn BDT 2,000 daily working from home. Register now!",1
"Immediate payment required for customs clearance. Pay BDT 5,000 now.",1
Congratulations! You are shortlisted for a luxury car giveaway.,1
Investment opportunity with zero risk and high returns. Contact us.,1
Free smartphone giveaway for lucky winners. Reply to participate.,1
"Urgent: Pay BDT 10,000 to avoid legal action related to tax dues.",1
Congratulations! You've won a free gift card. Click now to claim.,1
Our records show suspicious activity in your account. Contact support.,1
Your subscription is about to expire. Renew now for uninterrupted service.,1
You have an overdue bill of BDT 3000. Pay immediately to avoid disconnect.,1
Loan approved! Send your details to receive funds today.,1
Fake invoice attached. Please review and click the link to pay.,1
Your car insurance claim has been approved. Contact us to finalize.,1
It’s your last chance to claim your cashback. Act now!,1
"You have been selected for a surveys. Complete now and win BDT 10,000.",1
Attention! Your mobile data plan will expire tomorrow. Renew now.,1
Fake urgent message: You owe BDT 500 for missed payment. Pay now.,1
Your bank account is locked. Verify now to regain access.,1
Limited-time deal: Buy now and get 50% discount on all products.,1
Mystery shopping opportunity! Earn BDT 2000 daily. Sign up now.,1
Warning! Suspicious activity detected. Change your credentials now.,1
Your gaming account has been hacked. Change your password immediately.,1
"Hello from BLOrange club. For 1 month's free access to games, news and sport, plus 10 free texts and..",1
Call FREEPHONE +8800 542 0578 now!,1
"Loan for any purpose 500 tk- 75,000tk. Homeowners + Tenants welcome. Have you been previously refuse...",1
BIG BROTHER ALERT! The computer has selected u for 10k cash or #150 voucher. Call +8801906401883. NT...,1
Your package delivery is delayed. Track now at this fake link.,1
"Get rich quick! Invest BDT 10,000 today and double your money fast.scamYour job application",1
Your job application was successful! Reply to claim your position,1
Verify your phone number now to avoid service interruption.,1
Free $1000 gift card! Click here to redeem before it expires.,1
Alert: Classified documents found linked to your account. Contact now!,1
Your electricity bill of BDT 3000 is overdue. Pay now to avoid cut-off.,1
Congratulations! You’ve won a holiday trip. Reply to claim.,1
Urgent notice! Verify your social security number immediately.,1
Your bank loan has been approved. Send documents to finalize.,1
Your subscription payment failed. Update billing info to continue.,1
You've been selected for a secret shopper job. Earn BDT 2000 daily.,1
"Important: Claim your tax refund of BDT 8,000 today via this link",1
Your online account will be suspended soon. Verify credentials now.,1
New investment opportunity: Guaranteed 30% monthly returns.,1
HDFC Bank: High risk detected. Verify identity or account blocked: hdfc-verify.com,1
Ola: Cab booked. Driver Rajesh +91 98765 43210 arriving Rampur,0
Axis Bank: FD matured Rs 50000 credited. Acct bal Rs 75234,0
Income Tax Department: ITR refund Rs 7842 pending. Claim at incometax-refund-portal.in,1
Airtel: SIM not linked with Aadhaar. Re-link at airtel-aadhaar.in or service stopped,1
Axis Bank: FD matured Rs 50000 credited. Acct bal Rs 75234,0
Vodafone Idea: Number will deactivate in 24hrs. Submit Aadhaar at vi-aadhaar.in,1
RBI Advisory: Mandatory KYC updation required. Visit rbi-mandkyc.in within 48 hours,1
Income Tax Department: ITR refund Rs 7842 pending. Claim at incometax-refund-portal.in,1
ICICI urgent: KYC documents expired. Update Aadhaar/PAN at icici-kyc.in or account frozen,1
BJPPL: Electricity bill Rs 1245 due 15-Feb. Pay at bjppl.in/pay,0
EPFO: Contribution Rs 1800 credited for Jan 2026,0
PhonePe transaction OTP: 836471,0
PhonePe Rs 501 overcharged. Refund Rs 5100 to refund@phonepe,1
Jio: Mandatory Aadhaar verification pending. Complete at jio-aadhaar.in,1
HDFC UPI: Rs 499 debited to abc@paytm. Merchant: Amazon. Date: 04-Feb-26,0
SBI: Rs 2500 credited to Acct No. XXXXX1234. Balance Rs 15234. Ref: 987654321,0
Income Tax Department: ITR refund Rs 7842 pending. Claim at incometax-refund-portal.in,1
GPay login OTP: 159264. Expires in 5 mins,0
UPI refund of Rs 499 pending. Share transaction PIN to process refund@oksbi,1
Flipkart Big Billion Days: You won Rs 5000 voucher. Redeem before expiry: flipkart-winners.in,1
BJPPL: Electricity bill Rs 1245 due 15-Feb. Pay at bjppl.in/pay,0
Jio lucky draw winner! Claim Rs 10000 recharge: jio-luckydraw.in,1
PhonePe Rs 501 overcharged. Refund Rs 5100 to refund@phonepe,1
Flipkart: Order confirmed #FLK987654321. Expected delivery tomorrow,0
Your OTP is 748392. Valid for 2 minutes. Do not share with anyone,0
Axis Bank: FD matured Rs 50000 credited. Acct bal Rs 75234,0
Airtel: SIM not linked with Aadhaar. Re-link at airtel-aadhaar.in or service stopped,1
Your OTP is 748392. Valid for 2 minutes. Do not share with anyone,0
Accidental UPI payment Rs 100 sent. Return Rs 1000 via UPI refund@paytm,1
HDFC UPI: Rs 499 debited to abc@paytm. Merchant: Amazon. Date: 04-Feb-26,0
PhonePe Rs 501 overcharged. Refund Rs 5100 to refund@phonepe,1
Swiggy: Order #SWG123456 placed successfully. ETA 25 mins,0
BJPPL: Electricity bill Rs 1245 due 15-Feb. Pay at bjppl.in/pay,0
You received Rs 201 by mistake from 9876543210@paytm. Please return Rs 2010 to same UPI,1
Income Tax Department: ITR refund Rs 7842 pending. Claim at incometax-refund-portal.in,1
RBI Advisory: Mandatory KYC updation required. Visit rbi-mandkyc.in within 48 hours,1
Flipkart: Order confirmed #FLK987654321. Expected delivery tomorrow,0
"IRCTC PNR 8567123490 confirmed. Train 12951, Coach S12, Seat 45",0
PNB account will be deactivated. Link mobile number: pnb-mobile-update.in,1
ICICI: Credit card payment Rs 1200 received. Next due: 20-Feb-26,0
You received Rs 201 by mistake from 9876543210@paytm. Please return Rs 2010 to same UPI,1
EPFO: Contribution Rs 1800 credited for Jan 2026,0
HDFC Bank: High risk detected. Verify identity or account blocked: hdfc-verify.com,1
Amazon Pay Rs 999 cashback credited. Minimum Rs 5000 spend required: amazon-cashback.in,1
Your OTP is 748392. Valid for 2 minutes. Do not share with anyone,0
Axis Bank: FD matured Rs 50000 credited. Acct bal Rs 75234,0
PNB account will be deactivated. Link mobile number: pnb-mobile-update.in,1
"IRCTC PNR 8567123490 confirmed. Train 12951, Coach S12, Seat 45",0
RBI Advisory: Mandatory KYC updation required. Visit rbi-mandkyc.in within 48 hours,1
You received Rs 201 by mistake from 9876543210@paytm. Please return Rs 2010 to same UPI,1
Swiggy: Order #SWG123456 placed successfully. ETA 25 mins,0
Airtel: SIM not linked with Aadhaar. Re-link at airtel-aadhaar.in or service stopped,1
ICICI: Credit card payment Rs 1200 received. Next due: 20-Feb-26,0
Amazon Pay Rs 999 cashback credited. Minimum Rs 5000 spend required: amazon-cashback.in,1
Crypto investment: Rs 10000 â†’ Rs 30000 in 7 days. Invest via upi@cryptoind,1
EPFO: Contribution Rs 1800 credited for Jan 2026,0
Accidental UPI payment Rs 100 sent. Return Rs 1000 via UPI refund@paytm,1
Passport Seva: Application status pending. Pay Rs 1500 verification fee at passport-seva.in/pay,1
Flipkart Big Billion Days: You won Rs 5000 voucher. Redeem before expiry: flipkart-winners.in,1
You received Rs 201 by mistake from 9876543210@paytm. Please return Rs 2010 to same UPI,1
GPay login OTP: 159264. Expires in 5 mins,0
Instant loan Rs 50000 approved. Share PAN for disbursement: instantloan.in/approve,1
Aadhaar OTP 927463 sent for address update,0
Passport Seva: Application status pending. Pay Rs 1500 verification fee at passport-seva.in/pay,1
Swiggy refund Rs 299 pending. Share UPI ID for processing,1
Aadhaar OTP 927463 sent for address update,0
Amazon Order #404-1234567-8901234 shipped. Delivery 05-Feb,0
You received Rs 201 by mistake from 9876543210@paytm. Please return Rs 2010 to same UPI,1
Axis Bank: FD matured Rs 50000 credited. Acct bal Rs 75234,0
Income Tax Department: ITR refund Rs 7842 pending. Claim at incometax-refund-portal.in,1
PhonePe Rs 501 overcharged. Refund Rs 5100 to refund@phonepe,1
UPI refund of Rs 499 pending. Share transaction PIN to process refund@oksbi,1
BJPPL: Electricity bill Rs 1245 due 15-Feb. Pay at bjppl.in/pay,0
Swiggy refund Rs 299 pending. Share UPI ID for processing,1
Flipkart: Order confirmed #FLK987654321. Expected delivery tomorrow,0
Flipkart Big Billion Days: You won Rs 5000 voucher. Redeem before expiry: flipkart-winners.in,1
India Post: Parcel held due to Rs 299 customs fee. Pay at indiapost-parcel.in,1
BSES: Electricity connection suspended. Clear Rs 1200 at bses-payment.in,1
You received Rs 201 by mistake from 9876543210@paytm. Please return Rs 2010 to same UPI,1
India Post: Parcel held due to Rs 299 customs fee. Pay at indiapost-parcel.in,1
HDFC Bank: High risk detected. Verify identity or account blocked: hdfc-verify.com,1
Airtel: SIM not linked with Aadhaar. Re-link at airtel-aadhaar.in or service stopped,1
Amazon Pay Rs 999 cashback credited. Minimum Rs 5000 spend required: amazon-cashback.in,1
Accidental UPI payment Rs 100 sent. Return Rs 1000 via UPI refund@paytm,1
HDFC UPI: Rs 499 debited to abc@paytm. Merchant: Amazon. Date: 04-Feb-26,0
Swiggy refund Rs 299 pending. Share UPI ID for processing,1
Accidental UPI payment Rs 100 sent. Return Rs 1000 via UPI refund@paytm,1
SBI: Rs 2500 credited to Acct No. XXXXX1234. Balance Rs 15234. Ref: 987654321,0
Passport Seva: Application status pending. Pay Rs 1500 verification fee at passport-seva.in/pay,1
Swiggy: Order #SWG123456 placed successfully. ETA 25 mins,0
Accidental UPI payment Rs 100 sent. Return Rs 1000 via UPI refund@paytm,1
Aadhaar OTP 927463 sent for address update,0
Ola: Cab booked. Driver Rajesh +91 98765 43210 arriving Rampur,0
Swiggy: Order #SWG123456 placed successfully. ETA 25 mins,0
You received Rs 201 by mistake from 9876543210@paytm. Please return Rs 2010 to same UPI,1
Vodafone Idea: Number will deactivate in 24hrs. Submit Aadhaar at vi-aadhaar.in,1
"IRCTC PNR 8567123490 confirmed. Train 12951, Coach S12, Seat 45",0
EPFO: PF withdrawal Rs 25000 approved. Share bank details at epfo-withdrawal.in,1
Passport Seva: Application status pending. Pay Rs 1500 verification fee at passport-seva.in/pay,1
UPI refund of Rs 499 pending. Share transaction PIN to process refund@oksbi,1
Jio: Mandatory Aadhaar verification pending. Complete at jio-aadhaar.in,1
Instant loan Rs 50000 approved. Share PAN for disbursement: instantloan.in/approve,1
Ola: Cab booked. Driver Rajesh +91 98765 43210 arriving Rampur,0
RBI Advisory: Mandatory KYC updation required. Visit rbi-mandkyc.in within 48 hours,1
Aadhaar OTP 927463 sent for address update,0
UPI refund of Rs 499 pending. Share transaction PIN to process refund@oksbi,1
Flipkart Big Billion Days: You won Rs 5000 voucher. Redeem before expiry: flipkart-winners.in,1
SBI Alert: Account XXXXX6789 suspended. Complete e-KYC within 24hrs at sbi-kyc-update.in,1
Vodafone Idea: Number will deactivate in 24hrs. Submit Aadhaar at vi-aadhaar.in,1
Ola: Cab booked. Driver Rajesh +91 98765 43210 arriving Rampur,0
Your OTP is 748392. Valid for 2 minutes. Do not share with anyone,0
UPI refund of Rs 499 pending. Share transaction PIN to process refund@oksbi,1
SBI Alert: Account XXXXX6789 suspended. Complete e-KYC within 24hrs at sbi-kyc-update.in,1
ICICI urgent: KYC documents expired. Update Aadhaar/PAN at icici-kyc.in or account frozen,1
Your OTP is 748392. Valid for 2 minutes. Do not share with anyone,0
PhonePe transaction OTP: 836471,0
Aadhaar OTP 927463 sent for address update,0
Flipkart Big Billion Days: You won Rs 5000 voucher. Redeem before expiry: flipkart-winners.in,1
SBI Alert: Account XXXXX6789 suspended. Complete e-KYC within 24hrs at sbi-kyc-update.in,1
PhonePe transaction OTP: 836471,0
Income Tax Department: ITR refund Rs 7842 pending. Claim at incometax-refund-portal.in,1
EPFO: Contribution Rs 1800 credited for Jan 2026,0
Flipkart Big Billion Days: You won Rs 5000 voucher. Redeem before expiry: flipkart-winners.in,1
PhonePe Rs 501 overcharged. Refund Rs 5100 to refund@phonepe,1
EPFO: PF withdrawal Rs 25000 approved. Share bank details at epfo-withdrawal.in,1
Amazon Order #404-1234567-8901234 shipped. Delivery 05-Feb,0
ICICI: Credit card payment Rs 1200 received. Next due: 20-Feb-26,0
Jio: Mandatory Aadhaar verification pending. Complete at jio-aadhaar.in,1
PNB account will be deactivated. Link mobile number: pnb-mobile-update.in,1
Your GPay transaction Rs 299 failed. Enter UPI PIN at gpay-secure.in/verify,1
Amazon Order #404-1234567-8901234 shipped. Delivery 05-Feb,0
Swiggy refund Rs 299 pending. Share UPI ID for processing,1
GPay login OTP: 159264. Expires in 5 mins,0
"IRCTC PNR 8567123490 confirmed. Train 12951, Coach S12, Seat 45",0
Crypto investment: Rs 10000 â†’ Rs 30000 in 7 days. Invest via upi@cryptoind,1
Accidental UPI payment Rs 100 sent. Return Rs 1000 via UPI refund@paytm,1
Flipkart Big Billion Days: You won Rs 5000 voucher. Redeem before expiry: flipkart-winners.in,1
SBI Alert: Account XXXXX6789 suspended. Complete e-KYC within 24hrs at sbi-kyc-update.in,1
HDFC UPI: Rs 499 debited to abc@paytm. Merchant: Amazon. Date: 04-Feb-26,0
Your OTP is 748392. Valid for 2 minutes. Do not share with anyone,0
You received Rs 201 by mistake from 9876543210@paytm. Please return Rs 2010 to same UPI,1
PhonePe Rs 501 overcharged. Refund Rs 5100 to refund@phonepe,1
PNB account will be deactivated. Link mobile number: pnb-mobile-update.in,1
Amazon Order #404-1234567-8901234 shipped. Delivery 05-Feb,0
Swiggy: Order #SWG123456 placed successfully. ETA 25 mins,0
EPFO: Contribution Rs 1800 credited for Jan 2026,0
Axis Bank: FD matured Rs 50000 credited. Acct bal Rs 75234,0
Aadhaar OTP 927463 sent for address update,0
Accidental UPI payment Rs 100 sent. Return Rs 1000 via UPI refund@paytm,1
HDFC UPI: Rs 499 debited to abc@paytm. Merchant: Amazon. Date: 04-Feb-26,0
SBI: Rs 2500 credited to Acct No. XXXXX1234. Balance Rs 15234. Ref: 987654321,0
Axis Bank: FD matured Rs 50000 credited. Acct bal Rs 75234,0
Amazon Order #404-1234567-8901234 shipped. Delivery 05-Feb,0
Amazon Order #404-1234567-8901234 shipped. Delivery 05-Feb,0
PhonePe Rs 501 overcharged. Refund Rs 5100 to refund@phonepe,1
HDFC UPI: Rs 499 debited to abc@paytm. Merchant: Amazon. Date: 04-Feb-26,0
Jio lucky draw winner! Claim Rs 10000 recharge: jio-luckydraw.in,1
HDFC Bank: High risk detected. Verify identity or account blocked: hdfc-verify.com,1
EPFO: Contribution Rs 1800 credited for Jan 2026,0
Airtel: SIM not linked with Aadhaar. Re-link at airtel-aadhaar.in or service stopped,1
"IRCTC PNR 8567123490 confirmed. Train 12951, Coach S12, Seat 45",0
Jio lucky draw winner! Claim Rs 10000 recharge: jio-luckydraw.in,1
SBI: Rs 2500 credited to Acct No. XXXXX1234. Balance Rs 15234. Ref: 987654321,0
Amazon Order #404-1234567-8901234 shipped. Delivery 05-Feb,0
PhonePe transaction OTP: 836471,0
Jio: Mandatory Aadhaar verification pending. Complete at jio-aadhaar.in,1
India Post: Parcel held due to Rs 299 customs fee. Pay at indiapost-parcel.in,1
BSES: Electricity connection suspended. Clear Rs 1200 at bses-payment.in,1
Airtel: SIM not linked with Aadhaar. Re-link at airtel-aadhaar.in or service stopped,1
Axis Bank: FD matured Rs 50000 credited. Acct bal Rs 75234,0
Amazon Order #404-1234567-8901234 shipped. Delivery 05-Feb,0
Axis Bank Notice: Suspicious login from new device. Call 9876543210 share OTP,1
BJPPL: Electricity bill Rs 1245 due 15-Feb. Pay at bjppl.in/pay,0
Swiggy refund Rs 299 pending. Share UPI ID for processing,1
PNB account will be deactivated. Link mobile number: pnb-mobile-update.in,1
Flipkart Big Billion Days: You won Rs 5000 voucher. Redeem before expiry: flipkart-winners.in,1
Flipkart: Order confirmed #FLK987654321. Expected delivery tomorrow,0
Instant loan Rs 50000 approved. Share PAN for disbursement: instantloan.in/approve,1
Flipkart Big Billion Days: You won Rs 5000 voucher. Redeem before expiry: flipkart-winners.in,1
PNB account will be deactivated. Link mobile number: pnb-mobile-update.in,1
HDFC UPI: Rs 499 debited to abc@paytm. Merchant: Amazon. Date: 04-Feb-26,0
India Post: Parcel held due to Rs 299 customs fee. Pay at indiapost-parcel.in,1
You received Rs 201 by mistake from 9876543210@paytm. Please return Rs 2010 to same UPI,1
BSES: Electricity connection suspended. Clear Rs 1200 at bses-payment.in,1
PhonePe transaction OTP: 836471,0
PhonePe transaction OTP: 836471,0
PhonePe transaction OTP: 836471,0
Axis Bank Notice: Suspicious login from new device. Call 9876543210 share OTP,1
Axis Bank Notice: Suspicious login from new device. Call 9876543210 share OTP,1
PNB account will be deactivated. Link mobile number: pnb-mobile-update.in,1
Aadhaar OTP 927463 sent for address update,0
Aadhaar OTP 927463 sent for address update,0
BJPPL: Electricity bill Rs 1245 due 15-Feb. Pay at bjppl.in/pay,0
Axis Bank Notice: Suspicious login from new device. Call 9876543210 share OTP,1
Axis Bank: FD matured Rs 50000 credited. Acct bal Rs 75234,0
SBI: Rs 2500 credited to Acct No. XXXXX1234. Balance Rs 15234. Ref: 987654321,0
Passport Seva: Application status pending. Pay Rs 1500 verification fee at passport-seva.in/pay,1
Crypto investment: Rs 10000 â†’ Rs 30000 in 7 days. Invest via upi@cryptoind,1
EPFO: Contribution Rs 1800 credited for Jan 2026,0
Vodafone Idea: Number will deactivate in 24hrs. Submit Aadhaar at vi-aadhaar.in,1
EPFO: Contribution Rs 1800 credited for Jan 2026,0
India Post: Parcel held due to Rs 299 customs fee. Pay at indiapost-parcel.in,1
ICICI urgent: KYC documents expired. Update Aadhaar/PAN at icici-kyc.in or account frozen,1
Vodafone Idea: Number will deactivate in 24hrs. Submit Aadhaar at vi-aadhaar.in,1
BSES: Electricity connection suspended. Clear Rs 1200 at bses-payment.in,1
Swiggy: Order #SWG123456 placed successfully. ETA 25 mins,0
Jio lucky draw winner! Claim Rs 10000 recharge: jio-luckydraw.in,1
Your GPay transaction Rs 299 failed. Enter UPI PIN at gpay-secure.in/verify,1
SBI: Rs 2500 credited to Acct No. XXXXX1234. Balance Rs 15234. Ref: 987654321,0
Swiggy refund Rs 299 pending. Share UPI ID for processing,1
Swiggy: Order #SWG123456 placed successfully. ETA 25 mins,0
ICICI: Credit card payment Rs 1200 received. Next due: 20-Feb-26,0
BSES: Electricity connection suspended. Clear Rs 1200 at bses-payment.in,1
EPFO: PF withdrawal Rs 25000 approved. Share bank details at epfo-withdrawal.in,1
HDFC UPI: Rs 499 debited to abc@paytm. Merchant: Amazon. Date: 04-Feb-26,0
Airtel: SIM not linked with Aadhaar. Re-link at airtel-aadhaar.in or service stopped,1
India Post: Parcel held due to Rs 299 customs fee. Pay at indiapost-parcel.in,1
Swiggy: Order #SWG123456 placed successfully. ETA 25 mins,0
Jio: Mandatory Aadhaar verification pending. Complete at jio-aadhaar.in,1
India Post: Parcel held due to Rs 299 customs fee. Pay at indiapost-parcel.in,1
Ola: Cab booked. Driver Rajesh +91 98765 43210 arriving Rampur,0
Crypto investment: Rs 10000 â†’ Rs 30000 in 7 days. Invest via upi@cryptoind,1
HDFC Bank: High risk detected. Verify identity or account blocked: hdfc-verify.com,1
GPay login OTP: 159264. Expires in 5 mins,0
RBI Advisory: Mandatory KYC updation required. Visit rbi-mandkyc.in within 48 hours,1
Income Tax Department: ITR refund Rs 7842 pending. Claim at incometax-refund-portal.in,1
Axis Bank Notice: Suspicious login from new device. Call 9876543210 share OTP,1
EPFO: PF withdrawal Rs 25000 approved. Share bank details at epfo-withdrawal.in,1
Flipkart: Order confirmed #FLK987654321. Expected delivery tomorrow,0
ICICI: Credit card payment Rs 1200 received. Next due: 20-Feb-26,0
BJPPL: Electricity bill Rs 1245 due 15-Feb. Pay at bjppl.in/pay,0
Crypto investment: Rs 10000 â†’ Rs 30000 in 7 days. Invest via upi@cryptoind,1
RBI Advisory: Mandatory KYC updation required. Visit rbi-mandkyc.in within 48 hours,1
GPay login OTP: 159264. Expires in 5 mins,0
ICICI urgent: KYC documents expired. Update Aadhaar/PAN at icici-kyc.in or account frozen,1
EPFO: Contribution Rs 1800 credited for Jan 2026,0
PhonePe transaction OTP: 836471,0
ICICI urgent: KYC documents expired. Update Aadhaar/PAN at icici-kyc.in or account frozen,1
Income Tax Department: ITR refund Rs 7842 pending. Claim at incometax-refund-portal.in,1
PhonePe transaction OTP: 836471,0
Your GPay transaction Rs 299 failed. Enter UPI PIN at gpay-secure.in/verify,1
SBI Alert: Account XXXXX6789 suspended. Complete e-KYC within 24hrs at sbi-kyc-update.in,1
Airtel: SIM not linked with Aadhaar. Re-link at airtel-aadhaar.in or service stopped,1
BSES: Electricity connection suspended. Clear Rs 1200 at bses-payment.in,1
Instant loan Rs 50000 approved. Share PAN for disbursement: instantloan.in/approve,1
BSES: Electricity connection suspended. Clear Rs 1200 at bses-payment.in,1
Swiggy refund Rs 299 pending. Share UPI ID for processing,1
Flipkart Big Billion Days: You won Rs 5000 voucher. Redeem before expiry: flipkart-winners.in,1
"IRCTC PNR 8567123490 confirmed. Train 12951, Coach S12, Seat 45",0
"IRCTC PNR 8567123490 confirmed. Train 12951, Coach S12, Seat 45",0
RBI Advisory: Mandatory KYC updation required. Visit rbi-mandkyc.in within 48 hours,1
Aadhaar OTP 927463 sent for address update,0
ICICI: Credit card payment Rs 1200 received. Next due: 20-Feb-26,0
SBI Alert: Account XXXXX6789 suspended. Complete e-KYC within 24hrs at sbi-kyc-update.in,1
Ola: Cab booked. Driver Rajesh +91 98765 43210 arriving Rampur,0
"IRCTC PNR 8567123490 confirmed. Train 12951, Coach S12, Seat 45",0
HDFC UPI: Rs 499 debited to abc@paytm. Merchant: Amazon. Date: 04-Feb-26,0
ICICI: Credit card payment Rs 1200 received. Next due: 20-Feb-26,0
Ola: Cab booked. Driver Rajesh +91 98765 43210 arriving Rampur,0
Swiggy: Order #SWG123456 placed successfully. ETA 25 mins,0
EPFO: Contribution Rs 1800 credited for Jan 2026,0
HDFC UPI: Rs 499 debited to abc@paytm. Merchant: Amazon. Date: 04-Feb-26,0
Flipkart: Order confirmed #FLK987654321. Expected delivery tomorrow,0
Aadhaar OTP 927463 sent for address update,0
UPI refund of Rs 499 pending. Share transaction PIN to process refund@oksbi,1
Amazon Pay Rs 999 cashback credited. Minimum Rs 5000 spend required: amazon-cashback.in,1
Axis Bank: FD matured Rs 50000 credited. Acct bal Rs 75234,0
Passport Seva: Application status pending. Pay Rs 1500 verification fee at passport-seva.in/pay,1
Airtel: SIM not linked with Aadhaar. Re-link at airtel-aadhaar.in or service stopped,1
EPFO: PF withdrawal Rs 25000 approved. Share bank details at epfo-withdrawal.in,1
Ola: Cab booked. Driver Rajesh +91 98765 43210 arriving Rampur,0
Passport Seva: Application status pending. Pay Rs 1500 verification fee at passport-seva.in/pay,1
Vodafone Idea: Number will deactivate in 24hrs. Submit Aadhaar at vi-aadhaar.in,1
Jio: Mandatory Aadhaar verification pending. Complete at jio-aadhaar.in,1
Jio lucky draw winner! Claim Rs 10000 recharge: jio-luckydraw.in,1
Aadhaar OTP 927463 sent for address update,0
Axis Bank Notice: Suspicious login from new device. Call 9876543210 share OTP,1
ICICI urgent: KYC documents expired. Update Aadhaar/PAN at icici-kyc.in or account frozen,1
Your OTP is 748392. Valid for 2 minutes. Do not share with anyone,0
Vodafone Idea: Number will deactivate in 24hrs. Submit Aadhaar at vi-aadhaar.in,1
Ola: Cab booked. Driver Rajesh +91 98765 43210 arriving Rampur,0
Crypto investment: Rs 10000 â†’ Rs 30000 in 7 days. Invest via upi@cryptoind,1
Axis Bank Notice: Suspicious login from new device. Call 9876543210 share OTP,1
EPFO: PF withdrawal Rs 25000 approved. Share bank details at epfo-withdrawal.in,1
BSES: Electricity connection suspended. Clear Rs 1200 at bses-payment.in,1
Flipkart: Order confirmed #FLK987654321. Expected delivery tomorrow,0
Vodafone Idea: Number will deactivate in 24hrs. Submit Aadhaar at vi-aadhaar.in,1
Amazon Order #404-1234567-8901234 shipped. Delivery 05-Feb,0
BSES: Electricity connection suspended. Clear Rs 1200 at bses-payment.in,1
Axis Bank: FD matured Rs 50000 credited. Acct bal Rs 75234,0
PhonePe transaction OTP: 836471,0
Passport Seva: Application status pending. Pay Rs 1500 verification fee at passport-seva.in/pay,1
Amazon Pay Rs 999 cashback credited. Minimum Rs 5000 spend required: amazon-cashback.in,1
GPay login OTP: 159264. Expires in 5 mins,0
HDFC UPI: Rs 499 debited to abc@paytm. Merchant: Amazon. Date: 04-Feb-26,0
Amazon Pay Rs 999 cashback credited. Minimum Rs 5000 spend required: amazon-cashback.in,1
SBI Alert: Account XXXXX6789 suspended. Complete e-KYC within 24hrs at sbi-kyc-update.in,1
Your OTP is 748392. Valid for 2 minutes. Do not share with anyone,0
Amazon Pay Rs 999 cashback credited. Minimum Rs 5000 spend required: amazon-cashback.in,1
India Post: Parcel held due to Rs 299 customs fee. Pay at indiapost-parcel.in,1
You received Rs 201 by mistake from 9876543210@paytm. Please return Rs 2010 to same UPI,1
RBI Advisory: Mandatory KYC updation required. Visit rbi-mandkyc.in within 48 hours,1
EPFO: Contribution Rs 1800 credited for Jan 2026,0
UPI refund of Rs 499 pending. Share transaction PIN to process refund@oksbi,1
GPay login OTP: 159264. Expires in 5 mins,0
GPay login OTP: 159264. Expires in 5 mins,0
SBI: Rs 2500 credited to Acct No. XXXXX1234. Balance Rs 15234. Ref: 987654321,0
Income Tax Department: ITR refund Rs 7842 pending. Claim at incometax-refund-portal.in,1
BJPPL: Electricity bill Rs 1245 due 15-Feb. Pay at bjppl.in/pay,0
Swiggy refund Rs 299 pending. Share UPI ID for processing,1
HDFC Bank: High risk detected. Verify identity or account blocked: hdfc-verify.com,1
GPay login OTP: 159264. Expires in 5 mins,0
Your GPay transaction Rs 299 failed. Enter UPI PIN at gpay-secure.in/verify,1
BJPPL: Electricity bill Rs 1245 due 15-Feb. Pay at bjppl.in/pay,0
Ola: Cab booked. Driver Rajesh +91 98765 43210 arriving Rampur,0
ICICI: Credit card payment Rs 1200 received. Next due: 20-Feb-26,0
Amazon Pay Rs 999 cashback credited. Minimum Rs 5000 spend required: amazon-cashback.in,1
"IRCTC PNR 8567123490 confirmed. Train 12951, Coach S12, Seat 45",0
HDFC UPI: Rs 499 debited to abc@paytm. Merchant: Amazon. Date: 04-Feb-26,0
EPFO: PF withdrawal Rs 25000 approved. Share bank details at epfo-withdrawal.in,1
Flipkart Big Billion Days: You won Rs 5000 voucher. Redeem before expiry: flipkart-winners.in,1
Your OTP is 748392. Valid for 2 minutes. Do not share with anyone,0
SBI Alert: Account XXXXX6789 suspended. Complete e-KYC within 24hrs at sbi-kyc-update.in,1
Jio lucky draw winner! Claim Rs 10000 recharge: jio-luckydraw.in,1
Passport Seva: Application status pending. Pay Rs 1500 verification fee at passport-seva.in/pay,1
ICICI urgent: KYC documents expired. Update Aadhaar/PAN at icici-kyc.in or account frozen,1
Your GPay transaction Rs 299 failed. Enter UPI PIN at gpay-secure.in/verify,1
Swiggy: Order #SWG123456 placed successfully. ETA 25 mins,0
GPay login OTP: 159264. Expires in 5 mins,0
Your GPay transaction Rs 299 failed. Enter UPI PIN at gpay-secure.in/verify,1
PhonePe transaction OTP: 836471,0
India Post: Parcel held due to Rs 299 customs fee. Pay at indiapost-parcel.in,1
Amazon Order #404-1234567-8901234 shipped. Delivery 05-Feb,0
GPay login OTP: 159264. Expires in 5 mins,0
Swiggy refund Rs 299 pending. Share UPI ID for processing,1
Vodafone Idea: Number will deactivate in 24hrs. Submit Aadhaar at vi-aadhaar.in,1
BJPPL: Electricity bill Rs 1245 due 15-Feb. Pay at bjppl.in/pay,0
Jio lucky draw winner! Claim Rs 10000 recharge: jio-luckydraw.in,1
Swiggy: Order #SWG123456 placed successfully. ETA 25 mins,0
UPI refund of Rs 499 pending. Share transaction PIN to process refund@oksbi,1
Your GPay transaction Rs 299 failed. Enter UPI PIN at gpay-secure.in/verify,1
Accidental UPI payment Rs 100 sent. Return Rs 1000 via UPI refund@paytm,1
Ola: Cab booked. Driver Rajesh +91 98765 43210 arriving Rampur,0
Instant loan Rs 50000 approved. Share PAN for disbursement: instantloan.in/approve,1
Amazon Order #404-1234567-8901234 shipped. Delivery 05-Feb,0
EPFO: PF withdrawal Rs 25000 approved. Share bank details at epfo-withdrawal.in,1
Jio lucky draw winner! Claim Rs 10000 recharge: jio-luckydraw.in,1
Income Tax Department: ITR refund Rs 7842 pending. Claim at incometax-refund-portal.in,1
Amazon Pay Rs 999 cashback credited. Minimum Rs 5000 spend required: amazon-cashback.in,1
Aadhaar OTP 927463 sent for address update,0
HDFC UPI: Rs 499 debited to abc@paytm. Merchant: Amazon. Date: 04-Feb-26,0
Axis Bank: FD matured Rs 50000 credited. Acct bal Rs 75234,0
"IRCTC PNR 8567123490 confirmed. Train 12951, Coach S12, Seat 45",0
ICICI urgent: KYC documents expired. Update Aadhaar/PAN at icici-kyc.in or account frozen,1
Flipkart: Order confirmed #FLK987654321. Expected delivery tomorrow,0
GPay login OTP: 159264. Expires in 5 mins,0
BJPPL: Electricity bill Rs 1245 due 15-Feb. Pay at bjppl.in/pay,0
Crypto investment: Rs 10000 â†’ Rs 30000 in 7 days. Invest via upi@cryptoind,1
Jio: Mandatory Aadhaar verification pending. Complete at jio-aadhaar.in,1
Your OTP is 748392. Valid for 2 minutes. Do not share with anyone,0
Axis Bank Notice: Suspicious login from new device. Call 9876543210 share OTP,1
SBI: Rs 2500 credited to Acct No. XXXXX1234. Balance Rs 15234. Ref: 987654321,0
Your OTP is 748392. Valid for 2 minutes. Do not share with anyone,0
PhonePe Rs 501 overcharged. Refund Rs 5100 to refund@phonepe,1
Income Tax Department: ITR refund Rs 7842 pending. Claim at incometax-refund-portal.in,1
EPFO: PF withdrawal Rs 25000 approved. Share bank details at epfo-withdrawal.in,1
Your OTP is 748392. Valid for 2 minutes. Do not share with anyone,0
India Post: Parcel held due to Rs 299 customs fee. Pay at indiapost-parcel.in,1
Flipkart Big Billion Days: You won Rs 5000 voucher. Redeem before expiry: flipkart-winners.in,1
SBI Alert: Account XXXXX6789 suspended. Complete e-KYC within 24hrs at sbi-kyc-update.in,1
PhonePe transaction OTP: 836471,0
GPay login OTP: 159264. Expires in 5 mins,0
Swiggy: Order #SWG123456 placed successfully. ETA 25 mins,0
ICICI: Credit card payment Rs 1200 received. Next due: 20-Feb-26,0
BJPPL: Electricity bill Rs 1245 due 15-Feb. Pay at bjppl.in/pay,0
BSES: Electricity connection suspended. Clear Rs 1200 at bses-payment.in,1
Jio: Mandatory Aadhaar verification pending. Complete at jio-aadhaar.in,1
Flipkart: Order confirmed #FLK987654321. Expected delivery tomorrow,0
Crypto investment: Rs 10000 â†’ Rs 30000 in 7 days. Invest via upi@cryptoind,1
PNB account will be deactivated. Link mobile number: pnb-mobile-update.in,1
"IRCTC PNR 8567123490 confirmed. Train 12951, Coach S12, Seat 45",0
ICICI: Credit card payment Rs 1200 received. Next due: 20-Feb-26,0
Jio: Mandatory Aadhaar verification pending. Complete at jio-aadhaar.in,1
PNB account will be deactivated. Link mobile number: pnb-mobile-update.in,1
Your OTP is 748392. Valid for 2 minutes. Do not share with anyone,0
HDFC UPI: Rs 499 debited to abc@paytm. Merchant: Amazon. Date: 04-Feb-26,0
Axis Bank: FD matured Rs 50000 credited. Acct bal Rs 75234,0
Income Tax Department: ITR refund Rs 7842 pending. Claim at incometax-refund-portal.in,1
"IRCTC PNR 8567123490 confirmed. Train 12951, Coach S12, Seat 45",0
GPay login OTP: 159264. Expires in 5 mins,0
PNB account will be deactivated. Link mobile number: pnb-mobile-update.in,1
PhonePe Rs 501 overcharged. Refund Rs 5100 to refund@phonepe,1
Instant loan Rs 50000 approved. Share PAN for disbursement: instantloan.in/approve,1
PNB account will be deactivated. Link mobile number: pnb-mobile-update.in,1
BJPPL: Electricity bill Rs 1245 due 15-Feb. Pay at bjppl.in/pay,0
HDFC UPI: Rs 499 debited to abc@paytm. Merchant: Amazon. Date: 04-Feb-26,0
PhonePe Rs 501 overcharged. Refund Rs 5100 to refund@phonepe,1
HDFC UPI: Rs 499 debited to abc@paytm. Merchant: Amazon. Date: 04-Feb-26,0
Instant loan Rs 50000 approved. Share PAN for disbursement: instantloan.in/approve,1
SBI: Rs 2500 credited to Acct No. XXXXX1234. Balance Rs 15234. Ref: 987654321,0
Axis Bank Notice: Suspicious login from new device. Call 9876543210 share OTP,1
Passport Seva: Application status pending. Pay Rs 1500 verification fee at passport-seva.in/pay,1
Amazon Pay Rs 999 cashback credited. Minimum Rs 5000 spend required: amazon-cashback.in,1
Income Tax Department: ITR refund Rs 7842 pending. Claim at incometax-refund-portal.in,1
ICICI: Credit card payment Rs 1200 received. Next due: 20-Feb-26,0
Income Tax Department: ITR refund Rs 7842 pending. Claim at incometax-refund-portal.in,1
SBI Alert: Account XXXXX6789 suspended. Complete e-KYC within 24hrs at sbi-kyc-update.in,1
UPI refund of Rs 499 pending. Share transaction PIN to process refund@oksbi,1
Ola: Cab booked. Driver Rajesh +91 98765 43210 arriving Rampur,0
Your OTP is 748392. Valid for 2 minutes. Do not share with anyone,0
Flipkart Big Billion Days: You won Rs 5000 voucher. Redeem before expiry: flipkart-winners.in,1
Amazon Pay Rs 999 cashback credited. Minimum Rs 5000 spend required: amazon-cashback.in,1
India Post: Parcel held due to Rs 299 customs fee. Pay at indiapost-parcel.in,1
Your GPay transaction Rs 299 failed. Enter UPI PIN at gpay-secure.in/verify,1
Amazon Pay Rs 999 cashback credited. Minimum Rs 5000 spend required: amazon-cashback.in,1
ICICI: Credit card payment Rs 1200 received. Next due: 20-Feb-26,0
India Post: Parcel held due to Rs 299 customs fee. Pay at indiapost-parcel.in,1
Airtel: SIM not linked with Aadhaar. Re-link at airtel-aadhaar.in or service stopped,1
SBI Alert: Account XXXXX6789 suspended. Complete e-KYC within 24hrs at sbi-kyc-update.in,1
Vodafone Idea: Number will deactivate in 24hrs. Submit Aadhaar at vi-aadhaar.in,1
HDFC Bank: High risk detected. Verify identity or account blocked: hdfc-verify.com,1
Aadhaar OTP 927463 sent for address update,0
HDFC Bank: High risk detected. Verify identity or account blocked: hdfc-verify.com,1
SBI Alert: Account XXXXX6789 suspended. Complete e-KYC within 24hrs at sbi-kyc-update.in,1
Amazon Order #404-1234567-8901234 shipped. Delivery 05-Feb,0
Ola: Cab booked. Driver Rajesh +91 98765 43210 arriving Rampur,0
SBI: Rs 2500 credited to Acct No. XXXXX1234. Balance Rs 15234. Ref: 987654321,0
ICICI: Credit card payment Rs 1200 received. Next due: 20-Feb-26,0
BSES: Electricity connection suspended. Clear Rs 1200 at bses-payment.in,1
Flipkart: Order confirmed #FLK987654321. Expected delivery tomorrow,0
PhonePe transaction OTP: 836471,0
RBI Advisory: Mandatory KYC updation required. Visit rbi-mandkyc.in within 48 hours,1
Jio lucky draw winner! Claim Rs 10000 recharge: jio-luckydraw.in,1
Jio: Mandatory Aadhaar verification pending. Complete at jio-aadhaar.in,1
EPFO: Contribution Rs 1800 credited for Jan 2026,0
Passport Seva: Application status pending. Pay Rs 1500 verification fee at passport-seva.in/pay,1
Airtel: SIM not linked with Aadhaar. Re-link at airtel-aadhaar.in or service stopped,1
Swiggy: Order #SWG123456 placed successfully. ETA 25 mins,0
"IRCTC PNR 8567123490 confirmed. Train 12951, Coach S12, Seat 45",0
EPFO: PF withdrawal Rs 25000 approved. Share bank details at epfo-withdrawal.in,1
EPFO: PF withdrawal Rs 25000 approved. Share bank details at epfo-withdrawal.in,1
Flipkart: Order confirmed #FLK987654321. Expected delivery tomorrow,0
"IRCTC PNR 8567123490 confirmed. Train 12951, Coach S12, Seat 45",0
Swiggy: Order #SWG123456 placed successfully. ETA 25 mins,0
Jio: Mandatory Aadhaar verification pending. Complete at jio-aadhaar.in,1
EPFO: PF withdrawal Rs 25000 approved. Share bank details at epfo-withdrawal.in,1
Your OTP is 748392. Valid for 2 minutes. Do not share with anyone,0
Instant loan Rs 50000 approved. Share PAN for disbursement: instantloan.in/approve,1
Vodafone Idea: Number will deactivate in 24hrs. Submit Aadhaar at vi-aadhaar.in,1
Flipkart: Order confirmed #FLK987654321. Expected delivery tomorrow,0
PNB account will be deactivated. Link mobile number: pnb-mobile-update.in,1
HDFC UPI: Rs 499 debited to abc@paytm. Merchant: Amazon. Date: 04-Feb-26,0
GPay login OTP: 159264. Expires in 5 mins,0
GPay login OTP: 159264. Expires in 5 mins,0
Flipkart: Order confirmed #FLK987654321. Expected delivery tomorrow,0
PhonePe transaction OTP: 836471,0
UPI refund of Rs 499 pending. Share transaction PIN to process refund@oksbi,1
Axis Bank Notice: Suspicious login from new device. Call 9876543210 share OTP,1
UPI refund of Rs 499 pending. Share transaction PIN to process refund@oksbi,1
RBI Advisory: Mandatory KYC updation required. Visit rbi-mandkyc.in within 48 hours,1
Crypto investment: Rs 10000 â†’ Rs 30000 in 7 days. Invest via upi@cryptoind,1
ICICI: Credit card payment Rs 1200 received. Next due: 20-Feb-26,0
Ola: Cab booked. Driver Rajesh +91 98765 43210 arriving Rampur,0
RBI Advisory: Mandatory KYC updation required. Visit rbi-mandkyc.in within 48 hours,1
Flipkart Big Billion Days: You won Rs 5000 voucher. Redeem before expiry: flipkart-winners.in,1
Aadhaar OTP 927463 sent for address update,0
Your GPay transaction Rs 299 failed. Enter UPI PIN at gpay-secure.in/verify,1
Swiggy refund Rs 299 pending. Share UPI ID for processing,1
"IRCTC PNR 8567123490 confirmed. Train 12951, Coach S12, Seat 45",0
Jio lucky draw winner! Claim Rs 10000 recharge: jio-luckydraw.in,1
"IRCTC PNR 8567123490 confirmed. Train 12951, Coach S12, Seat 45",0
ICICI urgent: KYC documents expired. Update Aadhaar/PAN at icici-kyc.in or account frozen,1
Jio: Mandatory Aadhaar verification pending. Complete at jio-aadhaar.in,1
PNB account will be deactivated. Link mobile number: pnb-mobile-update.in,1
SBI: Rs 2500 credited to Acct No. XXXXX1234. Balance Rs 15234. Ref: 987654321,0
SBI: Rs 2500 credited to Acct No. XXXXX1234. Balance Rs 15234. Ref: 987654321,0
Axis Bank Notice: Suspicious login from new device. Call 9876543210 share OTP,1
Passport Seva: Application status pending. Pay Rs 1500 verification fee at passport-seva.in/pay,1
PhonePe transaction OTP: 836471,0
Jio lucky draw winner! Claim Rs 10000 recharge: jio-luckydraw.in,1
Swiggy refund Rs 299 pending. Share UPI ID for processing,1
SBI Alert: Account XXXXX6789 suspended. Complete e-KYC within 24hrs at sbi-kyc-update.in,1
Amazon Order #404-1234567-8901234 shipped. Delivery 05-Feb,0
HDFC UPI: Rs 499 debited to abc@paytm. Merchant: Amazon. Date: 04-Feb-26,0
RBI Advisory: Mandatory KYC updation required. Visit rbi-mandkyc.in within 48 hours,1
Amazon Pay Rs 999 cashback credited. Minimum Rs 5000 spend required: amazon-cashback.in,1
Flipkart: Order confirmed #FLK987654321. Expected delivery tomorrow,0
Amazon Order #404-1234567-8901234 shipped. Delivery 05-Feb,0
Your GPay transaction Rs 299 failed. Enter UPI PIN at gpay-secure.in/verify,1
Ola: Cab booked. Driver Rajesh +91 98765 43210 arriving Rampur,0
Income Tax Department: ITR refund Rs 7842 pending. Claim at incometax-refund-portal.in,1
Vodafone Idea: Number will deactivate in 24hrs. Submit Aadhaar at vi-aadhaar.in,1
HDFC Bank: High risk detected. Verify identity or account blocked: hdfc-verify.com,1
Jio lucky draw winner! Claim Rs 10000 recharge: jio-luckydraw.in,1
Crypto investment: Rs 10000 â†’ Rs 30000 in 7 days. Invest via upi@cryptoind,1
Passport Seva: Application status pending. Pay Rs 1500 verification fee at passport-seva.in/pay,1
BJPPL: Electricity bill Rs 1245 due 15-Feb. Pay at bjppl.in/pay,0
UPI refund of Rs 499 pending. Share transaction PIN to process refund@oksbi,1
EPFO: PF withdrawal Rs 25000 approved. Share bank details at epfo-withdrawal.in,1
PhonePe transaction OTP: 836471,0
Axis Bank: FD matured Rs 50000 credited. Acct bal Rs 75234,0
Accidental UPI payment Rs 100 sent. Return Rs 1000 via UPI refund@paytm,1
HDFC Bank: High risk detected. Verify identity or account blocked: hdfc-verify.com,1
HDFC Bank: High risk detected. Verify identity or account blocked: hdfc-verify.com,1
RBI Advisory: Mandatory KYC updation required. Visit rbi-mandkyc.in within 48 hours,1
Jio lucky draw winner! Claim Rs 10000 recharge: jio-luckydraw.in,1
HDFC UPI: Rs 499 debited to abc@paytm. Merchant: Amazon. Date: 04-Feb-26,0
SBI: Rs 2500 credited to Acct No. XXXXX1234. Balance Rs 15234. Ref: 987654321,0
Your OTP is 748392. Valid for 2 minutes. Do not share with anyone,0
India Post: Parcel held due to Rs 299 customs fee. Pay at indiapost-parcel.in,1
Passport Seva: Application status pending. Pay Rs 1500 verification fee at passport-seva.in/pay,1
Airtel: SIM not linked with Aadhaar. Re-link at airtel-aadhaar.in or service stopped,1
Crypto investment: Rs 10000 â†’ Rs 30000 in 7 days. Invest via upi@cryptoind,1
EPFO: PF withdrawal Rs 25000 approved. Share bank details at epfo-withdrawal.in,1
ICICI urgent: KYC documents expired. Update Aadhaar/PAN at icici-kyc.in or account frozen,1
Jio: Mandatory Aadhaar verification pending. Complete at jio-aadhaar.in,1
SBI: Rs 2500 credited to Acct No. XXXXX1234. Balance Rs 15234. Ref: 987654321,0
Axis Bank Notice: Suspicious login from new device. Call 9876543210 share OTP,1
RBI Advisory: Mandatory KYC updation required. Visit rbi-mandkyc.in within 48 hours,1
Axis Bank: FD matured Rs 50000 credited. Acct bal Rs 75234,0
Axis Bank Notice: Suspicious login from new device. Call 9876543210 share OTP,1
Your OTP is 748392. Valid for 2 minutes. Do not share with anyone,0
Swiggy refund Rs 299 pending. Share UPI ID for processing,1
Instant loan Rs 50000 approved. Share PAN for disbursement: instantloan.in/approve,1
Your OTP is 748392. Valid for 2 minutes. Do not share with anyone,0
Flipkart: Order confirmed #FLK987654321. Expected delivery tomorrow,0
Axis Bank: FD matured Rs 50000 credited. Acct bal Rs 75234,0
Amazon Pay Rs 999 cashback credited. Minimum Rs 5000 spend required: amazon-cashback.in,1
Axis Bank Notice: Suspicious login from new device. Call 9876543210 share OTP,1
Jio lucky draw winner! Claim Rs 10000 recharge: jio-luckydraw.in,1
UPI refund of Rs 499 pending. Share transaction PIN to process refund@oksbi,1
Amazon Order #404-1234567-8901234 shipped. Delivery 05-Feb,0
EPFO: Contribution Rs 1800 credited for Jan 2026,0
Jio: Mandatory Aadhaar verification pending. Complete at jio-aadhaar.in,1
Ola: Cab booked. Driver Rajesh +91 98765 43210 arriving Rampur,0
BJPPL: Electricity bill Rs 1245 due 15-Feb. Pay at bjppl.in/pay,0
Jio lucky draw winner! Claim Rs 10000 recharge: jio-luckydraw.in,1
Aadhaar OTP 927463 sent for address update,0
Accidental UPI payment Rs 100 sent. Return Rs 1000 via UPI refund@paytm,1
SBI: Rs 2500 credited to Acct No. XXXXX1234. Balance Rs 15234. Ref: 987654321,0
UPI refund of Rs 499 pending. Share transaction PIN to process refund@oksbi,1
HDFC UPI: Rs 499 debited to abc@paytm. Merchant: Amazon. Date: 04-Feb-26,0
GPay login OTP: 159264. Expires in 5 mins,0
Flipkart: Order confirmed #FLK987654321. Expected delivery tomorrow,0
Accidental UPI payment Rs 100 sent. Return Rs 1000 via UPI refund@paytm,1
Jio: Mandatory Aadhaar verification pending. Complete at jio-aadhaar.in,1
Ola: Cab booked. Driver Rajesh +91 98765 43210 arriving Rampur,0
Your GPay transaction Rs 299 failed. Enter UPI PIN at gpay-secure.in/verify,1
Aadhaar OTP 927463 sent for address update,0
EPFO: Contribution Rs 1800 credited for Jan 2026,0
India Post: Parcel held due to Rs 299 customs fee. Pay at indiapost-parcel.in,1
Instant loan Rs 50000 approved. Share PAN for disbursement: instantloan.in/approve,1
SBI: Rs 2500 credited to Acct No. XXXXX1234. Balance Rs 15234. Ref: 987654321,0
ICICI: Credit card payment Rs 1200 received. Next due: 20-Feb-26,0
Your OTP is 748392. Valid for 2 minutes. Do not share with anyone,0
EPFO: PF withdrawal Rs 25000 approved. Share bank details at epfo-withdrawal.in,1
You received Rs 201 by mistake from 9876543210@paytm. Please return Rs 2010 to same UPI,1
Aadhaar OTP 927463 sent for address update,0
Airtel: SIM not linked with Aadhaar. Re-link at airtel-aadhaar.in or service stopped,1
SBI: Rs 2500 credited to Acct No. XXXXX1234. Balance Rs 15234. Ref: 987654321,0
Aadhaar OTP 927463 sent for address update,0
EPFO: PF withdrawal Rs 25000 approved. Share bank details at epfo-withdrawal.in,1
Ola: Cab booked. Driver Rajesh +91 98765 43210 arriving Rampur,0
EPFO: Contribution Rs 1800 credited for Jan 2026,0
Instant loan Rs 50000 approved. Share PAN for disbursement: instantloan.in/approve,1
Income Tax Department: ITR refund Rs 7842 pending. Claim at incometax-refund-portal.in,1
Airtel: SIM not linked with Aadhaar. Re-link at airtel-aadhaar.in or service stopped,1
Crypto investment: Rs 10000 â†’ Rs 30000 in 7 days. Invest via upi@cryptoind,1
BJPPL: Electricity bill Rs 1245 due 15-Feb. Pay at bjppl.in/pay,0
Swiggy refund Rs 299 pending. Share UPI ID for processing,1
"IRCTC PNR 8567123490 confirmed. Train 12951, Coach S12, Seat 45",0
Accidental UPI payment Rs 100 sent. Return Rs 1000 via UPI refund@paytm,1
ICICI: Credit card payment Rs 1200 received. Next due: 20-Feb-26,0
SBI Alert: Account XXXXX6789 suspended. Complete e-KYC within 24hrs at sbi-kyc-update.in,1
Accidental UPI payment Rs 100 sent. Return Rs 1000 via UPI refund@paytm,1
Vodafone Idea: Number will deactivate in 24hrs. Submit Aadhaar at vi-aadhaar.in,1
Swiggy: Order #SWG123456 placed successfully. ETA 25 mins,0
PhonePe Rs 501 overcharged. Refund Rs 5100 to refund@phonepe,1
Amazon Order #404-1234567-8901234 shipped. Delivery 05-Feb,0
Ola: Cab booked. Driver Rajesh +91 98765 43210 arriving Rampur,0
Swiggy: Order #SWG123456 placed successfully. ETA 25 mins,0
EPFO: Contribution Rs 1800 credited for Jan 2026,0
Your GPay transaction Rs 299 failed. Enter UPI PIN at gpay-secure.in/verify,1
HDFC Bank: High risk detected. Verify identity or account blocked: hdfc-verify.com,1
Your GPay transaction Rs 299 failed. Enter UPI PIN at gpay-secure.in/verify,1
BJPPL: Electricity bill Rs 1245 due 15-Feb. Pay at bjppl.in/pay,0
You received Rs 201 by mistake from 9876543210@paytm. Please return Rs 2010 to same UPI,1
Aadhaar OTP 927463 sent for address update,0
PhonePe transaction OTP: 836471,0
PhonePe Rs 501 overcharged. Refund Rs 5100 to refund@phonepe,1
Crypto investment: Rs 10000 â†’ Rs 30000 in 7 days. Invest via upi@cryptoind,1
ICICI: Credit card payment Rs 1200 received. Next due: 20-Feb-26,0
GPay login OTP: 159264. Expires in 5 mins,0
PhonePe Rs 501 overcharged. Refund Rs 5100 to refund@phonepe,1
Instant loan Rs 50000 approved. Share PAN for disbursement: instantloan.in/approve,1
"IRCTC PNR 8567123490 confirmed. Train 12951, Coach S12, Seat 45",0
RBI Advisory: Mandatory KYC updation required. Visit rbi-mandkyc.in within 48 hours,1
PhonePe transaction OTP: 836471,0
Swiggy refund Rs 299 pending. Share UPI ID for processing,1
ICICI: Credit card payment Rs 1200 received. Next due: 20-Feb-26,0
Crypto investment: Rs 10000 â†’ Rs 30000 in 7 days. Invest via upi@cryptoind,1
Jio lucky draw winner! Claim Rs 10000 recharge: jio-luckydraw.in,1
Accidental UPI payment Rs 100 sent. Return Rs 1000 via UPI refund@paytm,1
Amazon Order #404-1234567-8901234 shipped. Delivery 05-Feb,0
Flipkart: Order confirmed #FLK987654321. Expected delivery tomorrow,0
You received Rs 201 by mistake from 9876543210@paytm. Please return Rs 2010 to same UPI,1
HDFC Bank: High risk detected. Verify identity or account blocked: hdfc-verify.com,1
EPFO: Contribution Rs 1800 credited for Jan 2026,0
SBI: Rs 2500 credited to Acct No. XXXXX1234. Balance Rs 15234. Ref: 987654321,0
ICICI urgent: KYC documents expired. Update Aadhaar/PAN at icici-kyc.in or account frozen,1
UPI refund of Rs 499 pending. Share transaction PIN to process refund@oksbi,1
ICICI: Credit card payment Rs 1200 received. Next due: 20-Feb-26,0
Swiggy: Order #SWG123456 placed successfully. ETA 25 mins,0
BSES: Electricity connection suspended. Clear Rs 1200 at bses-payment.in,1
Flipkart: Order confirmed #FLK987654321. Expected delivery tomorrow,0
Your GPay transaction Rs 299 failed. Enter UPI PIN at gpay-secure.in/verify,1
BJPPL: Electricity bill Rs 1245 due 15-Feb. Pay at bjppl.in/pay,0
ICICI urgent: KYC documents expired. Update Aadhaar/PAN at icici-kyc.in or account frozen,1
Flipkart Big Billion Days: You won Rs 5000 voucher. Redeem before expiry: flipkart-winners.in,1
Instant loan Rs 50000 approved. Share PAN for disbursement: instantloan.in/approve,1
Flipkart Big Billion Days: You won Rs 5000 voucher. Redeem before expiry: flipkart-winners.in,1
Vodafone Idea: Number will deactivate in 24hrs. Submit Aadhaar at vi-aadhaar.in,1
Swiggy refund Rs 299 pending. Share UPI ID for processing,1
ICICI urgent: KYC documents expired. Update Aadhaar/PAN at icici-kyc.in or account frozen,1
Vodafone Idea: Number will deactivate in 24hrs. Submit Aadhaar at vi-aadhaar.in,1
India Post: Parcel held due to Rs 299 customs fee. Pay at indiapost-parcel.in,1
Crypto investment: Rs 10000 â†’ Rs 30000 in 7 days. Invest via upi@cryptoind,1
SBI: Rs 2500 credited to Acct No. XXXXX1234. Balance Rs 15234. Ref: 987654321,0
"IRCTC PNR 8567123490 confirmed. Train 12951, Coach S12, Seat 45",0
PNB account will be deactivated. Link mobile number: pnb-mobile-update.in,1
"IRCTC PNR 8567123490 confirmed. Train 12951, Coach S12, Seat 45",0
GPay login OTP: 159264. Expires in 5 mins,0
Axis Bank: FD matured Rs 50000 credited. Acct bal Rs 75234,0
Passport Seva: Application status pending. Pay Rs 1500 verification fee at passport-seva.in/pay,1
SBI Alert: Account XXXXX6789 suspended. Complete e-KYC within 24hrs at sbi-kyc-update.in,1
PhonePe transaction OTP: 836471,0
You received Rs 201 by mistake from 9876543210@paytm. Please return Rs 2010 to same UPI,1
Crypto investment: Rs 10000 â†’ Rs 30000 in 7 days. Invest via upi@cryptoind,1
BSES: Electricity connection suspended. Clear Rs 1200 at bses-payment.in,1
You received Rs 201 by mistake from 9876543210@paytm. Please return Rs 2010 to same UPI,1
Amazon Pay Rs 999 cashback credited. Minimum Rs 5000 spend required: amazon-cashback.in,1
Aadhaar OTP 927463 sent for address update,0
EPFO: Contribution Rs 1800 credited for Jan 2026,0
Amazon Order #404-1234567-8901234 shipped. Delivery 05-Feb,0
Amazon Order #404-1234567-8901234 shipped. Delivery 05-Feb,0
Airtel: SIM not linked with Aadhaar. Re-link at airtel-aadhaar.in or service stopped,1
HDFC Bank: High risk detected. Verify identity or account blocked: hdfc-verify.com,1
Flipkart: Order confirmed #FLK987654321. Expected delivery tomorrow,0
Swiggy: Order #SWG123456 placed successfully. ETA 25 mins,0
Swiggy: Order #SWG123456 placed successfully. ETA 25 mins,0
India Post: Parcel held due to Rs 299 customs fee. Pay at indiapost-parcel.in,1
BSES: Electricity connection suspended. Clear Rs 1200 at bses-payment.in,1
HDFC Bank: High risk detected. Verify identity or account blocked: hdfc-verify.com,1
BJPPL: Electricity bill Rs 1245 due 15-Feb. Pay at bjppl.in/pay,0
Airtel: SIM not linked with Aadhaar. Re-link at airtel-aadhaar.in or service stopped,1
PhonePe Rs 501 overcharged. Refund Rs 5100 to refund@phonepe,1
BJPPL: Electricity bill Rs 1245 due 15-Feb. Pay at bjppl.in/pay,0
EPFO: Contribution Rs 1800 credited for Jan 2026,0
Swiggy refund Rs 299 pending. Share UPI ID for processing,1
EPFO: Contribution Rs 1800 credited for Jan 2026,0
GPay login OTP: 159264. Expires in 5 mins,0
Ola: Cab booked. Driver Rajesh +91 98765 43210 arriving Rampur,0
Your OTP is 748392. Valid for 2 minutes. Do not share with anyone,0
PNB account will be deactivated. Link mobile number: pnb-mobile-update.in,1
Jio: Mandatory Aadhaar verification pending. Complete at jio-aadhaar.in,1
ICICI urgent: KYC documents expired. Update Aadhaar/PAN at icici-kyc.in or account frozen,1
PNB account will be deactivated. Link mobile number: pnb-mobile-update.in,1
You received Rs 201 by mistake from 9876543210@paytm. Please return Rs 2010 to same UPI,1
PhonePe Rs 501 overcharged. Refund Rs 5100 to refund@phonepe,1
UPI refund of Rs 499 pending. Share transaction PIN to process refund@oksbi,1
Your GPay transaction Rs 299 failed. Enter UPI PIN at gpay-secure.in/verify,1
Vodafone Idea: Number will deactivate in 24hrs. Submit Aadhaar at vi-aadhaar.in,1
PhonePe Rs 501 overcharged. Refund Rs 5100 to refund@phonepe,1
Amazon Pay Rs 999 cashback credited. Minimum Rs 5000 spend required: amazon-cashback.in,1
SBI Alert: Account XXXXX6789 suspended. Complete e-KYC within 24hrs at sbi-kyc-update.in,1
PhonePe transaction OTP: 836471,0
Instant loan Rs 50000 approved. Share PAN for disbursement: instantloan.in/approve,1
SBI: Rs 2500 credited to Acct No. XXXXX1234. Balance Rs 15234. Ref: 987654321,0
ICICI: Credit card payment Rs 1200 received. Next due: 20-Feb-26,0
HDFC Bank: High risk detected. Verify identity or account blocked: hdfc-verify.com,1
Instant loan Rs 50000 approved. Share PAN for disbursement: instantloan.in/approve,1
RBI Advisory: Mandatory KYC updation required. Visit rbi-mandkyc.in within 48 hours,1
BSES: Electricity connection suspended. Clear Rs 1200 at bses-payment.in,1
Accidental UPI payment Rs 100 sent. Return Rs 1000 via UPI refund@paytm,1
Axis Bank: FD matured Rs 50000 credited. Acct bal Rs 75234,0
Swiggy: Order #SWG123456 placed successfully. ETA 25 mins,0
Accidental UPI payment Rs 100 sent. Return Rs 1000 via UPI refund@paytm,1
Passport Seva: Application status pending. Pay Rs 1500 verification fee at passport-seva.in/pay,1
ICICI urgent: KYC documents expired. Update Aadhaar/PAN at icici-kyc.in or account frozen,1
Amazon Order #404-1234567-8901234 shipped. Delivery 05-Feb,0
Axis Bank Notice: Suspicious login from new device. Call 9876543210 share OTP,1
Instant loan Rs 50000 approved. Share PAN for disbursement: instantloan.in/approve,1
Axis Bank: FD matured Rs 50000 credited. Acct bal Rs 75234,0
Axis Bank Notice: Suspicious login from new device. Call 9876543210 share OTP,1
Flipkart: Order confirmed #FLK987654321. Expected delivery tomorrow,0
Your GPay transaction Rs 299 failed. Enter UPI PIN at gpay-secure.in/verify,1
ICICI urgent: KYC documents expired. Update Aadhaar/PAN at icici-kyc.in or account frozen,1
BSES: Electricity connection suspended. Clear Rs 1200 at bses-payment.in,1
Axis Bank: FD matured Rs 50000 credited. Acct bal Rs 75234,0
share otp or account blocked,1
transaction otp 748392 valid 5 mins,0
transaction otp 748392 valid 5 mins,0
bhai otp share kar do,1
share the otp received,1
gpay login otp 159264,0
share the otp received,1
share your otp to 899900,1
share otp to 9876543210,1
your otp is 123456 for login,0
otp forward kar bhai,1
sbi otp share karo verify,1
otp forward kar bhai,1
aadhaar otp 483729 for update,0
phonepe otp sent to this number,0
transaction otp 748392 valid 5 mins,0
hdfc credit card otp 927463,0
give otp to verify account,1
share upi otp to complete,1
otp to 9123456789@ybl,1
otp nahi doge to bank band,1
otp to 9123456789@ybl,1
send otp immediately,1
irctc otp 674182 for pnr,0
share your otp to 899900,1
otp to 9123456789@ybl,1
sbi net banking otp 836471,0
otp forward kar bhai,1
gpay login otp 159264,0
otp nahi doge to bank band,1
aadhaar otp 483729 for update,0
phonepe otp sent to this number,0
otp nahi doge to bank band,1
icici transaction otp send,1
hdfc credit card otp 927463,0
phonepe otp sent to this number,0
irctc otp 674182 for pnr,0
jaldi otp bhej na,1
hdfc credit card otp 927463,0
your otp is 123456 for login,0
send upi transaction otp,1
bhai otp share kar do,1
phonepe otp sent to this number,0
immediately otp share karo,1
send otp immediately,1
phonepe otp sent to this number,0
give otp to verify account,1
send otp immediately,1
upi verification otp share karo,1
hdfc login otp bhej do,1
otp to 9123456789@ybl,1
share the otp received,1
upi verification otp share karo,1
your otp is 123456 for login,0
share the otp received,1
send otp immediately,1
share upi otp to complete,1
gpay login otp 159264,0
share otp fast,1
transaction otp 748392 valid 5 mins,0
your otp is 123456 for login,0
irctc otp 674182 for pnr,0
sbi net banking otp 836471,0
aadhaar otp 483729 for update,0
hdfc credit card otp 927463,0
bhai otp share kar do,1
sbi otp share karo verify,1
send upi transaction otp,1
send otp on this number,1
bhai otp share kar do,1
irctc otp 674182 for pnr,0
gpay login otp 159264,0
share the otp received,1
sbi net banking otp 836471,0
send otp on this number,1
sbi otp share karo verify,1
transaction otp 748392 valid 5 mins,0
phonepe otp sent to this number,0
irctc otp 674182 for pnr,0
sbi net banking otp 836471,0
phonepe otp sent to this number,0
aadhaar otp 483729 for update,0
hdfc credit card otp 927463,0
upi verification otp share karo,1
phonepe otp sent to this number,0
bhai otp share kar do,1
irctc otp 674182 for pnr,0
share your otp to 899900,1
your otp is 123456 for login,0
transaction otp 748392 valid 5 mins,0
phonepe otp sent to this number,0
hdfc credit card otp 927463,0
share your otp to 899900,1
send otp on this number,1
phonepe otp sent to this number,0
hdfc credit card otp 927463,0
hdfc credit card otp 927463,0
phonepe otp sent to this number,0
share upi otp to complete,1
share the otp received,1
immediately otp share karo,1
irctc otp 674182 for pnr,0
gpay login otp 159264,0
gpay login otp 159264,0
phonepe otp sent to this number,0
your otp is 123456 for login,0
share your otp to 899900,1
sbi net banking otp 836471,0
send upi transaction otp,1
send otp immediately,1
jaldi otp bhej na,1
irctc otp 674182 for pnr,0
phonepe otp sent to this number,0
upi verification otp share karo,1
aadhaar otp 483729 for update,0
hdfc credit card otp 927463,0
share otp or account blocked,1
bhai otp share kar do,1
your otp is 123456 for login,0
jaldi otp bhej na,1
share otp or account blocked,1
phonepe otp sent to this number,0
otp to 9123456789@ybl,1
irctc otp 674182 for pnr,0
otp to 9123456789@ybl,1
share the otp received,1
give otp to verify account,1
otp bhej do abhi,1
transaction otp 748392 valid 5 mins,0
otp bhej do abhi,1
share upi otp to complete,1
sbi otp share karo verify,1
hdfc credit card otp 927463,0
gpay login otp 159264,0
share otp or account blocked,1
share otp fast,1
sbi net banking otp 836471,0
hdfc login otp bhej do,1
share otp to 9876543210,1
transaction otp 748392 valid 5 mins,0
sbi otp share karo verify,1
upi verification otp share karo,1
send upi transaction otp,1
send upi transaction otp,1
share upi otp to complete,1
share otp fast,1
phonepe otp sent to this number,0
phonepe otp sent to this number,0
sbi otp share karo verify,1
otp to 9123456789@ybl,1
hdfc credit card otp 927463,0
share upi otp to complete,1
share otp fast,1
share your otp to 899900,1
transaction otp 748392 valid 5 mins,0
irctc otp 674182 for pnr,0
bhai otp share kar do,1
phonepe otp sent to this number,0
sbi net banking otp 836471,0
hdfc credit card otp 927463,0
transaction otp 748392 valid 5 mins,0
phonepe otp sent to this number,0
irctc otp 674182 for pnr,0
sbi net banking otp 836471,0
send upi transaction otp,1
your otp is 123456 for login,0
irctc otp 674182 for pnr,0
sbi net banking otp 836471,0
phonepe otp sent to this number,0
phonepe otp sent to this number,0
give otp to verify account,1
share the otp received,1
hdfc credit card otp 927463,0
irctc otp 674182 for pnr,0
sbi net banking otp 836471,0
send otp on this number,1
irctc otp 674182 for pnr,0
aadhaar otp 483729 for update,0
hdfc credit card otp 927463,0
share your otp to 899900,1
gpay login otp 159264,0
hdfc credit card otp 927463,0
share your otp to 899900,1
sbi otp share karo verify,1
share your otp to 899900,1
share otp or account blocked,1
hdfc credit card otp 927463,0
sbi otp share karo verify,1
otp bhej do abhi,1
share otp fast,1
hdfc credit card otp 927463,0
share the otp received,1
phonepe otp sent to this number,0
upi verification otp share karo,1
gpay login otp 159264,0
your otp is 123456 for login,0
otp nahi doge to bank band,1
phonepe otp sent to this number,0
gpay login otp 159264,0
share your otp to 899900,1
transaction otp 748392 valid 5 mins,0
share otp to 9876543210,1
share otp fast,1
send upi transaction otp,1
immediately otp share karo,1
gpay login otp 159264,0
gpay login otp 159264,0
phonepe otp sent to this number,0
send otp on this number,1
otp nahi doge to bank band,1
share otp fast,1
aadhaar otp 483729 for update,0
upi verification otp share karo,1
hdfc login otp bhej do,1
jaldi otp bhej na,1
aadhaar otp 483729 for update,0
share otp fast,1
gpay login otp 159264,0
otp nahi doge to bank band,1
upi verification otp share karo,1
otp forward kar bhai,1
phonepe otp sent to this number,0
share otp or account blocked,1
gpay login otp 159264,0
sbi net banking otp 836471,0
immediately otp share karo,1
otp bhej do abhi,1
irctc otp 674182 for pnr,0
phonepe otp sent to this number,0
irctc otp 674182 for pnr,0
transaction otp 748392 valid 5 mins,0
share otp to 9876543210,1
otp to 9123456789@ybl,1
hdfc credit card otp 927463,0
hdfc credit card otp 927463,0
gpay login otp 159264,0
gpay login otp 159264,0
irctc otp 674182 for pnr,0
irctc otp 674182 for pnr,0
transaction otp 748392 valid 5 mins,0
irctc otp 674182 for pnr,0
sbi net banking otp 836471,0
share your otp to 899900,1
your otp is 123456 for login,0
upi verification otp share karo,1
aadhaar otp 483729 for update,0
transaction otp 748392 valid 5 mins,0
transaction otp 748392 valid 5 mins,0
irctc otp 674182 for pnr,0
otp bhej do abhi,1
aadhaar otp 483729 for update,0
hdfc credit card otp 927463,0
otp bhej do abhi,1
your otp is 123456 for login,0
jaldi otp bhej na,1
immediately otp share karo,1
otp to 9123456789@ybl,1
your otp is 123456 for login,0
gpay login otp 159264,0
jaldi otp bhej na,1
send otp on this number,1
share your otp to 899900,1
send upi transaction otp,1
gpay login otp 159264,0
your otp is 123456 for login,0
sbi net banking otp 836471,0
upi verification otp share karo,1
hdfc credit card otp 927463,0
send otp immediately,1
hdfc credit card otp 927463,0
phonepe otp sent to this number,0
phonepe otp sent to this number,0
gpay login otp 159264,0
hdfc credit card otp 927463,0
sbi net banking otp 836471,0
sbi net banking otp 836471,0
gpay login otp 159264,0
immediately otp share karo,1
share otp or account blocked,1
share your otp to 899900,1
gpay login otp 159264,0
aadhaar otp 483729 for update,0
gpay login otp 159264,0
irctc otp 674182 for pnr,0
your otp is 123456 for login,0
phonepe otp sent to this number,0
sbi net banking otp 836471,0
irctc otp 674182 for pnr,0
transaction otp 748392 valid 5 mins,0
irctc otp 674182 for pnr,0
your otp is 123456 for login,0
send otp on this number,1
share otp fast,1
otp bhej do abhi,1
send otp on this number,1
phonepe otp sent to this number,0
jaldi otp bhej na,1
hdfc credit card otp 927463,0
icici transaction otp send,1
share otp or account blocked,1
transaction otp 748392 valid 5 mins,0
gpay login otp 159264,0
upi verification otp share karo,1
share otp to 9876543210,1
hdfc login otp bhej do,1
phonepe otp sent to this number,0
hdfc credit card otp 927463,0
phonepe otp sent to this number,0
sbi otp share karo verify,1
otp forward kar bhai,1
gpay login otp 159264,0
icici transaction otp send,1
share otp to 9876543210,1
gpay login otp 159264,0
transaction otp 748392 valid 5 mins,0
otp forward kar bhai,1
otp to 9123456789@ybl,1
otp forward kar bhai,1
your otp is 123456 for login,0
gpay login otp 159264,0
sbi net banking otp 836471,0
share otp fast,1
jaldi otp bhej na,1
give otp to verify account,1
phonepe otp sent to this number,0
phonepe otp sent to this number,0
aadhaar otp 483729 for update,0
share otp or account blocked,1
hdfc login otp bhej do,1
share upi otp to complete,1
transaction otp 748392 valid 5 mins,0
icici transaction otp send,1
upi verification otp share karo,1
hdfc credit card otp 927463,0
share otp or account blocked,1
gpay login otp 159264,0
your otp is 123456 for login,0
give otp to verify account,1
sbi net banking otp 836471,0
sbi net banking otp 836471,0
send upi transaction otp,1
sbi net banking otp 836471,0
otp to 9123456789@ybl,1
irctc otp 674182 for pnr,0
aadhaar otp 483729 for update,0
sbi net banking otp 836471,0
icici transaction otp send,1
send upi transaction otp,1
jaldi otp bhej na,1
share otp to 9876543210,1
share otp or account blocked,1
gpay login otp 159264,0
transaction otp 748392 valid 5 mins,0
send otp on this number,1
send upi transaction otp,1
sbi otp share karo verify,1
your otp is 123456 for login,0
hdfc credit card otp 927463,0
otp bhej do abhi,1
your otp is 123456 for login,0
give otp to verify account,1
your otp is 123456 for login,0
sbi net banking otp 836471,0
otp to 9123456789@ybl,1
transaction otp 748392 valid 5 mins,0
transaction otp 748392 valid 5 mins,0
your otp is 123456 for login,0
otp nahi doge to bank band,1
irctc otp 674182 for pnr,0
otp to 9123456789@ybl,1
hdfc credit card otp 927463,0
phonepe otp sent to this number,0
share the otp received,1
share otp fast,1
phonepe otp sent to this number,0
share your otp to 899900,1
upi verification otp share karo,1
hdfc credit card otp 927463,0
sbi net banking otp 836471,0
icici transaction otp send,1
your otp is 123456 for login,0
your otp is 123456 for login,0
otp nahi doge to bank band,1
otp forward kar bhai,1
your otp is 123456 for login,0
hdfc credit card otp 927463,0
send otp on this number,1
irctc otp 674182 for pnr,0
hdfc credit card otp 927463,0
gpay login otp 159264,0
share otp to 9876543210,1
irctc otp 674182 for pnr,0
irctc otp 674182 for pnr,0
sbi net banking otp 836471,0
sbi net banking otp 836471,0
otp bhej do abhi,1
aadhaar otp 483729 for update,0
aadhaar otp 483729 for update,0
your otp is 123456 for login,0
sbi net banking otp 836471,0
bhai otp share kar do,1
sbi net banking otp 836471,0
upi verification otp share karo,1
upi verification otp share karo,1
your otp is 123456 for login,0
share the otp received,1
hdfc login otp bhej do,1
otp forward kar bhai,1
share the otp received,1
jaldi otp bhej na,1
irctc otp 674182 for pnr,0
jaldi otp bhej na,1
phonepe otp sent to this number,0
send otp immediately,1
transaction otp 748392 valid 5 mins,0
share the otp received,1
share your otp to 899900,1
gpay login otp 159264,0
hdfc login otp bhej do,1
send upi transaction otp,1
transaction otp 748392 valid 5 mins,0
otp to 9123456789@ybl,1
transaction otp 748392 valid 5 mins,0
transaction otp 748392 valid 5 mins,0
hdfc credit card otp 927463,0
phonepe otp sent to this number,0
gpay login otp 159264,0
send upi transaction otp,1
share otp fast,1
transaction otp 748392 valid 5 mins,0
share otp to 9876543210,1
share your otp to 899900,1
transaction otp 748392 valid 5 mins,0
gpay login otp 159264,0
phonepe otp sent to this number,0
aadhaar otp 483729 for update,0
gpay login otp 159264,0
sbi net banking otp 836471,0
otp nahi doge to bank band,1
share otp or account blocked,1
irctc otp 674182 for pnr,0
your otp is 123456 for login,0
otp forward kar bhai,1
hdfc login otp bhej do,1
send otp immediately,1
send otp on this number,1
gpay login otp 159264,0
bhai otp share kar do,1
your otp is 123456 for login,0
send otp on this number,1
gpay login otp 159264,0
gpay login otp 159264,0
sbi net banking otp 836471,0
jaldi otp bhej na,1
phonepe otp sent to this number,0
hdfc credit card otp 927463,0
gpay login otp 159264,0
your otp is 123456 for login,0
aadhaar otp 483729 for update,0
aadhaar otp 483729 for update,0
share otp or account blocked,1
sbi otp share karo verify,1
phonepe otp sent to this number,0
share upi otp to complete,1
icici transaction otp send,1
send otp immediately,1
sbi otp share karo verify,1
phonepe otp sent to this number,0
your otp is 123456 for login,0
sbi net banking otp 836471,0
phonepe otp sent to this number,0
your otp is 123456 for login,0
your otp is 123456 for login,0
otp to 9123456789@ybl,1
bhai otp share kar do,1
immediately otp share karo,1
otp bhej do abhi,1
transaction otp 748392 valid 5 mins,0
icici transaction otp send,1
your otp is 123456 for login,0
phonepe otp sent to this number,0
gpay login otp 159264,0
phonepe otp sent to this number,0
share upi otp to complete,1
bhai otp share kar do,1
give otp to verify account,1
jaldi otp bhej na,1
hdfc login otp bhej do,1
sbi otp share karo verify,1
sbi net banking otp 836471,0
hdfc login otp bhej do,1
send otp immediately,1
jaldi otp bhej na,1
sbi net banking otp 836471,0
irctc otp 674182 for pnr,0
share otp or account blocked,1
aadhaar otp 483729 for update,0
gpay login otp 159264,0
jaldi otp bhej na,1
jaldi otp bhej na,1
hdfc login otp bhej do,1
upi verification otp share karo,1
immediately otp share karo,1
send upi transaction otp,1
gpay login otp 159264,0
aadhaar otp 483729 for update,0
sbi net banking otp 836471,0
give otp to verify account,1
share the otp received,1
gpay login otp 159264,0
sbi net banking otp 836471,0
gpay login otp 159264,0
otp to 9123456789@ybl,1
icici transaction otp send,1
irctc otp 674182 for pnr,0
irctc otp 674182 for pnr,0
phonepe otp sent to this number,0
irctc otp 674182 for pnr,0
aadhaar otp 483729 for update,0
share otp or account blocked,1
hdfc credit card otp 927463,0
immediately otp share karo,1
immediately otp share karo,1
aadhaar otp 483729 for update,0
bhai otp share kar do,1
share otp or account blocked,1
share otp or account blocked,1
hdfc login otp bhej do,1
share the otp received,1
send otp on this number,1
give otp to verify account,1
transaction otp 748392 valid 5 mins,0
send otp on this number,1
your otp is 123456 for login,0
send upi transaction otp,1
otp to 9123456789@ybl,1
sbi net banking otp 836471,0
jaldi otp bhej na,1
otp to 9123456789@ybl,1
sbi net banking otp 836471,0
hdfc credit card otp 927463,0
share your otp to 899900,1
sbi net banking otp 836471,0
otp forward kar bhai,1
transaction otp 748392 valid 5 mins,0
otp nahi doge to bank band,1
otp nahi doge to bank band,1
immediately otp share karo,1
phonepe otp sent to this number,0
send upi transaction otp,1
irctc otp 674182 for pnr,0
otp forward kar bhai,1
otp nahi doge to bank band,1
share otp fast,1
sbi net banking otp 836471,0
immediately otp share karo,1
otp bhej do abhi,1
otp bhej do abhi,1
otp to 9123456789@ybl,1
irctc otp 674182 for pnr,0
your otp is 123456 for login,0
aadhaar otp 483729 for update,0
gpay login otp 159264,0
send upi transaction otp,1
gpay login otp 159264,0
irctc otp 674182 for pnr,0
sbi net banking otp 836471,0
upi verification otp share karo,1
aadhaar otp 483729 for update,0
sbi net banking otp 836471,0
hdfc credit card otp 927463,0
gpay login otp 159264,0
icici transaction otp send,1
your otp is 123456 for login,0
share otp to 9876543210,1
aadhaar otp 483729 for update,0
sbi net banking otp 836471,0
send upi transaction otp,1
hdfc credit card otp 927463,0
transaction otp 748392 valid 5 mins,0
give otp to verify account,1
upi verification otp share karo,1
bhai otp share kar do,1
transaction otp 748392 valid 5 mins,0
give otp to verify account,1
your otp is 123456 for login,0
transaction otp 748392 valid 5 mins,0
bhai otp share kar do,1
sbi otp share karo verify,1
aadhaar otp 483729 for update,0
phonepe otp sent to this number,0
irctc otp 674182 for pnr,0
send otp immediately,1
otp to 9123456789@ybl,1
otp bhej do abhi,1
sbi net banking otp 836471,0
bhai otp share kar do,1
share otp to 9876543210,1
gpay login otp 159264,0
share the otp received,1
give otp to verify account,1
aadhaar otp 483729 for update,0
send otp immediately,1
your otp is 123456 for login,0
your otp is 123456 for login,0
share the otp received,1
send otp on this number,1
your otp is 123456 for login,0
icici transaction otp send,1
share your otp to 899900,1
share otp fast,1
bhai otp share kar do,1
aadhaar otp 483729 for update,0
hdfc credit card otp 927463,0
share otp to 9876543210,1
aadhaar otp 483729 for update,0
irctc otp 674182 for pnr,0
otp bhej do abhi,1
otp forward kar bhai,1
otp bhej do abhi,1
transaction otp 748392 valid 5 mins,0
otp to 9123456789@ybl,1
bhai otp share kar do,1
irctc otp 674182 for pnr,0
share otp or account blocked,1
immediately otp share karo,1
share the otp received,1
otp to 9123456789@ybl,1
bhai otp share kar do,1
sbi net banking otp 836471,0
icici transaction otp send,1
sbi net banking otp 836471,0
upi verification otp share karo,1
phonepe otp sent to this number,0
share otp to 9876543210,1
phonepe otp sent to this number,0
gpay login otp 159264,0
hdfc credit card otp 927463,0
irctc otp 674182 for pnr,0
sbi net banking otp 836471,0
share otp fast,1
transaction otp 748392 valid 5 mins,0
send otp on this number,1
jaldi otp bhej na,1
send otp on this number,1
irctc otp 674182 for pnr,0
hdfc credit card otp 927463,0
sbi net banking otp 836471,0
gpay login otp 159264,0
your otp is 123456 for login,0
gpay login otp 159264,0
share otp fast,1
otp nahi doge to bank band,1
give otp to verify account,1
send upi transaction otp,1
your otp is 123456 for login,0
irctc otp 674182 for pnr,0
hdfc credit card otp 927463,0
sbi otp share karo verify,1
send upi transaction otp,1
share otp fast,1
send otp immediately,1
gpay login otp 159264,0
irctc otp 674182 for pnr,0
transaction otp 748392 valid 5 mins,0
otp to 9123456789@ybl,1
aadhaar otp 483729 for update,0
otp to 9123456789@ybl,1
gpay login otp 159264,0
transaction otp 748392 valid 5 mins,0
hdfc credit card otp 927463,0
send upi transaction otp,1
transaction otp 748392 valid 5 mins,0
immediately otp share karo,1
transaction otp 748392 valid 5 mins,0
gpay login otp 159264,0
gpay login otp 159264,0
otp nahi doge to bank band,1
your otp is 123456 for login,0
your otp is 123456 for login,0
share the otp received,1
transaction otp 748392 valid 5 mins,0
upi verification otp share karo,1
sbi net banking otp 836471,0
your otp is 123456 for login,0
send otp immediately,1
otp forward kar bhai,1
share upi otp to complete,1
transaction otp 748392 valid 5 mins,0
phonepe otp sent to this number,0
your otp is 123456 for login,0
share otp to 9876543210,1
hdfc credit card otp 927463,0
send upi transaction otp,1
hdfc login otp bhej do,1
sbi net banking otp 836471,0
transaction otp 748392 valid 5 mins,0
share the otp received,1
aadhaar otp 483729 for update,0
gpay login otp 159264,0
gpay login otp 159264,0
share otp or account blocked,1
irctc otp 674182 for pnr,0
icici transaction otp send,1
immediately otp share karo,1
send upi transaction otp,1
irctc otp 674182 for pnr,0
your otp is 123456 for login,0
otp bhej do abhi,1
sbi net banking otp 836471,0
otp nahi doge to bank band,1
give otp to verify account,1
hdfc credit card otp 927463,0
icici transaction otp send,1
gpay login otp 159264,0
transaction otp 748392 valid 5 mins,0
immediately otp share karo,1
irctc otp 674182 for pnr,0
share upi otp to complete,1
jaldi otp bhej na,1
irctc otp 674182 for pnr,0
otp forward kar bhai,1
irctc otp 674182 for pnr,0
immediately otp share karo,1
hdfc login otp bhej do,1
sbi net banking otp 836471,0
send otp on this number,1
upi verification otp share karo,1
sbi net banking otp 836471,0
irctc otp 674182 for pnr,0
irctc otp 674182 for pnr,0
otp bhej do abhi,1
gpay login otp 159264,0
give otp to verify account,1
send otp on this number,1
gpay login otp 159264,0
irctc otp 674182 for pnr,0
phonepe otp sent to this number,0
sbi otp share karo verify,1
hdfc credit card otp 927463,0
sbi net banking otp 836471,0
upi verification otp share karo,1
send otp immediately,1
share otp fast,1
hdfc credit card otp 927463,0
share your otp to 899900,1
share the otp received,1
gpay login otp 159264,0
give otp to verify account,1
your otp is 123456 for login,0
give otp to verify account,1
upi verification otp share karo,1
aadhaar otp 483729 for update,0
share otp fast,1
sbi net banking otp 836471,0
hdfc credit card otp 927463,0
icici transaction otp send,1
share otp or account blocked,1
give otp to verify account,1
irctc otp 674182 for pnr,0
sbi otp share karo verify,1
send otp immediately,1
gpay login otp 159264,0
share upi otp to complete,1
share otp fast,1
your otp is 123456 for login,0
sbi net banking otp 836471,0
share the otp received,1
gpay login otp 159264,0
transaction otp 748392 valid 5 mins,0
share otp to 9876543210,1
otp to 9123456789@ybl,1
sbi otp share karo verify,1
give otp to verify account,1
jaldi otp bhej na,1
gpay login otp 159264,0
hdfc credit card otp 927463,0
hdfc credit card otp 927463,0
aadhaar otp 483729 for update,0
send otp immediately,1
sbi net banking otp 836471,0
sbi net banking otp 836471,0
give otp to verify account,1
hdfc login otp bhej do,1
share the otp received,1
sbi otp share karo verify,1
upi verification otp share karo,1
share the otp received,1
send otp immediately,1
aadhaar otp 483729 for update,0
irctc otp 674182 for pnr,0
your otp is 123456 for login,0
hdfc login otp bhej do,1
hdfc credit card otp 927463,0
otp bhej do abhi,1
jaldi otp bhej na,1
otp bhej do abhi,1
sbi net banking otp 836471,0
icici transaction otp send,1
sbi net banking otp 836471,0
gpay login otp 159264,0
gpay login otp 159264,0
aadhaar otp 483729 for update,0
share otp to 9876543210,1
irctc otp 674182 for pnr,0
sbi net banking otp 836471,0
sbi net banking otp 836471,0
aadhaar otp 483729 for update,0
hdfc credit card otp 927463,0
gpay login otp 159264,0
otp forward kar bhai,1
hdfc login otp bhej do,1
phonepe otp sent to this number,0
upi verification otp share karo,1
your otp is 123456 for login,0
share otp or account blocked,1
phonepe otp sent to this number,0
otp forward kar bhai,1
share otp fast,1
phonepe otp sent to this number,0
otp bhej do abhi,1
your otp is 123456 for login,0
hdfc credit card otp 927463,0
icici transaction otp send,1
otp to 9123456789@ybl,1
sbi otp share karo verify,1
send otp on this number,1
give otp to verify account,1
icici transaction otp send,1
otp forward kar bhai,1
hdfc login otp bhej do,1
irctc otp 674182 for pnr,0
aadhaar otp 483729 for update,0
otp to 9123456789@ybl,1
give otp to verify account,1
share otp fast,1
send otp immediately,1
phonepe otp sent to this number,0
gpay login otp 159264,0
share otp to 9876543210,1
phonepe otp sent to this number,0
share the otp received,1
transaction otp 748392 valid 5 mins,0
share otp to 9876543210,1
irctc otp 674182 for pnr,0
gpay login otp 159264,0
share otp fast,1
gpay login otp 159264,0
share otp or account blocked,1
share your otp to 899900,1
irctc otp 674182 for pnr,0
immediately otp share karo,1
share otp or account blocked,1
otp forward kar bhai,1
share your otp to 899900,1
otp nahi doge to bank band,1
hdfc login otp bhej do,1
share upi otp to complete,1
icici transaction otp send,1
sbi net banking otp 836471,0
share the otp received,1
transaction otp 748392 valid 5 mins,0
send otp immediately,1
phonepe otp sent to this number,0
phonepe otp sent to this number,0
transaction otp 748392 valid 5 mins,0
transaction otp 748392 valid 5 mins,0
your otp is 123456 for login,0
give otp to verify account,1
share the otp received,1
aadhaar otp 483729 for update,0
aadhaar otp 483729 for update,0
aadhaar otp 483729 for update,0
share otp to 9876543210,1
share upi otp to complete,1
your otp is 123456 for login,0
aadhaar otp 483729 for update,0
hdfc credit card otp 927463,0
share upi otp to complete,1
send otp on this number,1
immediately otp share karo,1
aadhaar otp 483729 for update,0
your otp is 123456 for login,0
transaction otp 748392 valid 5 mins,0
send upi transaction otp,1
hdfc credit card otp 927463,0
share the otp received,1
irctc otp 674182 for pnr,0
share upi otp to complete,1
your otp is 123456 for login,0
hdfc credit card otp 927463,0
your otp is 123456 for login,0
hdfc credit card otp 927463,0
gpay login otp 159264,0
give otp to verify account,1
share upi otp to complete,1
send otp immediately,1
your otp is 123456 for login,0
icici transaction otp send,1
transaction otp 748392 valid 5 mins,0
share otp to 9876543210,1
transaction otp 748392 valid 5 mins,0
bhai otp share kar do,1
aadhaar otp 483729 for update,0
aadhaar otp 483729 for update,0
hdfc credit card otp 927463,0
hdfc credit card otp 927463,0
irctc otp 674182 for pnr,0
sbi otp share karo verify,1
transaction otp 748392 valid 5 mins,0
share your otp to 899900,1
your otp is 123456 for login,0
sbi otp share karo verify,1
jaldi otp bhej na,1
send upi transaction otp,1
immediately otp share karo,1
your otp is 123456 for login,0
phonepe otp sent to this number,0
otp forward kar bhai,1
give otp to verify account,1
sbi net banking otp 836471,0
send upi transaction otp,1
hdfc credit card otp 927463,0
your otp is 123456 for login,0
aadhaar otp 483729 for update,0
sbi net banking otp 836471,0
aadhaar otp 483729 for update,0
transaction otp 748392 valid 5 mins,0
otp nahi doge to bank band,1
gpay login otp 159264,0
transaction otp 748392 valid 5 mins,0
bhai otp share kar do,1
irctc otp 674182 for pnr,0
hdfc credit card otp 927463,0
otp forward kar bhai,1
hdfc credit card otp 927463,0
transaction otp 748392 valid 5 mins,0
otp to 9123456789@ybl,1
send otp on this number,1
transaction otp 748392 valid 5 mins,0
sbi otp share karo verify,1
share otp to 9876543210,1
phonepe otp sent to this number,0
share otp or account blocked,1
irctc otp 674182 for pnr,0
sbi otp share karo verify,1
share otp fast,1
send otp immediately,1
your otp is 123456 for login,0
share otp or account blocked,1
aadhaar otp 483729 for update,0
otp bhej do abhi,1
share otp or account blocked,1
gpay login otp 159264,0
send otp immediately,1
your otp is 123456 for login,0
your otp is 123456 for login,0
bhai otp share kar do,1
immediately otp share karo,1
otp forward kar bhai,1
give otp to verify account,1
phonepe otp sent to this number,0
jaldi otp bhej na,1
gpay login otp 159264,0
immediately otp share karo,1
share your otp to 899900,1
sbi otp share karo verify,1
share otp to 9876543210,1
aadhaar otp 483729 for update,0
share upi otp to complete,1
share your otp to 899900,1
hdfc credit card otp 927463,0
share the otp received,1
sbi otp share karo verify,1
share otp to 9876543210,1
share the otp received,1
sbi otp share karo verify,1
otp bhej do abhi,1
bhai otp share kar do,1
transaction otp 748392 valid 5 mins,0
otp forward kar bhai,1
share otp to 9876543210,1
transaction otp 748392 valid 5 mins,0
sbi net banking otp 836471,0
phonepe otp sent to this number,0
aadhaar otp 483729 for update,0
sbi net banking otp 836471,0
immediately otp share karo,1
otp to 9123456789@ybl,1
immediately otp share karo,1
otp forward kar bhai,1
irctc otp 674182 for pnr,0
give otp to verify account,1
irctc otp 674182 for pnr,0
sbi net banking otp 836471,0
hdfc login otp bhej do,1
share otp to 9876543210,1
send otp on this number,1
gpay login otp 159264,0
share upi otp to complete,1
otp to 9123456789@ybl,1
sbi net banking otp 836471,0
irctc otp 674182 for pnr,0
hdfc credit card otp 927463,0
share upi otp to complete,1
gpay login otp 159264,0
share otp fast,1
otp bhej do abhi,1
share otp or account blocked,1
sbi net banking otp 836471,0
gpay login otp 159264,0
sbi net banking otp 836471,0
share otp or account blocked,1
jaldi otp bhej na,1
send otp immediately,1
share the otp received,1
aadhaar otp 483729 for update,0
upi verification otp share karo,1
share otp to 9876543210,1
phonepe otp sent to this number,0
send upi transaction otp,1
your otp is 123456 for login,0
sbi net banking otp 836471,0
sbi net banking otp 836471,0
transaction otp 748392 valid 5 mins,0
give otp to verify account,1
aadhaar otp 483729 for update,0
send otp on this number,1
irctc otp 674182 for pnr,0
phonepe otp sent to this number,0
sbi net banking otp 836471,0
your otp is 123456 for login,0
hdfc credit card otp 927463,0
your otp is 123456 for login,0
share upi otp to complete,1
aadhaar otp 483729 for update,0
sbi net banking otp 836471,0
gpay login otp 159264,0
share otp fast,1
transaction otp 748392 valid 5 mins,0
hdfc credit card otp 927463,0
transaction otp 748392 valid 5 mins,0
aadhaar otp 483729 for update,0
send otp on this number,1
icici transaction otp send,1
gpay login otp 159264,0
bhai otp share kar do,1
irctc otp 674182 for pnr,0
send otp immediately,1
share upi otp to complete,1
hdfc credit card otp 927463,0
hdfc credit card otp 927463,0
hdfc login otp bhej do,1
share otp or account blocked,1
share otp fast,1
jaldi otp bhej na,1
irctc otp 674182 for pnr,0
aadhaar otp 483729 for update,0
otp to 9123456789@ybl,1
your otp is 123456 for login,0
sbi net banking otp 836471,0
phonepe otp sent to this number,0
sbi net banking otp 836471,0
otp bhej do abhi,1
send otp on this number,1
hdfc credit card otp 927463,0
upi verification otp share karo,1
gpay login otp 159264,0
hdfc credit card otp 927463,0
sbi otp share karo verify,1
transaction otp 748392 valid 5 mins,0
upi verification otp share karo,1
transaction otp 748392 valid 5 mins,0
transaction otp 748392 valid 5 mins,0
phonepe otp sent to this number,0
send upi transaction otp,1
immediately otp share karo,1
jaldi otp bhej na,1
transaction otp 748392 valid 5 mins,0
share otp fast,1
phonepe otp sent to this number,0
share otp fast,1
your otp is 123456 for login,0
transaction otp 748392 valid 5 mins,0
phonepe otp sent to this number,0
otp forward kar bhai,1
send otp immediately,1
sbi net banking otp 836471,0
share otp to 9876543210,1
share otp or account blocked,1
phonepe otp sent to this number,0
phonepe otp sent to this number,0
your otp is 123456 for login,0
jaldi otp bhej na,1
icici transaction otp send,1
gpay login otp 159264,0
aadhaar otp 483729 for update,0
aadhaar otp 483729 for update,0
irctc otp 674182 for pnr,0
send upi transaction otp,1
sbi net banking otp 836471,0
otp nahi doge to bank band,1
jaldi otp bhej na,1
give otp to verify account,1
share upi otp to complete,1
share upi otp to complete,1
phonepe otp sent to this number,0
share the otp received,1
your otp is 123456 for login,0
otp bhej do abhi,1
otp forward kar bhai,1
irctc otp 674182 for pnr,0
otp bhej do abhi,1
share otp or account blocked,1
gpay login otp 159264,0
bhai otp share kar do,1
your otp is 123456 for login,0
give otp to verify account,1
share the otp received,1
otp to 9123456789@ybl,1
phonepe otp sent to this number,0
aadhaar otp 483729 for update,0
hdfc login otp bhej do,1
share otp to 9876543210,1
transaction otp 748392 valid 5 mins,0
hdfc login otp bhej do,1
transaction otp 748392 valid 5 mins,0
hdfc credit card otp 927463,0
otp nahi doge to bank band,1
aadhaar otp 483729 for update,0
gpay login otp 159264,0
irctc otp 674182 for pnr,0
share otp or account blocked,1
transaction otp 748392 valid 5 mins,0
otp nahi doge to bank band,1
hdfc login otp bhej do,1
send otp immediately,1
phonepe otp sent to this number,0
transaction otp 748392 valid 5 mins,0
send otp immediately,1
upi verification otp share karo,1
transaction otp 748392 valid 5 mins,0
aadhaar otp 483729 for update,0
sbi net banking otp 836471,0
otp nahi doge to bank band,1
otp bhej do abhi,1
irctc otp 674182 for pnr,0
aadhaar otp 483729 for update,0
otp bhej do abhi,1
your otp is 123456 for login,0
otp nahi doge to bank band,1
share otp to 9876543210,1
your otp is 123456 for login,0
sbi net banking otp 836471,0
aadhaar otp 483729 for update,0
hdfc credit card otp 927463,0
share upi otp to complete,1
share your otp to 899900,1
give otp to verify account,1
aadhaar otp 483729 for update,0
send upi transaction otp,1
jaldi otp bhej na,1
irctc otp 674182 for pnr,0
bhai otp share kar do,1
send upi transaction otp,1
sbi net banking otp 836471,0
jaldi otp bhej na,1
your otp is 123456 for login,0
gpay login otp 159264,0
otp to 9123456789@ybl,1
bhai otp share kar do,1
hdfc login otp bhej do,1
otp bhej do abhi,1
irctc otp 674182 for pnr,0
sbi net banking otp 836471,0
share otp fast,1
your otp is 123456 for login,0
share upi otp to complete,1
aadhaar otp 483729 for update,0
bhai otp share kar do,1
sbi net banking otp 836471,0
immediately otp share karo,1
otp forward kar bhai,1
send otp on this number,1
upi verification otp share karo,1
sbi otp share karo verify,1
aadhaar otp 483729 for update,0
hdfc credit card otp 927463,0
otp forward kar bhai,1
share the otp received,1
phonepe otp sent to this number,0
aadhaar otp 483729 for update,0
transaction otp 748392 valid 5 mins,0
share upi otp to complete,1
send upi transaction otp,1
sbi net banking otp 836471,0
otp forward kar bhai,1
your otp is 123456 for login,0
transaction otp 748392 valid 5 mins,0
hdfc credit card otp 927463,0
hdfc login otp bhej do,1
sbi otp share karo verify,1
transaction otp 748392 valid 5 mins,0
send upi transaction otp,1
your otp is 123456 for login,0
sbi otp share karo verify,1
give otp to verify account,1
share the otp received,1
aadhaar otp 483729 for update,0
icici transaction otp send,1
aadhaar otp 483729 for update,0
aadhaar otp 483729 for update,0
share otp or account blocked,1
icici transaction otp send,1
transaction otp 748392 valid 5 mins,0
give otp to verify account,1
sbi net banking otp 836471,0
phonepe otp sent to this number,0
aadhaar otp 483729 for update,0
sbi net banking otp 836471,0
transaction otp 748392 valid 5 mins,0
transaction otp 748392 valid 5 mins,0
your otp is 123456 for login,0
otp nahi doge to bank band,1
share your otp to 899900,1
upi verification otp share karo,1
share upi otp to complete,1
sbi net banking otp 836471,0
aadhaar otp 483729 for update,0
share otp fast,1
bhai otp share kar do,1
irctc otp 674182 for pnr,0
share upi otp to complete,1
phonepe otp sent to this number,0
otp bhej do abhi,1
otp to 9123456789@ybl,1
irctc otp 674182 for pnr,0
aadhaar otp 483729 for update,0
otp forward kar bhai,1
share the otp received,1
hdfc login otp bhej do,1
phonepe otp sent to this number,0
send upi transaction otp,1
sbi otp share karo verify,1
hdfc credit card otp 927463,0
upi verification otp share karo,1
hdfc credit card otp 927463,0
irctc otp 674182 for pnr,0
your otp is 123456 for login,0
aadhaar otp 483729 for update,0
hdfc credit card otp 927463,0
immediately otp share karo,1
share otp or account blocked,1
share otp to 9876543210,1
hdfc login otp bhej do,1
share the otp received,1
otp bhej do abhi,1
gpay login otp 159264,0
irctc otp 674182 for pnr,0
otp to 9123456789@ybl,1
bhai otp share kar do,1
icici transaction otp send,1
bhai otp share kar do,1
phonepe otp sent to this number,0
give otp to verify account,1
hdfc credit card otp 927463,0
give otp to verify account,1
your otp is 123456 for login,0
hdfc login otp bhej do,1
otp nahi doge to bank band,1
send otp immediately,1
irctc otp 674182 for pnr,0
aadhaar otp 483729 for update,0
phonepe otp sent to this number,0
hdfc login otp bhej do,1
hdfc credit card otp 927463,0
sbi net banking otp 836471,0
jaldi otp bhej na,1
aadhaar otp 483729 for update,0
your otp is 123456 for login,0
jaldi otp bhej na,1
phonepe otp sent to this number,0
otp nahi doge to bank band,1
irctc otp 674182 for pnr,0
icici transaction otp send,1
send otp on this number,1
transaction otp 748392 valid 5 mins,0
aadhaar otp 483729 for update,0
send otp immediately,1
share otp fast,1
otp to 9123456789@ybl,1
irctc otp 674182 for pnr,0
share otp or account blocked,1
sbi otp share karo verify,1
jaldi otp bhej na,1
give otp to verify account,1
share otp to 9876543210,1
your otp is 123456 for login,0
share your otp to 899900,1
send otp immediately,1
share otp to 9876543210,1
irctc otp 674182 for pnr,0
share otp or account blocked,1
hdfc credit card otp 927463,0
phonepe otp sent to this number,0
your otp is 123456 for login,0
your otp is 123456 for login,0
upi verification otp share karo,1
irctc otp 674182 for pnr,0
aadhaar otp 483729 for update,0
hdfc credit card otp 927463,0
sbi net banking otp 836471,0
your otp is 123456 for login,0
bhai otp share kar do,1
otp nahi doge to bank band,1
aadhaar otp 483729 for update,0
share otp to 9876543210,1
sbi net banking otp 836471,0
aadhaar otp 483729 for update,0
irctc otp 674182 for pnr,0
phonepe otp sent to this number,0
phonepe otp sent to this number,0
immediately otp share karo,1
hdfc credit card otp 927463,0
bhai otp share kar do,1
phonepe otp sent to this number,0
gpay login otp 159264,0
transaction otp 748392 valid 5 mins,0
icici transaction otp send,1
sbi net banking otp 836471,0
upi verification otp share karo,1
aadhaar otp 483729 for update,0
hdfc credit card otp 927463,0
hdfc credit card otp 927463,0
jaldi otp bhej na,1
otp forward kar bhai,1
otp to 9123456789@ybl,1
share otp fast,1
irctc otp 674182 for pnr,0
bhai otp share kar do,1
share the otp received,1
otp bhej do abhi,1
send otp immediately,1
bhai otp share kar do,1
hdfc credit card otp 927463,0
send otp immediately,1
irctc otp 674182 for pnr,0
share otp to 9876543210,1
otp nahi doge to bank band,1
otp forward kar bhai,1
hdfc credit card otp 927463,0
gpay login otp 159264,0
otp to 9123456789@ybl,1
sbi net banking otp 836471,0
transaction otp 748392 valid 5 mins,0
your otp is 123456 for login,0
phonepe otp sent to this number,0
hdfc credit card otp 927463,0
your otp is 123456 for login,0
share otp or account blocked,1
your otp is 123456 for login,0
share your otp to 899900,1
hdfc credit card otp 927463,0
sbi net banking otp 836471,0
otp bhej do abhi,1
irctc otp 674182 for pnr,0
otp forward kar bhai,1
icici transaction otp send,1
phonepe otp sent to this number,0
gpay login otp 159264,0
irctc otp 674182 for pnr,0
icici transaction otp send,1
transaction otp 748392 valid 5 mins,0
otp bhej do abhi,1
send upi transaction otp,1
icici transaction otp send,1
share upi otp to complete,1
gpay login otp 159264,0
icici transaction otp send,1
otp nahi doge to bank band,1
gpay login otp 159264,0
immediately otp share karo,1
share otp or account blocked,1
sbi net banking otp 836471,0
jaldi otp bhej na,1
phonepe otp sent to this number,0
sbi otp share karo verify,1
bhai otp share kar do,1
transaction otp 748392 valid 5 mins,0
sbi net banking otp 836471,0
share your otp to 899900,1
give otp to verify account,1
your otp is 123456 for login,0
otp bhej do abhi,1
otp forward kar bhai,1
send otp on this number,1
gpay login otp 159264,0
sbi net banking otp 836471,0
phonepe otp sent to this number,0
gpay login otp 159264,0
otp forward kar bhai,1
send upi transaction otp,1
otp nahi doge to bank band,1
share your otp to 899900,1
your otp is 123456 for login,0
irctc otp 674182 for pnr,0
phonepe otp sent to this number,0
bhai otp share kar do,1
sbi net banking otp 836471,0
sbi net banking otp 836471,0
transaction otp 748392 valid 5 mins,0
phonepe otp sent to this number,0
bhai otp share kar do,1
send otp immediately,1
gpay login otp 159264,0
share otp or account blocked,1
sbi otp share karo verify,1
share otp fast,1
otp bhej do abhi,1
aadhaar otp 483729 for update,0
irctc otp 674182 for pnr,0
irctc otp 674182 for pnr,0
share the otp received,1
your otp is 123456 for login,0
sbi net banking otp 836471,0
phonepe otp sent to this number,0
otp to 9123456789@ybl,1
irctc otp 674182 for pnr,0
your otp is 123456 for login,0
sbi net banking otp 836471,0
irctc otp 674182 for pnr,0
your otp is 123456 for login,0
icici transaction otp send,1
share your otp to 899900,1
otp nahi doge to bank band,1
send otp on this number,1
phonepe otp sent to this number,0
share otp fast,1
your otp is 123456 for login,0
jaldi otp bhej na,1
gpay login otp 159264,0
hdfc credit card otp 927463,0
gpay login otp 159264,0
bhai otp share kar do,1
share otp fast,1
share the otp received,1
hdfc credit card otp 927463,0
aadhaar otp 483729 for update,0
sbi net banking otp 836471,0
aadhaar otp 483729 for update,0
gpay login otp 159264,0
hdfc login otp bhej do,1
otp to 9123456789@ybl,1
sbi otp share karo verify,1
icici transaction otp send,1
transaction otp 748392 valid 5 mins,0
otp forward kar bhai,1
phonepe otp sent to this number,0
bhai otp share kar do,1
sbi otp share karo verify,1
gpay login otp 159264,0
share upi otp to complete,1
jaldi otp bhej na,1
share otp or account blocked,1
aadhaar otp 483729 for update,0
icici transaction otp send,1
aadhaar otp 483729 for update,0
transaction otp 748392 valid 5 mins,0
icici transaction otp send,1
share your otp to 899900,1
sbi net banking otp 836471,0
bhai otp share kar do,1
phonepe otp sent to this number,0
share upi otp to complete,1
bhai otp share kar do,1
hdfc credit card otp 927463,0
hdfc credit card otp 927463,0
share otp fast,1
send otp immediately,1
otp bhej do abhi,1
otp forward kar bhai,1
share the otp received,1
bhai otp share kar do,1
aadhaar otp 483729 for update,0
otp bhej do abhi,1
gpay login otp 159264,0
transaction otp 748392 valid 5 mins,0
aadhaar otp 483729 for update,0
sbi otp share karo verify,1
hdfc credit card otp 927463,0
transaction otp 748392 valid 5 mins,0
send otp immediately,1
otp bhej do abhi,1
irctc otp 674182 for pnr,0
hdfc credit card otp 927463,0
immediately otp share karo,1
hdfc login otp bhej do,1
hdfc login otp bhej do,1
transaction otp 748392 valid 5 mins,0
upi verification otp share karo,1
transaction otp 748392 valid 5 mins,0
your otp is 123456 for login,0
immediately otp share karo,1
otp to 9123456789@ybl,1
give otp to verify account,1
gpay login otp 159264,0
otp nahi doge to bank band,1
share your otp to 899900,1
gpay login otp 159264,0
phonepe otp sent to this number,0
aadhaar otp 483729 for update,0
transaction otp 748392 valid 5 mins,0
aadhaar otp 483729 for update,0
hdfc credit card otp 927463,0
bhai otp share kar do,1
transaction otp 748392 valid 5 mins,0
otp bhej do abhi,1
share your otp to 899900,1
upi verification otp share karo,1
otp nahi doge to bank band,1
gpay login otp 159264,0
upi verification otp share karo,1
transaction otp 748392 valid 5 mins,0
immediately otp share karo,1
immediately otp share karo,1
upi verification otp share karo,1
phonepe otp sent to this number,0
aadhaar otp 483729 for update,0
sbi otp share karo verify,1
transaction otp 748392 valid 5 mins,0
send upi transaction otp,1
share otp fast,1
aadhaar otp 483729 for update,0
upi verification otp share karo,1
hdfc credit card otp 927463,0
otp nahi doge to bank band,1
aadhaar otp 483729 for update,0
your otp is 123456 for login,0
aadhaar otp 483729 for update,0
phonepe otp sent to this number,0
otp nahi doge to bank band,1
gpay login otp 159264,0
send otp immediately,1
gpay login otp 159264,0
gpay login otp 159264,0
hdfc credit card otp 927463,0
immediately otp share karo,1
give otp to verify account,1
gpay login otp 159264,0
aadhaar otp 483729 for update,0
otp to 9123456789@ybl,1
jaldi otp bhej na,1
hdfc login otp bhej do,1
send otp on this number,1
phonepe otp sent to this number,0
aadhaar otp 483729 for update,0
hdfc credit card otp 927463,0
hdfc credit card otp 927463,0
share otp fast,1
phonepe otp sent to this number,0
gpay login otp 159264,0
share otp to 9876543210,1
your otp is 123456 for login,0
share your otp to 899900,1
hdfc credit card otp 927463,0
otp nahi doge to bank band,1
transaction otp 748392 valid 5 mins,0
aadhaar otp 483729 for update,0
otp nahi doge to bank band,1
share otp or account blocked,1
aadhaar otp 483729 for update,0
send otp on this number,1
irctc otp 674182 for pnr,0
phonepe otp sent to this number,0
send upi transaction otp,1
gpay login otp 159264,0
upi verification otp share karo,1
otp forward kar bhai,1
phonepe otp sent to this number,0
hdfc credit card otp 927463,0
otp bhej do abhi,1
send upi transaction otp,1
send otp on this number,1
gpay login otp 159264,0
sbi net banking otp 836471,0
immediately otp share karo,1
transaction otp 748392 valid 5 mins,0
jaldi otp bhej na,1
immediately otp share karo,1
sbi net banking otp 836471,0
share your otp to 899900,1
send otp immediately,1
phonepe otp sent to this number,0
hdfc login otp bhej do,1
share the otp received,1
sbi otp share karo verify,1
otp bhej do abhi,1
immediately otp share karo,1
your otp is 123456 for login,0
icici transaction otp send,1
jaldi otp bhej na,1
share upi otp to complete,1
your otp is 123456 for login,0
share your otp to 899900,1
share otp fast,1
share otp to 9876543210,1
aadhaar otp 483729 for update,0
hdfc login otp bhej do,1
aadhaar otp 483729 for update,0
share otp or account blocked,1
transaction otp 748392 valid 5 mins,0
immediately otp share karo,1
transaction otp 748392 valid 5 mins,0
share otp or account blocked,1
your otp is 123456 for login,0
sbi otp share karo verify,1
share your otp to 899900,1
otp nahi doge to bank band,1
share the otp received,1
aadhaar otp 483729 for update,0
share upi otp to complete,1
otp nahi doge to bank band,1
phonepe otp sent to this number,0
irctc otp 674182 for pnr,0
aadhaar otp 483729 for update,0
transaction otp 748392 valid 5 mins,0
transaction otp 748392 valid 5 mins,0
sbi net banking otp 836471,0
share upi otp to complete,1
send otp on this number,1
your otp is 123456 for login,0
otp forward kar bhai,1
otp bhej do abhi,1
send otp immediately,1
jaldi otp bhej na,1
otp forward kar bhai,1
share otp to 9876543210,1
share your otp to 899900,1
share upi otp to complete,1
hdfc credit card otp 927463,0
gpay login otp 159264,0
icici transaction otp send,1
phonepe otp sent to this number,0
send otp on this number,1
otp to 9123456789@ybl,1
otp to 9123456789@ybl,1
share otp to 9876543210,1
hdfc credit card otp 927463,0
upi verification otp share karo,1
aadhaar otp 483729 for update,0
transaction otp 748392 valid 5 mins,0
phonepe otp sent to this number,0
your otp is 123456 for login,0
otp nahi doge to bank band,1
transaction otp 748392 valid 5 mins,0
irctc otp 674182 for pnr,0
irctc otp 674182 for pnr,0
otp nahi doge to bank band,1
irctc otp 674182 for pnr,0
hdfc credit card otp 927463,0
jaldi otp bhej na,1
gpay login otp 159264,0
immediately otp share karo,1
icici transaction otp send,1
share your otp to 899900,1
phonepe otp sent to this number,0
transaction otp 748392 valid 5 mins,0
share upi otp to complete,1
aadhaar otp 483729 for update,0
give otp to verify account,1
share otp to 9876543210,1
irctc otp 674182 for pnr,0
upi verification otp share karo,1
sbi net banking otp 836471,0
send otp immediately,1
sbi net banking otp 836471,0
share upi otp to complete,1
hdfc login otp bhej do,1
immediately otp share karo,1
hdfc credit card otp 927463,0
your otp is 123456 for login,0
hdfc login otp bhej do,1
your otp is 123456 for login,0
otp forward kar bhai,1
give otp to verify account,1
phonepe otp sent to this number,0
transaction otp 748392 valid 5 mins,0
send otp on this number,1
aadhaar otp 483729 for update,0
phonepe otp sent to this number,0
your otp is 123456 for login,0
share the otp received,1
share the otp received,1
share otp to 9876543210,1
irctc otp 674182 for pnr,0
phonepe otp sent to this number,0
give otp to verify account,1
share otp fast,1
irctc otp 674182 for pnr,0
otp nahi doge to bank band,1
jaldi otp bhej na,1
irctc otp 674182 for pnr,0
share otp fast,1
share upi otp to complete,1
irctc otp 674182 for pnr,0
send otp immediately,1
sbi otp share karo verify,1
share upi otp to complete,1
immediately otp share karo,1
transaction otp 748392 valid 5 mins,0
your otp is 123456 for login,0
sbi net banking otp 836471,0
send upi transaction otp,1
send upi transaction otp,1
phonepe otp sent to this number,0
give otp to verify account,1
otp forward kar bhai,1
sbi otp share karo verify,1
share the otp received,1
hdfc credit card otp 927463,0
otp bhej do abhi,1
share otp or account blocked,1
share upi otp to complete,1
aadhaar otp 483729 for update,0
send upi transaction otp,1
send otp on this number,1
irctc otp 674182 for pnr,0
sbi net banking otp 836471,0
aadhaar otp 483729 for update,0
sbi otp share karo verify,1
phonepe otp sent to this number,0
aadhaar otp 483729 for update,0
aadhaar otp 483729 for update,0
share your otp to 899900,1
share otp or account blocked,1
send otp on this number,1
send otp immediately,1
hdfc login otp bhej do,1
jaldi otp bhej na,1
otp to 9123456789@ybl,1
hdfc login otp bhej do,1
aadhaar otp 483729 for update,0
gpay login otp 159264,0
sbi net banking otp 836471,0
hdfc login otp bhej do,1
sbi otp share karo verify,1
irctc otp 674182 for pnr,0
icici transaction otp send,1
share otp fast,1
otp nahi doge to bank band,1
send otp immediately,1
phonepe otp sent to this number,0
share otp to 9876543210,1
transaction otp 748392 valid 5 mins,0
transaction otp 748392 valid 5 mins,0
send otp immediately,1
send otp on this number,1
sbi net banking otp 836471,0
icici transaction otp send,1
sbi net banking otp 836471,0
otp forward kar bhai,1
aadhaar otp 483729 for update,0
send upi transaction otp,1
transaction otp 748392 valid 5 mins,0
gpay login otp 159264,0
phonepe otp sent to this number,0
transaction otp 748392 valid 5 mins,0
gpay login otp 159264,0
aadhaar otp 483729 for update,0
irctc otp 674182 for pnr,0
irctc otp 674182 for pnr,0
hdfc credit card otp 927463,0
hdfc credit card otp 927463,0
phonepe otp sent to this number,0
your otp is 123456 for login,0
phonepe otp sent to this number,0
your otp is 123456 for login,0
send otp on this number,1
hdfc credit card otp 927463,0
irctc otp 674182 for pnr,0
aadhaar otp 483729 for update,0
give otp to verify account,1
icici transaction otp send,1
phonepe otp sent to this number,0
sbi otp share karo verify,1
upi verification otp share karo,1
hdfc credit card otp 927463,0
send otp immediately,1
gpay login otp 159264,0
bhai otp share kar do,1
your otp is 123456 for login,0
immediately otp share karo,1
send otp on this number,1
gpay login otp 159264,0
gpay login otp 159264,0
share otp to 9876543210,1
share otp to 9876543210,1
hdfc login otp bhej do,1
sbi otp share karo verify,1
phonepe otp sent to this number,0
phonepe otp sent to this number,0
aadhaar otp 483729 for update,0
upi verification otp share karo,1
transaction otp 748392 valid 5 mins,0
gpay login otp 159264,0
icici transaction otp send,1
your otp is 123456 for login,0
sbi net banking otp 836471,0
send otp on this number,1
send otp immediately,1
icici transaction otp send,1
aadhaar otp 483729 for update,0
your otp is 123456 for login,0
send otp on this number,1
otp bhej do abhi,1
bhai otp share kar do,1
share otp or account blocked,1
hdfc credit card otp 927463,0
send otp on this number,1
send upi transaction otp,1
otp bhej do abhi,1
aadhaar otp 483729 for update,0
sbi net banking otp 836471,0
irctc otp 674182 for pnr,0
share your otp to 899900,1
hdfc credit card otp 927463,0
hdfc login otp bhej do,1
otp to 9123456789@ybl,1
transaction otp 748392 valid 5 mins,0
otp nahi doge to bank band,1
sbi net banking otp 836471,0
hdfc credit card otp 927463,0
jaldi otp bhej na,1
share your otp to 899900,1
share your otp to 899900,1
send otp immediately,1
otp nahi doge to bank band,1
sbi net banking otp 836471,0
bhai otp share kar do,1
irctc otp 674182 for pnr,0
share your otp to 899900,1
otp nahi doge to bank band,1
your otp is 123456 for login,0
upi verification otp share karo,1
share upi otp to complete,1
gpay login otp 159264,0
your otp is 123456 for login,0
sbi net banking otp 836471,0
give otp to verify account,1
otp forward kar bhai,1
icici transaction otp send,1
share upi otp to complete,1
irctc otp 674182 for pnr,0
share upi otp to complete,1
share otp to 9876543210,1
upi verification otp share karo,1
hdfc credit card otp 927463,0
share otp fast,1
send upi transaction otp,1
irctc otp 674182 for pnr,0
jaldi otp bhej na,1
your otp is 123456 for login,0
hdfc credit card otp 927463,0
immediately otp share karo,1
share otp to 9876543210,1
otp nahi doge to bank band,1
give otp to verify account,1
share upi otp to complete,1
aadhaar otp 483729 for update,0
send otp on this number,1
hdfc login otp bhej do,1
share the otp received,1
bhai otp share kar do,1
send upi transaction otp,1
jaldi otp bhej na,1
transaction otp 748392 valid 5 mins,0
upi verification otp share karo,1
hdfc credit card otp 927463,0
hdfc credit card otp 927463,0
otp bhej do abhi,1
irctc otp 674182 for pnr,0
otp forward kar bhai,1
immediately otp share karo,1
your otp is 123456 for login,0
icici transaction otp send,1
otp bhej do abhi,1
share your otp to 899900,1
share otp to 9876543210,1
otp nahi doge to bank band,1
aadhaar otp 483729 for update,0
irctc otp 674182 for pnr,0
send otp on this number,1
your otp is 123456 for login,0
hdfc credit card otp 927463,0
share upi otp to complete,1
transaction otp 748392 valid 5 mins,0
irctc otp 674182 for pnr,0
sbi otp share karo verify,1
hdfc credit card otp 927463,0
aadhaar otp 483729 for update,0
your otp is 123456 for login,0
transaction otp 748392 valid 5 mins,0
gpay login otp 159264,0
hdfc credit card otp 927463,0
send otp immediately,1
icici transaction otp send,1
send upi transaction otp,1
hdfc login otp bhej do,1
hdfc login otp bhej do,1
otp to 9123456789@ybl,1
share otp fast,1
transaction otp 748392 valid 5 mins,0
aadhaar otp 483729 for update,0
sbi net banking otp 836471,0
gpay login otp 159264,0
otp to 9123456789@ybl,1
gpay login otp 159264,0
give otp to verify account,1
your otp is 123456 for login,0
share your otp to 899900,1
aadhaar otp 483729 for update,0
your otp is 123456 for login,0
transaction otp 748392 valid 5 mins,0
share otp to 9876543210,1
otp forward kar bhai,1
transaction otp 748392 valid 5 mins,0
send otp on this number,1
share your otp to 899900,1
phonepe otp sent to this number,0
irctc otp 674182 for pnr,0
hdfc login otp bhej do,1
icici transaction otp send,1
share upi otp to complete,1
send upi transaction otp,1
share otp fast,1
share the otp received,1
hdfc credit card otp 927463,0
transaction otp 748392 valid 5 mins,0
irctc otp 674182 for pnr,0
irctc otp 674182 for pnr,0
send otp on this number,1
aadhaar otp 483729 for update,0
sbi net banking otp 836471,0
upi verification otp share karo,1
share otp fast,1
otp forward kar bhai,1
share otp to 9876543210,1
share upi otp to complete,1
immediately otp share karo,1
immediately otp share karo,1
share otp fast,1
sbi net banking otp 836471,0
sbi net banking otp 836471,0
irctc otp 674182 for pnr,0
phonepe otp sent to this number,0
transaction otp 748392 valid 5 mins,0
share otp or account blocked,1
transaction otp 748392 valid 5 mins,0
immediately otp share karo,1
gpay login otp 159264,0
share otp or account blocked,1
transaction otp 748392 valid 5 mins,0
transaction otp 748392 valid 5 mins,0
bhai otp share kar do,1
share the otp received,1
gpay login otp 159264,0
share the otp received,1
share your otp to 899900,1
share otp to 9876543210,1
your otp is 123456 for login,0
otp forward kar bhai,1
sbi otp share karo verify,1
otp forward kar bhai,1
aadhaar otp 483729 for update,0
phonepe otp sent to this number,0
transaction otp 748392 valid 5 mins,0
hdfc credit card otp 927463,0
give otp to verify account,1
share upi otp to complete,1
otp to 9123456789@ybl,1
otp nahi doge to bank band,1
otp to 9123456789@ybl,1
send otp immediately,1
irctc otp 674182 for pnr,0
share your otp to 899900,1
otp to 9123456789@ybl,1
sbi net banking otp 836471,0
otp forward kar bhai,1
gpay login otp 159264,0
otp nahi doge to bank band,1
aadhaar otp 483729 for update,0
phonepe otp sent to this number,0
otp nahi doge to bank band,1
icici transaction otp send,1
hdfc credit card otp 927463,0
phonepe otp sent to this number,0
irctc otp 674182 for pnr,0
jaldi otp bhej na,1
hdfc credit card otp 927463,0
your otp is 123456 for login,0
send upi transaction otp,1
bhai otp share kar do,1
phonepe otp sent to this number,0
immediately otp share karo,1
send otp immediately,1
phonepe otp sent to this number,0
give otp to verify account,1
send otp immediately,1
upi verification otp share karo,1
hdfc login otp bhej do,1
otp to 9123456789@ybl,1
share the otp received,1
upi verification otp share karo,1
your otp is 123456 for login,0
share the otp received,1
send otp immediately,1
share upi otp to complete,1
gpay login otp 159264,0
share otp fast,1
transaction otp 748392 valid 5 mins,0
your otp is 123456 for login,0
irctc otp 674182 for pnr,0
sbi net banking otp 836471,0
aadhaar otp 483729 for update,0
hdfc credit card otp 927463,0
bhai otp share kar do,1
sbi otp share karo verify,1
send upi transaction otp,1
send otp on this number,1
bhai otp share kar do,1
irctc otp 674182 for pnr,0
gpay login otp 159264,0
share the otp received,1
sbi net banking otp 836471,0
send otp on this number,1
sbi otp share karo verify,1
transaction otp 748392 valid 5 mins,0
phonepe otp sent to this number,0
irctc otp 674182 for pnr,0
sbi net banking otp 836471,0
phonepe otp sent to this number,0
aadhaar otp 483729 for update,0
hdfc credit card otp 927463,0
upi verification otp share karo,1
phonepe otp sent to this number,0
bhai otp share kar do,1
irctc otp 674182 for pnr,0
share your otp to 899900,1
your otp is 123456 for login,0
transaction otp 748392 valid 5 mins,0
phonepe otp sent to this number,0
hdfc credit card otp 927463,0
share your otp to 899900,1
send otp on this number,1
phonepe otp sent to this number,0
hdfc credit card otp 927463,0
hdfc credit card otp 927463,0
phonepe otp sent to this number,0
share upi otp to complete,1
share the otp received,1
immediately otp share karo,1
irctc otp 674182 for pnr,0
gpay login otp 159264,0
gpay login otp 159264,0
phonepe otp sent to this number,0
your otp is 123456 for login,0
share your otp to 899900,1
sbi net banking otp 836471,0
send upi transaction otp,1
send otp immediately,1
jaldi otp bhej na,1
irctc otp 674182 for pnr,0
phonepe otp sent to this number,0
upi verification otp share karo,1
aadhaar otp 483729 for update,0
hdfc credit card otp 927463,0
share otp or account blocked,1
bhai otp share kar do,1
your otp is 123456 for login,0
jaldi otp bhej na,1
share otp or account blocked,1
phonepe otp sent to this number,0
otp to 9123456789@ybl,1
irctc otp 674182 for pnr,0
otp to 9123456789@ybl,1
share the otp received,1
give otp to verify account,1
otp bhej do abhi,1
transaction otp 748392 valid 5 mins,0
otp bhej do abhi,1
share upi otp to complete,1
sbi otp share karo verify,1
hdfc credit card otp 927463,0
gpay login otp 159264,0
share otp or account blocked,1
share otp fast,1
sbi net banking otp 836471,0
hdfc login otp bhej do,1
share otp to 9876543210,1
transaction otp 748392 valid 5 mins,0
sbi otp share karo verify,1
upi verification otp share karo,1
send upi transaction otp,1
send upi transaction otp,1
share upi otp to complete,1
share otp fast,1
phonepe otp sent to this number,0
phonepe otp sent to this number,0
sbi otp share karo verify,1
otp to 9123456789@ybl,1
hdfc credit card otp 927463,0
share upi otp to complete,1
share otp fast,1
share your otp to 899900,1
transaction otp 748392 valid 5 mins,0
irctc otp 674182 for pnr,0
bhai otp share kar do,1
phonepe otp sent to this number,0
sbi net banking otp 836471,0
hdfc credit card otp 927463,0
transaction otp 748392 valid 5 mins,0
phonepe otp sent to this number,0
irctc otp 674182 for pnr,0
sbi net banking otp 836471,0
send upi transaction otp,1
your otp is 123456 for login,0
irctc otp 674182 for pnr,0
sbi net banking otp 836471,0
phonepe otp sent to this number,0
phonepe otp sent to this number,0
give otp to verify account,1
share the otp received,1
hdfc credit card otp 927463,0
irctc otp 674182 for pnr,0
sbi net banking otp 836471,0
send otp on this number,1
irctc otp 674182 for pnr,0
aadhaar otp 483729 for update,0
hdfc credit card otp 927463,0
share your otp to 899900,1
gpay login otp 159264,0
hdfc credit card otp 927463,0
share your otp to 899900,1
sbi otp share karo verify,1
share your otp to 899900,1
share otp or account blocked,1
hdfc credit card otp 927463,0
sbi otp share karo verify,1
otp bhej do abhi,1
share otp fast,1
hdfc credit card otp 927463,0
share the otp received,1
phonepe otp sent to this number,0
upi verification otp share karo,1
gpay login otp 159264,0
your otp is 123456 for login,0
otp nahi doge to bank band,1
phonepe otp sent to this number,0
gpay login otp 159264,0
share your otp to 899900,1
transaction otp 748392 valid 5 mins,0
share otp to 9876543210,1
share otp fast,1
send upi transaction otp,1
immediately otp share karo,1
gpay login otp 159264,0
gpay login otp 159264,0
phonepe otp sent to this number,0
send otp on this number,1
otp nahi doge to bank band,1
share otp fast,1
aadhaar otp 483729 for update,0
upi verification otp share karo,1
hdfc login otp bhej do,1
jaldi otp bhej na,1
aadhaar otp 483729 for update,0
share otp fast,1
gpay login otp 159264,0
otp nahi doge to bank band,1
upi verification otp share karo,1
otp forward kar bhai,1
phonepe otp sent to this number,0
share otp or account blocked,1
gpay login otp 159264,0
sbi net banking otp 836471,0
immediately otp share karo,1
otp bhej do abhi,1
irctc otp 674182 for pnr,0
phonepe otp sent to this number,0
irctc otp 674182 for pnr,0
transaction otp 748392 valid 5 mins,0
share otp to 9876543210,1
otp to 9123456789@ybl,1
hdfc credit card otp 927463,0
hdfc credit card otp 927463,0
gpay login otp 159264,0
gpay login otp 159264,0
irctc otp 674182 for pnr,0
irctc otp 674182 for pnr,0
transaction otp 748392 valid 5 mins,0
irctc otp 674182 for pnr,0
sbi net banking otp 836471,0
share your otp to 899900,1
your otp is 123456 for login,0
upi verification otp share karo,1
aadhaar otp 483729 for update,0
transaction otp 748392 valid 5 mins,0
transaction otp 748392 valid 5 mins,0
irctc otp 674182 for pnr,0
otp bhej do abhi,1
aadhaar otp 483729 for update,0
hdfc credit card otp 927463,0
otp bhej do abhi,1
your otp is 123456 for login,0
jaldi otp bhej na,1
immediately otp share karo,1
otp to 9123456789@ybl,1
your otp is 123456 for login,0
gpay login otp 159264,0
jaldi otp bhej na,1
send otp on this number,1
share your otp to 899900,1
send upi transaction otp,1
gpay login otp 159264,0
your otp is 123456 for login,0
sbi net banking otp 836471,0
upi verification otp share karo,1
hdfc credit card otp 927463,0
send otp immediately,1
hdfc credit card otp 927463,0
phonepe otp sent to this number,0
phonepe otp sent to this number,0
gpay login otp 159264,0
hdfc credit card otp 927463,0
sbi net banking otp 836471,0
sbi net banking otp 836471,0
gpay login otp 159264,0
immediately otp share karo,1
share otp or account blocked,1
share your otp to 899900,1
gpay login otp 159264,0
aadhaar otp 483729 for update,0
gpay login otp 159264,0
irctc otp 674182 for pnr,0
your otp is 123456 for login,0
phonepe otp sent to this number,0
sbi net banking otp 836471,0
irctc otp 674182 for pnr,0
transaction otp 748392 valid 5 mins,0
irctc otp 674182 for pnr,0
your otp is 123456 for login,0
send otp on this number,1
share otp fast,1
otp bhej do abhi,1
send otp on this number,1
phonepe otp sent to this number,0
jaldi otp bhej na,1
hdfc credit card otp 927463,0
icici transaction otp send,1
share otp or account blocked,1
transaction otp 748392 valid 5 mins,0
gpay login otp 159264,0
upi verification otp share karo,1
share otp to 9876543210,1
hdfc login otp bhej do,1
phonepe otp sent to this number,0
hdfc credit card otp 927463,0
phonepe otp sent to this number,0
sbi otp share karo verify,1
otp forward kar bhai,1
gpay login otp 159264,0
icici transaction otp send,1
share otp to 9876543210,1
gpay login otp 159264,0
transaction otp 748392 valid 5 mins,0
otp forward kar bhai,1
otp to 9123456789@ybl,1
otp forward kar bhai,1
your otp is 123456 for login,0
gpay login otp 159264,0
sbi net banking otp 836471,0
share otp fast,1
jaldi otp bhej na,1
give otp to verify account,1
phonepe otp sent to this number,0
phonepe otp sent to this number,0
aadhaar otp 483729 for update,0
share otp or account blocked,1
hdfc login otp bhej do,1
share upi otp to complete,1
transaction otp 748392 valid 5 mins,0
icici transaction otp send,1
upi verification otp share karo,1
hdfc credit card otp 927463,0
share otp or account blocked,1
gpay login otp 159264,0
your otp is 123456 for login,0
give otp to verify account,1
sbi net banking otp 836471,0
sbi net banking otp 836471,0
send upi transaction otp,1
sbi net banking otp 836471,0
otp to 9123456789@ybl,1
irctc otp 674182 for pnr,0
aadhaar otp 483729 for update,0
sbi net banking otp 836471,0
icici transaction otp send,1
send upi transaction otp,1
jaldi otp bhej na,1
share otp to 9876543210,1
share otp or account blocked,1
gpay login otp 159264,0
transaction otp 748392 valid 5 mins,0
send otp on this number,1
send upi transaction otp,1
sbi otp share karo verify,1
your otp is 123456 for login,0
hdfc credit card otp 927463,0
otp bhej do abhi,1
your otp is 123456 for login,0
give otp to verify account,1
your otp is 123456 for login,0
sbi net banking otp 836471,0
otp to 9123456789@ybl,1
transaction otp 748392 valid 5 mins,0
transaction otp 748392 valid 5 mins,0
your otp is 123456 for login,0
otp nahi doge to bank band,1
irctc otp 674182 for pnr,0
otp to 9123456789@ybl,1
hdfc credit card otp 927463,0
phonepe otp sent to this number,0
share the otp received,1
share otp fast,1
phonepe otp sent to this number,0
share your otp to 899900,1
upi verification otp share karo,1
hdfc credit card otp 927463,0
sbi net banking otp 836471,0
icici transaction otp send,1
your otp is 123456 for login,0
your otp is 123456 for login,0
otp nahi doge to bank band,1
otp forward kar bhai,1
your otp is 123456 for login,0
hdfc credit card otp 927463,0
send otp on this number,1
irctc otp 674182 for pnr,0
hdfc credit card otp 927463,0
gpay login otp 159264,0
share otp to 9876543210,1
irctc otp 674182 for pnr,0
irctc otp 674182 for pnr,0
sbi net banking otp 836471,0
sbi net banking otp 836471,0
otp bhej do abhi,1
aadhaar otp 483729 for update,0
aadhaar otp 483729 for update,0
your otp is 123456 for login,0
sbi net banking otp 836471,0
bhai otp share kar do,1
sbi net banking otp 836471,0
upi verification otp share karo,1
upi verification otp share karo,1
your otp is 123456 for login,0
share the otp received,1
hdfc login otp bhej do,1
otp forward kar bhai,1
share the otp received,1
jaldi otp bhej na,1
irctc otp 674182 for pnr,0
jaldi otp bhej na,1
phonepe otp sent to this number,0
send otp immediately,1
transaction otp 748392 valid 5 mins,0
share the otp received,1
share your otp to 899900,1
gpay login otp 159264,0
hdfc login otp bhej do,1
send upi transaction otp,1
transaction otp 748392 valid 5 mins,0
otp to 9123456789@ybl,1
transaction otp 748392 valid 5 mins,0
transaction otp 748392 valid 5 mins,0
hdfc credit card otp 927463,0
phonepe otp sent to this number,0
gpay login otp 159264,0
send upi transaction otp,1
share otp fast,1
transaction otp 748392 valid 5 mins,0
share otp to 9876543210,1
share your otp to 899900,1
transaction otp 748392 valid 5 mins,0
gpay login otp 159264,0
phonepe otp sent to this number,0
aadhaar otp 483729 for update,0
gpay login otp 159264,0
sbi net banking otp 836471,0
otp nahi doge to bank band,1
share otp or account blocked,1
irctc otp 674182 for pnr,0
your otp is 123456 for login,0
otp forward kar bhai,1
hdfc login otp bhej do,1
send otp immediately,1
send otp on this number,1
gpay login otp 159264,0
bhai otp share kar do,1
your otp is 123456 for login,0
send otp on this number,1
gpay login otp 159264,0
gpay login otp 159264,0
sbi net banking otp 836471,0
jaldi otp bhej na,1
phonepe otp sent to this number,0
hdfc credit card otp 927463,0
gpay login otp 159264,0
your otp is 123456 for login,0
aadhaar otp 483729 for update,0
aadhaar otp 483729 for update,0
share otp or account blocked,1
sbi otp share karo verify,1
phonepe otp sent to this number,0
share upi otp to complete,1
icici transaction otp send,1
send otp immediately,1
sbi otp share karo verify,1
phonepe otp sent to this number,0
your otp is 123456 for login,0
sbi net banking otp 836471,0
phonepe otp sent to this number,0
your otp is 123456 for login,0
your otp is 123456 for login,0
otp to 9123456789@ybl,1
bhai otp share kar do,1
immediately otp share karo,1
otp bhej do abhi,1
transaction otp 748392 valid 5 mins,0
icici transaction otp send,1
your otp is 123456 for login,0
phonepe otp sent to this number,0
gpay login otp 159264,0
phonepe otp sent to this number,0
share upi otp to complete,1
bhai otp share kar do,1
give otp to verify account,1
jaldi otp bhej na,1
hdfc login otp bhej do,1
sbi otp share karo verify,1
sbi net banking otp 836471,0
hdfc login otp bhej do,1
send otp immediately,1
jaldi otp bhej na,1
sbi net banking otp 836471,0
irctc otp 674182 for pnr,0
share otp or account blocked,1
aadhaar otp 483729 for update,0
gpay login otp 159264,0
jaldi otp bhej na,1
jaldi otp bhej na,1
hdfc login otp bhej do,1
upi verification otp share karo,1
immediately otp share karo,1
send upi transaction otp,1
gpay login otp 159264,0
aadhaar otp 483729 for update,0
sbi net banking otp 836471,0
give otp to verify account,1
share the otp received,1
gpay login otp 159264,0
sbi net banking otp 836471,0
gpay login otp 159264,0
otp to 9123456789@ybl,1
icici transaction otp send,1
irctc otp 674182 for pnr,0
irctc otp 674182 for pnr,0
phonepe otp sent to this number,0
irctc otp 674182 for pnr,0
aadhaar otp 483729 for update,0
share otp or account blocked,1
hdfc credit card otp 927463,0
immediately otp share karo,1
immediately otp share karo,1
aadhaar otp 483729 for update,0
bhai otp share kar do,1
share otp or account blocked,1
share otp or account blocked,1
hdfc login otp bhej do,1
share the otp received,1
send otp on this number,1
give otp to verify account,1
transaction otp 748392 valid 5 mins,0
send otp on this number,1
your otp is 123456 for login,0
send upi transaction otp,1
otp to 9123456789@ybl,1
sbi net banking otp 836471,0
jaldi otp bhej na,1
otp to 9123456789@ybl,1
sbi net banking otp 836471,0
hdfc credit card otp 927463,0
share your otp to 899900,1
sbi net banking otp 836471,0
otp forward kar bhai,1
transaction otp 748392 valid 5 mins,0
otp nahi doge to bank band,1
otp nahi doge to bank band,1
immediately otp share karo,1
phonepe otp sent to this number,0
send upi transaction otp,1
irctc otp 674182 for pnr,0
otp forward kar bhai,1
otp nahi doge to bank band,1
share otp fast,1
sbi net banking otp 836471,0
immediately otp share karo,1
otp bhej do abhi,1
otp bhej do abhi,1
otp to 9123456789@ybl,1
irctc otp 674182 for pnr,0
your otp is 123456 for login,0
aadhaar otp 483729 for update,0
gpay login otp 159264,0
send upi transaction otp,1
gpay login otp 159264,0
irctc otp 674182 for pnr,0
sbi net banking otp 836471,0
upi verification otp share karo,1
aadhaar otp 483729 for update,0
sbi net banking otp 836471,0
hdfc credit card otp 927463,0
gpay login otp 159264,0
icici transaction otp send,1
your otp is 123456 for login,0
share otp to 9876543210,1
aadhaar otp 483729 for update,0
sbi net banking otp 836471,0
send upi transaction otp,1
hdfc credit card otp 927463,0
transaction otp 748392 valid 5 mins,0
give otp to verify account,1
upi verification otp share karo,1
bhai otp share kar do,1
transaction otp 748392 valid 5 mins,0
give otp to verify account,1
your otp is 123456 for login,0
transaction otp 748392 valid 5 mins,0
bhai otp share kar do,1
sbi otp share karo verify,1
aadhaar otp 483729 for update,0
phonepe otp sent to this number,0
irctc otp 674182 for pnr,0
send otp immediately,1
otp to 9123456789@ybl,1
otp bhej do abhi,1
sbi net banking otp 836471,0
bhai otp share kar do,1
share otp to 9876543210,1
gpay login otp 159264,0
share the otp received,1
give otp to verify account,1
aadhaar otp 483729 for update,0
send otp immediately,1
your otp is 123456 for login,0
your otp is 123456 for login,0
share the otp received,1
send otp on this number,1
your otp is 123456 for login,0
icici transaction otp send,1
share your otp to 899900,1
share otp fast,1
bhai otp share kar do,1
aadhaar otp 483729 for update,0
hdfc credit card otp 927463,0
share otp to 9876543210,1
aadhaar otp 483729 for update,0
irctc otp 674182 for pnr,0
otp bhej do abhi,1
otp forward kar bhai,1
otp bhej do abhi,1
transaction otp 748392 valid 5 mins,0
otp to 9123456789@ybl,1
bhai otp share kar do,1
irctc otp 674182 for pnr,0
share otp or account blocked,1
immediately otp share karo,1
share the otp received,1
otp to 9123456789@ybl,1
bhai otp share kar do,1
sbi net banking otp 836471,0
icici transaction otp send,1
sbi net banking otp 836471,0
upi verification otp share karo,1
phonepe otp sent to this number,0
share otp to 9876543210,1
phonepe otp sent to this number,0
gpay login otp 159264,0
hdfc credit card otp 927463,0
irctc otp 674182 for pnr,0
sbi net banking otp 836471,0
share otp fast,1
transaction otp 748392 valid 5 mins,0
send otp on this number,1
jaldi otp bhej na,1
send otp on this number,1
irctc otp 674182 for pnr,0
hdfc credit card otp 927463,0
sbi net banking otp 836471,0
gpay login otp 159264,0
your otp is 123456 for login,0
gpay login otp 159264,0
share otp fast,1
otp nahi doge to bank band,1
give otp to verify account,1
send upi transaction otp,1
your otp is 123456 for login,0
irctc otp 674182 for pnr,0
hdfc credit card otp 927463,0
sbi otp share karo verify,1
send upi transaction otp,1
share otp fast,1
send otp immediately,1
gpay login otp 159264,0
irctc otp 674182 for pnr,0
transaction otp 748392 valid 5 mins,0
otp to 9123456789@ybl,1
aadhaar otp 483729 for update,0
otp to 9123456789@ybl,1
gpay login otp 159264,0
transaction otp 748392 valid 5 mins,0
hdfc credit card otp 927463,0
send upi transaction otp,1
transaction otp 748392 valid 5 mins,0
immediately otp share karo,1
transaction otp 748392 valid 5 mins,0
gpay login otp 159264,0
gpay login otp 159264,0
otp nahi doge to bank band,1
your otp is 123456 for login,0
your otp is 123456 for login,0
share the otp received,1
transaction otp 748392 valid 5 mins,0
upi verification otp share karo,1
sbi net banking otp 836471,0
your otp is 123456 for login,0
send otp immediately,1
otp forward kar bhai,1
share upi otp to complete,1
transaction otp 748392 valid 5 mins,0
phonepe otp sent to this number,0
your otp is 123456 for login,0
share otp to 9876543210,1
hdfc credit card otp 927463,0
send upi transaction otp,1
hdfc login otp bhej do,1
sbi net banking otp 836471,0
transaction otp 748392 valid 5 mins,0
share the otp received,1
aadhaar otp 483729 for update,0
gpay login otp 159264,0
gpay login otp 159264,0
share otp or account blocked,1
irctc otp 674182 for pnr,0
icici transaction otp send,1
immediately otp share karo,1
send upi transaction otp,1
irctc otp 674182 for pnr,0
your otp is 123456 for login,0
otp bhej do abhi,1
sbi net banking otp 836471,0
otp nahi doge to bank band,1
give otp to verify account,1
hdfc credit card otp 927463,0
icici transaction otp send,1
gpay login otp 159264,0
transaction otp 748392 valid 5 mins,0
immediately otp share karo,1
irctc otp 674182 for pnr,0
share upi otp to complete,1
jaldi otp bhej na,1
irctc otp 674182 for pnr,0
otp forward kar bhai,1
irctc otp 674182 for pnr,0
immediately otp share karo,1
hdfc login otp bhej do,1
sbi net banking otp 836471,0
send otp on this number,1
upi verification otp share karo,1
sbi net banking otp 836471,0
irctc otp 674182 for pnr,0
irctc otp 674182 for pnr,0
otp bhej do abhi,1
gpay login otp 159264,0
give otp to verify account,1
send otp on this number,1
gpay login otp 159264,0
irctc otp 674182 for pnr,0
phonepe otp sent to this number,0
sbi otp share karo verify,1
hdfc credit card otp 927463,0
sbi net banking otp 836471,0
upi verification otp share karo,1
send otp immediately,1
share otp fast,1
hdfc credit card otp 927463,0
share your otp to 899900,1
share the otp received,1
gpay login otp 159264,0
give otp to verify account,1
your otp is 123456 for login,0
give otp to verify account,1
upi verification otp share karo,1
aadhaar otp 483729 for update,0
share otp fast,1
sbi net banking otp 836471,0
hdfc credit card otp 927463,0
icici transaction otp send,1
share otp or account blocked,1
give otp to verify account,1
irctc otp 674182 for pnr,0
sbi otp share karo verify,1
send otp immediately,1
gpay login otp 159264,0
share upi otp to complete,1
share otp fast,1
your otp is 123456 for login,0
sbi net banking otp 836471,0
share the otp received,1
gpay login otp 159264,0
transaction otp 748392 valid 5 mins,0
share otp to 9876543210,1
otp to 9123456789@ybl,1
sbi otp share karo verify,1
give otp to verify account,1
jaldi otp bhej na,1
gpay login otp 159264,0
hdfc credit card otp 927463,0
hdfc credit card otp 927463,0
aadhaar otp 483729 for update,0
send otp immediately,1
sbi net banking otp 836471,0
sbi net banking otp 836471,0
give otp to verify account,1
hdfc login otp bhej do,1
share the otp received,1
sbi otp share karo verify,1
upi verification otp share karo,1
share the otp received,1
send otp immediately,1
aadhaar otp 483729 for update,0
irctc otp 674182 for pnr,0
your otp is 123456 for login,0
hdfc login otp bhej do,1
hdfc credit card otp 927463,0
otp bhej do abhi,1
jaldi otp bhej na,1
otp bhej do abhi,1
sbi net banking otp 836471,0
icici transaction otp send,1
sbi net banking otp 836471,0
gpay login otp 159264,0
gpay login otp 159264,0
aadhaar otp 483729 for update,0
share otp to 9876543210,1
irctc otp 674182 for pnr,0
sbi net banking otp 836471,0
sbi net banking otp 836471,0
aadhaar otp 483729 for update,0
hdfc credit card otp 927463,0
gpay login otp 159264,0
otp forward kar bhai,1
hdfc login otp bhej do,1
phonepe otp sent to this number,0
upi verification otp share karo,1
your otp is 123456 for login,0
share otp or account blocked,1
phonepe otp sent to this number,0
otp forward kar bhai,1
share otp fast,1
phonepe otp sent to this number,0
otp bhej do abhi,1
your otp is 123456 for login,0
hdfc credit card otp 927463,0
icici transaction otp send,1
otp to 9123456789@ybl,1
sbi otp share karo verify,1
send otp on this number,1
give otp to verify account,1
icici transaction otp send,1
otp forward kar bhai,1
hdfc login otp bhej do,1
irctc otp 674182 for pnr,0
aadhaar otp 483729 for update,0
otp to 9123456789@ybl,1
give otp to verify account,1
share otp fast,1
send otp immediately,1
phonepe otp sent to this number,0
gpay login otp 159264,0
share otp to 9876543210,1
phonepe otp sent to this number,0
share the otp received,1
transaction otp 748392 valid 5 mins,0
share otp to 9876543210,1
irctc otp 674182 for pnr,0
gpay login otp 159264,0
share otp fast,1
gpay login otp 159264,0
share otp or account blocked,1
share your otp to 899900,1
irctc otp 674182 for pnr,0
immediately otp share karo,1
share otp or account blocked,1
otp forward kar bhai,1
share your otp to 899900,1
otp nahi doge to bank band,1
hdfc login otp bhej do,1
share upi otp to complete,1
icici transaction otp send,1
sbi net banking otp 836471,0
share the otp received,1
transaction otp 748392 valid 5 mins,0
send otp immediately,1
phonepe otp sent to this number,0
phonepe otp sent to this number,0
transaction otp 748392 valid 5 mins,0
transaction otp 748392 valid 5 mins,0
your otp is 123456 for login,0
give otp to verify account,1
share the otp received,1
aadhaar otp 483729 for update,0
aadhaar otp 483729 for update,0
aadhaar otp 483729 for update,0
share otp to 9876543210,1
share upi otp to complete,1
your otp is 123456 for login,0
aadhaar otp 483729 for update,0
hdfc credit card otp 927463,0
share upi otp to complete,1
send otp on this number,1
immediately otp share karo,1
aadhaar otp 483729 for update,0
your otp is 123456 for login,0
transaction otp 748392 valid 5 mins,0
send upi transaction otp,1
hdfc credit card otp 927463,0
share the otp received,1
irctc otp 674182 for pnr,0
share upi otp to complete,1
your otp is 123456 for login,0
hdfc credit card otp 927463,0
your otp is 123456 for login,0
hdfc credit card otp 927463,0
gpay login otp 159264,0
give otp to verify account,1
share upi otp to complete,1
send otp immediately,1
your otp is 123456 for login,0
icici transaction otp send,1
transaction otp 748392 valid 5 mins,0
share otp to 9876543210,1
transaction otp 748392 valid 5 mins,0
bhai otp share kar do,1
aadhaar otp 483729 for update,0
aadhaar otp 483729 for update,0
hdfc credit card otp 927463,0
hdfc credit card otp 927463,0
irctc otp 674182 for pnr,0
sbi otp share karo verify,1
transaction otp 748392 valid 5 mins,0
share your otp to 899900,1
your otp is 123456 for login,0
sbi otp share karo verify,1
jaldi otp bhej na,1
send upi transaction otp,1
immediately otp share karo,1
your otp is 123456 for login,0
phonepe otp sent to this number,0
otp forward kar bhai,1
give otp to verify account,1
sbi net banking otp 836471,0
send upi transaction otp,1
hdfc credit card otp 927463,0
your otp is 123456 for login,0
aadhaar otp 483729 for update,0
sbi net banking otp 836471,0
aadhaar otp 483729 for update,0
transaction otp 748392 valid 5 mins,0
otp nahi doge to bank band,1
gpay login otp 159264,0
transaction otp 748392 valid 5 mins,0
bhai otp share kar do,1
irctc otp 674182 for pnr,0
hdfc credit card otp 927463,0
otp forward kar bhai,1
hdfc credit card otp 927463,0
transaction otp 748392 valid 5 mins,0
otp to 9123456789@ybl,1
send otp on this number,1
transaction otp 748392 valid 5 mins,0
sbi otp share karo verify,1
share otp to 9876543210,1
phonepe otp sent to this number,0
share otp or account blocked,1
irctc otp 674182 for pnr,0
sbi otp share karo verify,1
share otp fast,1
send otp immediately,1
your otp is 123456 for login,0
share otp or account blocked,1
aadhaar otp 483729 for update,0
otp bhej do abhi,1
share otp or account blocked,1
gpay login otp 159264,0
send otp immediately,1
your otp is 123456 for login,0
your otp is 123456 for login,0
bhai otp share kar do,1
immediately otp share karo,1
otp forward kar bhai,1
give otp to verify account,1
phonepe otp sent to this number,0
jaldi otp bhej na,1
gpay login otp 159264,0
immediately otp share karo,1
share your otp to 899900,1
sbi otp share karo verify,1
share otp to 9876543210,1
aadhaar otp 483729 for update,0
share upi otp to complete,1
share your otp to 899900,1
hdfc credit card otp 927463,0
share the otp received,1
sbi otp share karo verify,1
share otp to 9876543210,1
share the otp received,1
sbi otp share karo verify,1
otp bhej do abhi,1
bhai otp share kar do,1
transaction otp 748392 valid 5 mins,0
otp forward kar bhai,1
share otp to 9876543210,1
transaction otp 748392 valid 5 mins,0
sbi net banking otp 836471,0
phonepe otp sent to this number,0
aadhaar otp 483729 for update,0
sbi net banking otp 836471,0
immediately otp share karo,1
otp to 9123456789@ybl,1
immediately otp share karo,1
otp forward kar bhai,1
irctc otp 674182 for pnr,0
give otp to verify account,1
irctc otp 674182 for pnr,0
sbi net banking otp 836471,0
hdfc login otp bhej do,1
share otp to 9876543210,1
send otp on this number,1
gpay login otp 159264,0
share upi otp to complete,1
otp to 9123456789@ybl,1
sbi net banking otp 836471,0
irctc otp 674182 for pnr,0
hdfc credit card otp 927463,0
share upi otp to complete,1
gpay login otp 159264,0
share otp fast,1
otp bhej do abhi,1
share otp or account blocked,1
sbi net banking otp 836471,0
gpay login otp 159264,0
sbi net banking otp 836471,0
share otp or account blocked,1
jaldi otp bhej na,1
send otp immediately,1
share the otp received,1
aadhaar otp 483729 for update,0
upi verification otp share karo,1
share otp to 9876543210,1
phonepe otp sent to this number,0
send upi transaction otp,1
your otp is 123456 for login,0
sbi net banking otp 836471,0
sbi net banking otp 836471,0
transaction otp 748392 valid 5 mins,0
give otp to verify account,1
aadhaar otp 483729 for update,0
send otp on this number,1
irctc otp 674182 for pnr,0
phonepe otp sent to this number,0
sbi net banking otp 836471,0
your otp is 123456 for login,0
hdfc credit card otp 927463,0
your otp is 123456 for login,0
share upi otp to complete,1
aadhaar otp 483729 for update,0
sbi net banking otp 836471,0
gpay login otp 159264,0
share otp fast,1
transaction otp 748392 valid 5 mins,0
hdfc credit card otp 927463,0
transaction otp 748392 valid 5 mins,0
aadhaar otp 483729 for update,0
send otp on this number,1
icici transaction otp send,1
gpay login otp 159264,0
bhai otp share kar do,1
irctc otp 674182 for pnr,0
send otp immediately,1
share upi otp to complete,1
hdfc credit card otp 927463,0
hdfc credit card otp 927463,0
hdfc login otp bhej do,1
share otp or account blocked,1
share otp fast,1
jaldi otp bhej na,1
irctc otp 674182 for pnr,0
aadhaar otp 483729 for update,0
otp to 9123456789@ybl,1
your otp is 123456 for login,0
sbi net banking otp 836471,0
phonepe otp sent to this number,0
sbi net banking otp 836471,0
otp bhej do abhi,1
send otp on this number,1
hdfc credit card otp 927463,0
upi verification otp share karo,1
gpay login otp 159264,0
hdfc credit card otp 927463,0
sbi otp share karo verify,1
transaction otp 748392 valid 5 mins,0
upi verification otp share karo,1
transaction otp 748392 valid 5 mins,0
transaction otp 748392 valid 5 mins,0
phonepe otp sent to this number,0
send upi transaction otp,1
immediately otp share karo,1
jaldi otp bhej na,1
transaction otp 748392 valid 5 mins,0
share otp fast,1
phonepe otp sent to this number,0
share otp fast,1
your otp is 123456 for login,0
transaction otp 748392 valid 5 mins,0
phonepe otp sent to this number,0
otp forward kar bhai,1
send otp immediately,1
sbi net banking otp 836471,0
share otp to 9876543210,1
share otp or account blocked,1
phonepe otp sent to this number,0
phonepe otp sent to this number,0
your otp is 123456 for login,0
jaldi otp bhej na,1
icici transaction otp send,1
gpay login otp 159264,0
aadhaar otp 483729 for update,0
aadhaar otp 483729 for update,0
irctc otp 674182 for pnr,0
send upi transaction otp,1
sbi net banking otp 836471,0
otp nahi doge to bank band,1
jaldi otp bhej na,1
give otp to verify account,1
share upi otp to complete,1
share upi otp to complete,1
phonepe otp sent to this number,0
share the otp received,1
your otp is 123456 for login,0
otp bhej do abhi,1
otp forward kar bhai,1
irctc otp 674182 for pnr,0
otp bhej do abhi,1
share otp or account blocked,1
gpay login otp 159264,0
bhai otp share kar do,1
your otp is 123456 for login,0
give otp to verify account,1
share the otp received,1
otp to 9123456789@ybl,1
phonepe otp sent to this number,0
aadhaar otp 483729 for update,0
hdfc login otp bhej do,1
share otp to 9876543210,1
transaction otp 748392 valid 5 mins,0
hdfc login otp bhej do,1
transaction otp 748392 valid 5 mins,0
hdfc credit card otp 927463,0
otp nahi doge to bank band,1
aadhaar otp 483729 for update,0
gpay login otp 159264,0
irctc otp 674182 for pnr,0
share otp or account blocked,1
transaction otp 748392 valid 5 mins,0
otp nahi doge to bank band,1
hdfc login otp bhej do,1
send otp immediately,1
phonepe otp sent to this number,0
transaction otp 748392 valid 5 mins,0
send otp immediately,1
upi verification otp share karo,1
transaction otp 748392 valid 5 mins,0
aadhaar otp 483729 for update,0
sbi net banking otp 836471,0
otp nahi doge to bank band,1
otp bhej do abhi,1
irctc otp 674182 for pnr,0
aadhaar otp 483729 for update,0
otp bhej do abhi,1
your otp is 123456 for login,0
otp nahi doge to bank band,1
share otp to 9876543210,1
your otp is 123456 for login,0
sbi net banking otp 836471,0
aadhaar otp 483729 for update,0
hdfc credit card otp 927463,0
share upi otp to complete,1
share your otp to 899900,1
give otp to verify account,1
aadhaar otp 483729 for update,0
send upi transaction otp,1
jaldi otp bhej na,1
irctc otp 674182 for pnr,0
bhai otp share kar do,1
send upi transaction otp,1
sbi net banking otp 836471,0
jaldi otp bhej na,1
your otp is 123456 for login,0
gpay login otp 159264,0
otp to 9123456789@ybl,1
bhai otp share kar do,1
hdfc login otp bhej do,1
otp bhej do abhi,1
irctc otp 674182 for pnr,0
sbi net banking otp 836471,0
share otp fast,1
your otp is 123456 for login,0
share upi otp to complete,1
aadhaar otp 483729 for update,0
bhai otp share kar do,1
sbi net banking otp 836471,0
immediately otp share karo,1
otp forward kar bhai,1
send otp on this number,1
upi verification otp share karo,1
sbi otp share karo verify,1
aadhaar otp 483729 for update,0
hdfc credit card otp 927463,0
otp forward kar bhai,1
share the otp received,1
phonepe otp sent to this number,0
aadhaar otp 483729 for update,0
transaction otp 748392 valid 5 mins,0
share upi otp to complete,1
send upi transaction otp,1
sbi net banking otp 836471,0
otp forward kar bhai,1
your otp is 123456 for login,0
transaction otp 748392 valid 5 mins,0
hdfc credit card otp 927463,0
hdfc login otp bhej do,1
sbi otp share karo verify,1
transaction otp 748392 valid 5 mins,0
send upi transaction otp,1
your otp is 123456 for login,0
sbi otp share karo verify,1
give otp to verify account,1
share the otp received,1
aadhaar otp 483729 for update,0
icici transaction otp send,1
aadhaar otp 483729 for update,0
aadhaar otp 483729 for update,0
share otp or account blocked,1
icici transaction otp send,1
transaction otp 748392 valid 5 mins,0
give otp to verify account,1
sbi net banking otp 836471,0
phonepe otp sent to this number,0
aadhaar otp 483729 for update,0
sbi net banking otp 836471,0
transaction otp 748392 valid 5 mins,0
transaction otp 748392 valid 5 mins,0
your otp is 123456 for login,0
otp nahi doge to bank band,1
share your otp to 899900,1
upi verification otp share karo,1
share upi otp to complete,1
sbi net banking otp 836471,0
aadhaar otp 483729 for update,0
share otp fast,1
bhai otp share kar do,1
irctc otp 674182 for pnr,0
share upi otp to complete,1
phonepe otp sent to this number,0
otp bhej do abhi,1
otp to 9123456789@ybl,1
irctc otp 674182 for pnr,0
aadhaar otp 483729 for update,0
otp forward kar bhai,1
share the otp received,1
hdfc login otp bhej do,1
phonepe otp sent to this number,0
send upi transaction otp,1
sbi otp share karo verify,1
hdfc credit card otp 927463,0
upi verification otp share karo,1
hdfc credit card otp 927463,0
irctc otp 674182 for pnr,0
your otp is 123456 for login,0
aadhaar otp 483729 for update,0
hdfc credit card otp 927463,0
immediately otp share karo,1
share otp or account blocked,1
share otp to 9876543210,1
hdfc login otp bhej do,1
share the otp received,1
otp bhej do abhi,1
gpay login otp 159264,0
irctc otp 674182 for pnr,0
otp to 9123456789@ybl,1
bhai otp share kar do,1
icici transaction otp send,1
bhai otp share kar do,1
phonepe otp sent to this number,0
give otp to verify account,1
hdfc credit card otp 927463,0
give otp to verify account,1
your otp is 123456 for login,0
hdfc login otp bhej do,1
otp nahi doge to bank band,1
send otp immediately,1
irctc otp 674182 for pnr,0
aadhaar otp 483729 for update,0
phonepe otp sent to this number,0
hdfc login otp bhej do,1
hdfc credit card otp 927463,0
sbi net banking otp 836471,0
jaldi otp bhej na,1
aadhaar otp 483729 for update,0
your otp is 123456 for login,0
jaldi otp bhej na,1
phonepe otp sent to this number,0
otp nahi doge to bank band,1
irctc otp 674182 for pnr,0
icici transaction otp send,1
send otp on this number,1
transaction otp 748392 valid 5 mins,0
aadhaar otp 483729 for update,0
send otp immediately,1
share otp fast,1
otp to 9123456789@ybl,1
irctc otp 674182 for pnr,0
share otp or account blocked,1
sbi otp share karo verify,1
jaldi otp bhej na,1
give otp to verify account,1
share otp to 9876543210,1
your otp is 123456 for login,0
share your otp to 899900,1
send otp immediately,1
share otp to 9876543210,1
irctc otp 674182 for pnr,0
share otp or account blocked,1
hdfc credit card otp 927463,0
phonepe otp sent to this number,0
your otp is 123456 for login,0
your otp is 123456 for login,0
upi verification otp share karo,1
irctc otp 674182 for pnr,0
aadhaar otp 483729 for update,0
hdfc credit card otp 927463,0
sbi net banking otp 836471,0
your otp is 123456 for login,0
bhai otp share kar do,1
otp nahi doge to bank band,1
aadhaar otp 483729 for update,0
share otp to 9876543210,1
sbi net banking otp 836471,0
aadhaar otp 483729 for update,0
irctc otp 674182 for pnr,0
phonepe otp sent to this number,0
phonepe otp sent to this number,0
immediately otp share karo,1
hdfc credit card otp 927463,0
bhai otp share kar do,1
phonepe otp sent to this number,0
gpay login otp 159264,0
transaction otp 748392 valid 5 mins,0
icici transaction otp send,1
sbi net banking otp 836471,0
upi verification otp share karo,1
aadhaar otp 483729 for update,0
hdfc credit card otp 927463,0
hdfc credit card otp 927463,0
jaldi otp bhej na,1
otp forward kar bhai,1
otp to 9123456789@ybl,1
share otp fast,1
irctc otp 674182 for pnr,0
bhai otp share kar do,1
share the otp received,1
otp bhej do abhi,1
send otp immediately,1
bhai otp share kar do,1
hdfc credit card otp 927463,0
send otp immediately,1
irctc otp 674182 for pnr,0
share otp to 9876543210,1
otp nahi doge to bank band,1
otp forward kar bhai,1
hdfc credit card otp 927463,0
gpay login otp 159264,0
otp to 9123456789@ybl,1
sbi net banking otp 836471,0
transaction otp 748392 valid 5 mins,0
your otp is 123456 for login,0
phonepe otp sent to this number,0
hdfc credit card otp 927463,0
your otp is 123456 for login,0
share otp or account blocked,1
your otp is 123456 for login,0
share your otp to 899900,1
hdfc credit card otp 927463,0
sbi net banking otp 836471,0
otp bhej do abhi,1
irctc otp 674182 for pnr,0
otp forward kar bhai,1
icici transaction otp send,1
phonepe otp sent to this number,0
gpay login otp 159264,0
irctc otp 674182 for pnr,0
icici transaction otp send,1
transaction otp 748392 valid 5 mins,0
otp bhej do abhi,1
send upi transaction otp,1
icici transaction otp send,1
share upi otp to complete,1
gpay login otp 159264,0
icici transaction otp send,1
otp nahi doge to bank band,1
gpay login otp 159264,0
immediately otp share karo,1
share otp or account blocked,1
sbi net banking otp 836471,0
jaldi otp bhej na,1
phonepe otp sent to this number,0
sbi otp share karo verify,1
bhai otp share kar do,1
transaction otp 748392 valid 5 mins,0
sbi net banking otp 836471,0
share your otp to 899900,1
give otp to verify account,1
your otp is 123456 for login,0
otp bhej do abhi,1
otp forward kar bhai,1
send otp on this number,1
gpay login otp 159264,0
sbi net banking otp 836471,0
phonepe otp sent to this number,0
gpay login otp 159264,0
otp forward kar bhai,1
send upi transaction otp,1
otp nahi doge to bank band,1
share your otp to 899900,1
your otp is 123456 for login,0
irctc otp 674182 for pnr,0
phonepe otp sent to this number,0
bhai otp share kar do,1
sbi net banking otp 836471,0
sbi net banking otp 836471,0
transaction otp 748392 valid 5 mins,0
phonepe otp sent to this number,0
bhai otp share kar do,1
send otp immediately,1
gpay login otp 159264,0
share otp or account blocked,1
sbi otp share karo verify,1
share otp fast,1
otp bhej do abhi,1
aadhaar otp 483729 for update,0
irctc otp 674182 for pnr,0
irctc otp 674182 for pnr,0
share the otp received,1
your otp is 123456 for login,0
sbi net banking otp 836471,0
phonepe otp sent to this number,0
otp to 9123456789@ybl,1
irctc otp 674182 for pnr,0
your otp is 123456 for login,0
sbi net banking otp 836471,0
irctc otp 674182 for pnr,0
your otp is 123456 for login,0
icici transaction otp send,1
share your otp to 899900,1
otp nahi doge to bank band,1
send otp on this number,1
phonepe otp sent to this number,0
share otp fast,1
your otp is 123456 for login,0
jaldi otp bhej na,1
gpay login otp 159264,0
hdfc credit card otp 927463,0
gpay login otp 159264,0
bhai otp share kar do,1
share otp fast,1
share the otp received,1
hdfc credit card otp 927463,0
aadhaar otp 483729 for update,0
sbi net banking otp 836471,0
aadhaar otp 483729 for update,0
gpay login otp 159264,0
hdfc login otp bhej do,1
otp to 9123456789@ybl,1
sbi otp share karo verify,1
icici transaction otp send,1
transaction otp 748392 valid 5 mins,0
otp forward kar bhai,1
phonepe otp sent to this number,0
bhai otp share kar do,1
sbi otp share karo verify,1
gpay login otp 159264,0
share upi otp to complete,1
jaldi otp bhej na,1
share otp or account blocked,1
aadhaar otp 483729 for update,0
icici transaction otp send,1
aadhaar otp 483729 for update,0
transaction otp 748392 valid 5 mins,0
icici transaction otp send,1
share your otp to 899900,1
sbi net banking otp 836471,0
bhai otp share kar do,1
phonepe otp sent to this number,0
share upi otp to complete,1
bhai otp share kar do,1
hdfc credit card otp 927463,0
hdfc credit card otp 927463,0
share otp fast,1
send otp immediately,1
otp bhej do abhi,1
otp forward kar bhai,1
share the otp received,1
bhai otp share kar do,1
aadhaar otp 483729 for update,0
otp bhej do abhi,1
gpay login otp 159264,0
transaction otp 748392 valid 5 mins,0
aadhaar otp 483729 for update,0
sbi otp share karo verify,1
hdfc credit card otp 927463,0
transaction otp 748392 valid 5 mins,0
send otp immediately,1
otp bhej do abhi,1
irctc otp 674182 for pnr,0
hdfc credit card otp 927463,0
immediately otp share karo,1
hdfc login otp bhej do,1
hdfc login otp bhej do,1
transaction otp 748392 valid 5 mins,0
upi verification otp share karo,1
transaction otp 748392 valid 5 mins,0
your otp is 123456 for login,0
immediately otp share karo,1
otp to 9123456789@ybl,1
give otp to verify account,1
gpay login otp 159264,0
otp nahi doge to bank band,1
share your otp to 899900,1
gpay login otp 159264,0
phonepe otp sent to this number,0
aadhaar otp 483729 for update,0
transaction otp 748392 valid 5 mins,0
aadhaar otp 483729 for update,0
hdfc credit card otp 927463,0
bhai otp share kar do,1
transaction otp 748392 valid 5 mins,0
otp bhej do abhi,1
share your otp to 899900,1
upi verification otp share karo,1
otp nahi doge to bank band,1
gpay login otp 159264,0
upi verification otp share karo,1
transaction otp 748392 valid 5 mins,0
immediately otp share karo,1
immediately otp share karo,1
upi verification otp share karo,1
phonepe otp sent to this number,0
aadhaar otp 483729 for update,0
sbi otp share karo verify,1
transaction otp 748392 valid 5 mins,0
send upi transaction otp,1
share otp fast,1
aadhaar otp 483729 for update,0
upi verification otp share karo,1
hdfc credit card otp 927463,0
otp nahi doge to bank band,1
aadhaar otp 483729 for update,0
your otp is 123456 for login,0
aadhaar otp 483729 for update,0
phonepe otp sent to this number,0
otp nahi doge to bank band,1
gpay login otp 159264,0
send otp immediately,1
gpay login otp 159264,0
gpay login otp 159264,0
hdfc credit card otp 927463,0
immediately otp share karo,1
give otp to verify account,1
gpay login otp 159264,0
aadhaar otp 483729 for update,0
otp to 9123456789@ybl,1
jaldi otp bhej na,1
hdfc login otp bhej do,1
send otp on this number,1
phonepe otp sent to this number,0
aadhaar otp 483729 for update,0
hdfc credit card otp 927463,0
hdfc credit card otp 927463,0
share otp fast,1
phonepe otp sent to this number,0
gpay login otp 159264,0
share otp to 9876543210,1
your otp is 123456 for login,0
share your otp to 899900,1
hdfc credit card otp 927463,0
otp nahi doge to bank band,1
transaction otp 748392 valid 5 mins,0
aadhaar otp 483729 for update,0
otp nahi doge to bank band,1
share otp or account blocked,1
aadhaar otp 483729 for update,0
send otp on this number,1
irctc otp 674182 for pnr,0
phonepe otp sent to this number,0
send upi transaction otp,1
gpay login otp 159264,0
upi verification otp share karo,1
otp forward kar bhai,1
phonepe otp sent to this number,0
hdfc credit card otp 927463,0
otp bhej do abhi,1
send upi transaction otp,1
send otp on this number,1
gpay login otp 159264,0
sbi net banking otp 836471,0
immediately otp share karo,1
transaction otp 748392 valid 5 mins,0
jaldi otp bhej na,1
immediately otp share karo,1
sbi net banking otp 836471,0
share your otp to 899900,1
send otp immediately,1
phonepe otp sent to this number,0
hdfc login otp bhej do,1
share the otp received,1
sbi otp share karo verify,1
otp bhej do abhi,1
immediately otp share karo,1
your otp is 123456 for login,0
icici transaction otp send,1
jaldi otp bhej na,1
share upi otp to complete,1
your otp is 123456 for login,0
share your otp to 899900,1
share otp fast,1
share otp to 9876543210,1
aadhaar otp 483729 for update,0
hdfc login otp bhej do,1
aadhaar otp 483729 for update,0
share otp or account blocked,1
transaction otp 748392 valid 5 mins,0
immediately otp share karo,1
transaction otp 748392 valid 5 mins,0
share otp or account blocked,1
your otp is 123456 for login,0
sbi otp share karo verify,1
share your otp to 899900,1
otp nahi doge to bank band,1
share the otp received,1
aadhaar otp 483729 for update,0
share upi otp to complete,1
otp nahi doge to bank band,1
phonepe otp sent to this number,0
irctc otp 674182 for pnr,0
aadhaar otp 483729 for update,0
transaction otp 748392 valid 5 mins,0
transaction otp 748392 valid 5 mins,0
sbi net banking otp 836471,0
share upi otp to complete,1
send otp on this number,1
your otp is 123456 for login,0
otp forward kar bhai,1
otp bhej do abhi,1
send otp immediately,1
jaldi otp bhej na,1
otp forward kar bhai,1
share otp to 9876543210,1
share your otp to 899900,1
share upi otp to complete,1
hdfc credit card otp 927463,0
gpay login otp 159264,0
icici transaction otp send,1
phonepe otp sent to this number,0
send otp on this number,1
otp to 9123456789@ybl,1
otp to 9123456789@ybl,1
share otp to 9876543210,1
hdfc credit card otp 927463,0
upi verification otp share karo,1
aadhaar otp 483729 for update,0
transaction otp 748392 valid 5 mins,0
phonepe otp sent to this number,0
your otp is 123456 for login,0
otp nahi doge to bank band,1
transaction otp 748392 valid 5 mins,0
irctc otp 674182 for pnr,0
irctc otp 674182 for pnr,0
otp nahi doge to bank band,1
irctc otp 674182 for pnr,0
hdfc credit card otp 927463,0
jaldi otp bhej na,1
gpay login otp 159264,0
immediately otp share karo,1
icici transaction otp send,1
share your otp to 899900,1
phonepe otp sent to this number,0
transaction otp 748392 valid 5 mins,0
share upi otp to complete,1
aadhaar otp 483729 for update,0
give otp to verify account,1
share otp to 9876543210,1
irctc otp 674182 for pnr,0
upi verification otp share karo,1
sbi net banking otp 836471,0
send otp immediately,1
sbi net banking otp 836471,0
share upi otp to complete,1
hdfc login otp bhej do,1
immediately otp share karo,1
hdfc credit card otp 927463,0
your otp is 123456 for login,0
hdfc login otp bhej do,1
your otp is 123456 for login,0
otp forward kar bhai,1
give otp to verify account,1
phonepe otp sent to this number,0
transaction otp 748392 valid 5 mins,0
send otp on this number,1
aadhaar otp 483729 for update,0
phonepe otp sent to this number,0
your otp is 123456 for login,0
share the otp received,1
share the otp received,1
share otp to 9876543210,1
irctc otp 674182 for pnr,0
phonepe otp sent to this number,0
give otp to verify account,1
share otp fast,1
irctc otp 674182 for pnr,0
otp nahi doge to bank band,1
jaldi otp bhej na,1
irctc otp 674182 for pnr,0
share otp fast,1
share upi otp to complete,1
irctc otp 674182 for pnr,0
send otp immediately,1
sbi otp share karo verify,1
share upi otp to complete,1
immediately otp share karo,1
transaction otp 748392 valid 5 mins,0
your otp is 123456 for login,0
sbi net banking otp 836471,0
send upi transaction otp,1
send upi transaction otp,1
phonepe otp sent to this number,0
give otp to verify account,1
otp forward kar bhai,1
sbi otp share karo verify,1
share the otp received,1
hdfc credit card otp 927463,0
otp bhej do abhi,1
share otp or account blocked,1
share upi otp to complete,1
aadhaar otp 483729 for update,0
send upi transaction otp,1
send otp on this number,1
irctc otp 674182 for pnr,0
sbi net banking otp 836471,0
aadhaar otp 483729 for update,0
sbi otp share karo verify,1
phonepe otp sent to this number,0
aadhaar otp 483729 for update,0
aadhaar otp 483729 for update,0
share your otp to 899900,1
share otp or account blocked,1
send otp on this number,1
send otp immediately,1
hdfc login otp bhej do,1
jaldi otp bhej na,1
otp to 9123456789@ybl,1
hdfc login otp bhej do,1
aadhaar otp 483729 for update,0
gpay login otp 159264,0
sbi net banking otp 836471,0
hdfc login otp bhej do,1
sbi otp share karo verify,1
irctc otp 674182 for pnr,0
icici transaction otp send,1
share otp fast,1
otp nahi doge to bank band,1
send otp immediately,1
phonepe otp sent to this number,0
share otp to 9876543210,1
transaction otp 748392 valid 5 mins,0
transaction otp 748392 valid 5 mins,0
send otp immediately,1
send otp on this number,1
sbi net banking otp 836471,0
icici transaction otp send,1
sbi net banking otp 836471,0
otp forward kar bhai,1
aadhaar otp 483729 for update,0
send upi transaction otp,1
transaction otp 748392 valid 5 mins,0
gpay login otp 159264,0
phonepe otp sent to this number,0
transaction otp 748392 valid 5 mins,0
gpay login otp 159264,0
aadhaar otp 483729 for update,0
irctc otp 674182 for pnr,0
irctc otp 674182 for pnr,0
hdfc credit card otp 927463,0
hdfc credit card otp 927463,0
phonepe otp sent to this number,0
your otp is 123456 for login,0
phonepe otp sent to this number,0
your otp is 123456 for login,0
send otp on this number,1
hdfc credit card otp 927463,0
irctc otp 674182 for pnr,0
aadhaar otp 483729 for update,0
give otp to verify account,1
icici transaction otp send,1
phonepe otp sent to this number,0
sbi otp share karo verify,1
upi verification otp share karo,1
hdfc credit card otp 927463,0
send otp immediately,1
gpay login otp 159264,0
bhai otp share kar do,1
your otp is 123456 for login,0
immediately otp share karo,1
send otp on this number,1
gpay login otp 159264,0
gpay login otp 159264,0
share otp to 9876543210,1
share otp to 9876543210,1
hdfc login otp bhej do,1
sbi otp share karo verify,1
phonepe otp sent to this number,0
phonepe otp sent to this number,0
aadhaar otp 483729 for update,0
upi verification otp share karo,1
transaction otp 748392 valid 5 mins,0
gpay login otp 159264,0
icici transaction otp send,1
your otp is 123456 for login,0
sbi net banking otp 836471,0
send otp on this number,1
send otp immediately,1
icici transaction otp send,1
aadhaar otp 483729 for update,0
your otp is 123456 for login,0
send otp on this number,1
otp bhej do abhi,1
bhai otp share kar do,1
share otp or account blocked,1
hdfc credit card otp 927463,0
send otp on this number,1
send upi transaction otp,1
otp bhej do abhi,1
aadhaar otp 483729 for update,0
sbi net banking otp 836471,0
irctc otp 674182 for pnr,0
share your otp to 899900,1
hdfc credit card otp 927463,0
hdfc login otp bhej do,1
otp to 9123456789@ybl,1
transaction otp 748392 valid 5 mins,0
otp nahi doge to bank band,1
sbi net banking otp 836471,0
hdfc credit card otp 927463,0
jaldi otp bhej na,1
share your otp to 899900,1
share your otp to 899900,1
send otp immediately,1
otp nahi doge to bank band,1
sbi net banking otp 836471,0
bhai otp share kar do,1
irctc otp 674182 for pnr,0
share your otp to 899900,1
otp nahi doge to bank band,1
your otp is 123456 for login,0
upi verification otp share karo,1
share upi otp to complete,1
gpay login otp 159264,0
your otp is 123456 for login,0
sbi net banking otp 836471,0
give otp to verify account,1
otp forward kar bhai,1
icici transaction otp send,1
share upi otp to complete,1
irctc otp 674182 for pnr,0
share upi otp to complete,1
share otp to 9876543210,1
upi verification otp share karo,1
hdfc credit card otp 927463,0
share otp fast,1
send upi transaction otp,1
irctc otp 674182 for pnr,0
jaldi otp bhej na,1
your otp is 123456 for login,0
hdfc credit card otp 927463,0
immediately otp share karo,1
share otp to 9876543210,1
otp nahi doge to bank band,1
give otp to verify account,1
share upi otp to complete,1
aadhaar otp 483729 for update,0
send otp on this number,1
hdfc login otp bhej do,1
share the otp received,1
bhai otp share kar do,1
send upi transaction otp,1
jaldi otp bhej na,1
transaction otp 748392 valid 5 mins,0
upi verification otp share karo,1
hdfc credit card otp 927463,0
hdfc credit card otp 927463,0
otp bhej do abhi,1
irctc otp 674182 for pnr,0
otp forward kar bhai,1
immediately otp share karo,1
your otp is 123456 for login,0
icici transaction otp send,1
otp bhej do abhi,1
share your otp to 899900,1
share otp to 9876543210,1
otp nahi doge to bank band,1
aadhaar otp 483729 for update,0
irctc otp 674182 for pnr,0
send otp on this number,1
your otp is 123456 for login,0
hdfc credit card otp 927463,0
share upi otp to complete,1
transaction otp 748392 valid 5 mins,0
irctc otp 674182 for pnr,0
sbi otp share karo verify,1
hdfc credit card otp 927463,0
aadhaar otp 483729 for update,0
your otp is 123456 for login,0
transaction otp 748392 valid 5 mins,0
gpay login otp 159264,0
hdfc credit card otp 927463,0
send otp immediately,1
icici transaction otp send,1
send upi transaction otp,1
hdfc login otp bhej do,1
hdfc login otp bhej do,1
otp to 9123456789@ybl,1
share otp fast,1
transaction otp 748392 valid 5 mins,0
aadhaar otp 483729 for update,0
sbi net banking otp 836471,0
gpay login otp 159264,0
otp to 9123456789@ybl,1
gpay login otp 159264,0
give otp to verify account,1
your otp is 123456 for login,0
share your otp to 899900,1
aadhaar otp 483729 for update,0
your otp is 123456 for login,0
transaction otp 748392 valid 5 mins,0
share otp to 9876543210,1
otp forward kar bhai,1
transaction otp 748392 valid 5 mins,0
send otp on this number,1
share your otp to 899900,1
phonepe otp sent to this number,0
irctc otp 674182 for pnr,0
hdfc login otp bhej do,1
icici transaction otp send,1
share upi otp to complete,1
send upi transaction otp,1
share otp fast,1
share the otp received,1
hdfc credit card otp 927463,0
transaction otp 748392 valid 5 mins,0
irctc otp 674182 for pnr,0
irctc otp 674182 for pnr,0
send otp on this number,1
aadhaar otp 483729 for update,0
sbi net banking otp 836471,0
upi verification otp share karo,1
share otp fast,1
otp forward kar bhai,1
share otp to 9876543210,1
share upi otp to complete,1
immediately otp share karo,1
immediately otp share karo,1
share otp fast,1
sbi net banking otp 836471,0
sbi net banking otp 836471,0
irctc otp 674182 for pnr,0
phonepe otp sent to this number,0
transaction otp 748392 valid 5 mins,0
share otp or account blocked,1
transaction otp 748392 valid 5 mins,0
immediately otp share karo,1
gpay login otp 159264,0
HDFC Bank: High risk detected. Verify identity or account blocked: hdfc-verify.com,1
Ola: Cab booked. Driver Rajesh +91 98765 43210 arriving Rampur,0
Axis Bank: FD matured Rs 50000 credited. Acct bal Rs 75234,0
Income Tax Department: ITR refund Rs 7842 pending. Claim at incometax-refund-portal.in,1
Airtel: SIM not linked with Aadhaar. Re-link at airtel-aadhaar.in or service stopped,1
Axis Bank: FD matured Rs 50000 credited. Acct bal Rs 75234,0
Vodafone Idea: Number will deactivate in 24hrs. Submit Aadhaar at vi-aadhaar.in,1
RBI Advisory: Mandatory KYC updation required. Visit rbi-mandkyc.in within 48 hours,1
Income Tax Department: ITR refund Rs 7842 pending. Claim at incometax-refund-portal.in,1
ICICI urgent: KYC documents expired. Update Aadhaar/PAN at icici-kyc.in or account frozen,1
BJPPL: Electricity bill Rs 1245 due 15-Feb. Pay at bjppl.in/pay,0
EPFO: Contribution Rs 1800 credited for Jan 2026,0
PhonePe transaction OTP: 836471,0
PhonePe Rs 501 overcharged. Refund Rs 5100 to refund@phonepe,1
Jio: Mandatory Aadhaar verification pending. Complete at jio-aadhaar.in,1
HDFC UPI: Rs 499 debited to abc@paytm. Merchant: Amazon. Date: 04-Feb-26,0
SBI: Rs 2500 credited to Acct No. XXXXX1234. Balance Rs 15234. Ref: 987654321,0
Income Tax Department: ITR refund Rs 7842 pending. Claim at incometax-refund-portal.in,1
GPay login OTP: 159264. Expires in 5 mins,0
UPI refund of Rs 499 pending. Share transaction PIN to process refund@oksbi,1
Flipkart Big Billion Days: You won Rs 5000 voucher. Redeem before expiry: flipkart-winners.in,1
BJPPL: Electricity bill Rs 1245 due 15-Feb. Pay at bjppl.in/pay,0
Jio lucky draw winner! Claim Rs 10000 recharge: jio-luckydraw.in,1
PhonePe Rs 501 overcharged. Refund Rs 5100 to refund@phonepe,1
Flipkart: Order confirmed #FLK987654321. Expected delivery tomorrow,0
Your OTP is 748392. Valid for 2 minutes. Do not share with anyone,0
Axis Bank: FD matured Rs 50000 credited. Acct bal Rs 75234,0
Airtel: SIM not linked with Aadhaar. Re-link at airtel-aadhaar.in or service stopped,1
Your OTP is 748392. Valid for 2 minutes. Do not share with anyone,0
Accidental UPI payment Rs 100 sent. Return Rs 1000 via UPI refund@paytm,1
HDFC UPI: Rs 499 debited to abc@paytm. Merchant: Amazon. Date: 04-Feb-26,0
PhonePe Rs 501 overcharged. Refund Rs 5100 to refund@phonepe,1
Swiggy: Order #SWG123456 placed successfully. ETA 25 mins,0
BJPPL: Electricity bill Rs 1245 due 15-Feb. Pay at bjppl.in/pay,0
You received Rs 201 by mistake from 9876543210@paytm. Please return Rs 2010 to same UPI,1
Income Tax Department: ITR refund Rs 7842 pending. Claim at incometax-refund-portal.in,1
RBI Advisory: Mandatory KYC updation required. Visit rbi-mandkyc.in within 48 hours,1
Flipkart: Order confirmed #FLK987654321. Expected delivery tomorrow,0
"IRCTC PNR 8567123490 confirmed. Train 12951, Coach S12, Seat 45",0
PNB account will be deactivated. Link mobile number: pnb-mobile-update.in,1
ICICI: Credit card payment Rs 1200 received. Next due: 20-Feb-26,0
You received Rs 201 by mistake from 9876543210@paytm. Please return Rs 2010 to same UPI,1
EPFO: Contribution Rs 1800 credited for Jan 2026,0
HDFC Bank: High risk detected. Verify identity or account blocked: hdfc-verify.com,1
Amazon Pay Rs 999 cashback credited. Minimum Rs 5000 spend required: amazon-cashback.in,1
Your OTP is 748392. Valid for 2 minutes. Do not share with anyone,0
Axis Bank: FD matured Rs 50000 credited. Acct bal Rs 75234,0
PNB account will be deactivated. Link mobile number: pnb-mobile-update.in,1
"IRCTC PNR 8567123490 confirmed. Train 12951, Coach S12, Seat 45",0
RBI Advisory: Mandatory KYC updation required. Visit rbi-mandkyc.in within 48 hours,1
You received Rs 201 by mistake from 9876543210@paytm. Please return Rs 2010 to same UPI,1
Swiggy: Order #SWG123456 placed successfully. ETA 25 mins,0
Airtel: SIM not linked with Aadhaar. Re-link at airtel-aadhaar.in or service stopped,1
ICICI: Credit card payment Rs 1200 received. Next due: 20-Feb-26,0
Amazon Pay Rs 999 cashback credited. Minimum Rs 5000 spend required: amazon-cashback.in,1
Crypto investment: Rs 10000 â†’ Rs 30000 in 7 days. Invest via upi@cryptoind,1
EPFO: Contribution Rs 1800 credited for Jan 2026,0
Accidental UPI payment Rs 100 sent. Return Rs 1000 via UPI refund@paytm,1
Passport Seva: Application status pending. Pay Rs 1500 verification fee at passport-seva.in/pay,1
Flipkart Big Billion Days: You won Rs 5000 voucher. Redeem before expiry: flipkart-winners.in,1
You received Rs 201 by mistake from 9876543210@paytm. Please return Rs 2010 to same UPI,1
GPay login OTP: 159264. Expires in 5 mins,0
Instant loan Rs 50000 approved. Share PAN for disbursement: instantloan.in/approve,1
Aadhaar OTP 927463 sent for address update,0
Passport Seva: Application status pending. Pay Rs 1500 verification fee at passport-seva.in/pay,1
Swiggy refund Rs 299 pending. Share UPI ID for processing,1
Aadhaar OTP 927463 sent for address update,0
Amazon Order #404-1234567-8901234 shipped. Delivery 05-Feb,0
You received Rs 201 by mistake from 9876543210@paytm. Please return Rs 2010 to same UPI,1
Axis Bank: FD matured Rs 50000 credited. Acct bal Rs 75234,0
Income Tax Department: ITR refund Rs 7842 pending. Claim at incometax-refund-portal.in,1
PhonePe Rs 501 overcharged. Refund Rs 5100 to refund@phonepe,1
UPI refund of Rs 499 pending. Share transaction PIN to process refund@oksbi,1
BJPPL: Electricity bill Rs 1245 due 15-Feb. Pay at bjppl.in/pay,0
Swiggy refund Rs 299 pending. Share UPI ID for processing,1
Flipkart: Order confirmed #FLK987654321. Expected delivery tomorrow,0
Flipkart Big Billion Days: You won Rs 5000 voucher. Redeem before expiry: flipkart-winners.in,1
India Post: Parcel held due to Rs 299 customs fee. Pay at indiapost-parcel.in,1
BSES: Electricity connection suspended. Clear Rs 1200 at bses-payment.in,1
You received Rs 201 by mistake from 9876543210@paytm. Please return Rs 2010 to same UPI,1
India Post: Parcel held due to Rs 299 customs fee. Pay at indiapost-parcel.in,1
HDFC Bank: High risk detected. Verify identity or account blocked: hdfc-verify.com,1
Airtel: SIM not linked with Aadhaar. Re-link at airtel-aadhaar.in or service stopped,1
Amazon Pay Rs 999 cashback credited. Minimum Rs 5000 spend required: amazon-cashback.in,1
Accidental UPI payment Rs 100 sent. Return Rs 1000 via UPI refund@paytm,1
HDFC UPI: Rs 499 debited to abc@paytm. Merchant: Amazon. Date: 04-Feb-26,0
Swiggy refund Rs 299 pending. Share UPI ID for processing,1
Accidental UPI payment Rs 100 sent. Return Rs 1000 via UPI refund@paytm,1
SBI: Rs 2500 credited to Acct No. XXXXX1234. Balance Rs 15234. Ref: 987654321,0
Passport Seva: Application status pending. Pay Rs 1500 verification fee at passport-seva.in/pay,1
Swiggy: Order #SWG123456 placed successfully. ETA 25 mins,0
Accidental UPI payment Rs 100 sent. Return Rs 1000 via UPI refund@paytm,1
Aadhaar OTP 927463 sent for address update,0
Ola: Cab booked. Driver Rajesh +91 98765 43210 arriving Rampur,0
Swiggy: Order #SWG123456 placed successfully. ETA 25 mins,0
You received Rs 201 by mistake from 9876543210@paytm. Please return Rs 2010 to same UPI,1
Vodafone Idea: Number will deactivate in 24hrs. Submit Aadhaar at vi-aadhaar.in,1
"IRCTC PNR 8567123490 confirmed. Train 12951, Coach S12, Seat 45",0
EPFO: PF withdrawal Rs 25000 approved. Share bank details at epfo-withdrawal.in,1
Passport Seva: Application status pending. Pay Rs 1500 verification fee at passport-seva.in/pay,1
UPI refund of Rs 499 pending. Share transaction PIN to process refund@oksbi,1
Jio: Mandatory Aadhaar verification pending. Complete at jio-aadhaar.in,1
Instant loan Rs 50000 approved. Share PAN for disbursement: instantloan.in/approve,1
Ola: Cab booked. Driver Rajesh +91 98765 43210 arriving Rampur,0
RBI Advisory: Mandatory KYC updation required. Visit rbi-mandkyc.in within 48 hours,1
Aadhaar OTP 927463 sent for address update,0
UPI refund of Rs 499 pending. Share transaction PIN to process refund@oksbi,1
Flipkart Big Billion Days: You won Rs 5000 voucher. Redeem before expiry: flipkart-winners.in,1
SBI Alert: Account XXXXX6789 suspended. Complete e-KYC within 24hrs at sbi-kyc-update.in,1
Vodafone Idea: Number will deactivate in 24hrs. Submit Aadhaar at vi-aadhaar.in,1
Ola: Cab booked. Driver Rajesh +91 98765 43210 arriving Rampur,0
Your OTP is 748392. Valid for 2 minutes. Do not share with anyone,0
UPI refund of Rs 499 pending. Share transaction PIN to process refund@oksbi,1
SBI Alert: Account XXXXX6789 suspended. Complete e-KYC within 24hrs at sbi-kyc-update.in,1
ICICI urgent: KYC documents expired. Update Aadhaar/PAN at icici-kyc.in or account frozen,1
Your OTP is 748392. Valid for 2 minutes. Do not share with anyone,0
PhonePe transaction OTP: 836471,0
Aadhaar OTP 927463 sent for address update,0
Flipkart Big Billion Days: You won Rs 5000 voucher. Redeem before expiry: flipkart-winners.in,1
SBI Alert: Account XXXXX6789 suspended. Complete e-KYC within 24hrs at sbi-kyc-update.in,1
PhonePe transaction OTP: 836471,0
Income Tax Department: ITR refund Rs 7842 pending. Claim at incometax-refund-portal.in,1
EPFO: Contribution Rs 1800 credited for Jan 2026,0
Flipkart Big Billion Days: You won Rs 5000 voucher. Redeem before expiry: flipkart-winners.in,1
PhonePe Rs 501 overcharged. Refund Rs 5100 to refund@phonepe,1
EPFO: PF withdrawal Rs 25000 approved. Share bank details at epfo-withdrawal.in,1
Amazon Order #404-1234567-8901234 shipped. Delivery 05-Feb,0
ICICI: Credit card payment Rs 1200 received. Next due: 20-Feb-26,0
Jio: Mandatory Aadhaar verification pending. Complete at jio-aadhaar.in,1
PNB account will be deactivated. Link mobile number: pnb-mobile-update.in,1
Your GPay transaction Rs 299 failed. Enter UPI PIN at gpay-secure.in/verify,1
Amazon Order #404-1234567-8901234 shipped. Delivery 05-Feb,0
Swiggy refund Rs 299 pending. Share UPI ID for processing,1
GPay login OTP: 159264. Expires in 5 mins,0
"IRCTC PNR 8567123490 confirmed. Train 12951, Coach S12, Seat 45",0
Crypto investment: Rs 10000 â†’ Rs 30000 in 7 days. Invest via upi@cryptoind,1
Accidental UPI payment Rs 100 sent. Return Rs 1000 via UPI refund@paytm,1
Flipkart Big Billion Days: You won Rs 5000 voucher. Redeem before expiry: flipkart-winners.in,1
SBI Alert: Account XXXXX6789 suspended. Complete e-KYC within 24hrs at sbi-kyc-update.in,1
HDFC UPI: Rs 499 debited to abc@paytm. Merchant: Amazon. Date: 04-Feb-26,0
Your OTP is 748392. Valid for 2 minutes. Do not share with anyone,0
You received Rs 201 by mistake from 9876543210@paytm. Please return Rs 2010 to same UPI,1
PhonePe Rs 501 overcharged. Refund Rs 5100 to refund@phonepe,1
PNB account will be deactivated. Link mobile number: pnb-mobile-update.in,1
Amazon Order #404-1234567-8901234 shipped. Delivery 05-Feb,0
Swiggy: Order #SWG123456 placed successfully. ETA 25 mins,0
EPFO: Contribution Rs 1800 credited for Jan 2026,0
Axis Bank: FD matured Rs 50000 credited. Acct bal Rs 75234,0
Aadhaar OTP 927463 sent for address update,0
Accidental UPI payment Rs 100 sent. Return Rs 1000 via UPI refund@paytm,1
HDFC UPI: Rs 499 debited to abc@paytm. Merchant: Amazon. Date: 04-Feb-26,0
SBI: Rs 2500 credited to Acct No. XXXXX1234. Balance Rs 15234. Ref: 987654321,0
Axis Bank: FD matured Rs 50000 credited. Acct bal Rs 75234,0
Amazon Order #404-1234567-8901234 shipped. Delivery 05-Feb,0
Amazon Order #404-1234567-8901234 shipped. Delivery 05-Feb,0
PhonePe Rs 501 overcharged. Refund Rs 5100 to refund@phonepe,1
HDFC UPI: Rs 499 debited to abc@paytm. Merchant: Amazon. Date: 04-Feb-26,0
Jio lucky draw winner! Claim Rs 10000 recharge: jio-luckydraw.in,1
HDFC Bank: High risk detected. Verify identity or account blocked: hdfc-verify.com,1
EPFO: Contribution Rs 1800 credited for Jan 2026,0
Airtel: SIM not linked with Aadhaar. Re-link at airtel-aadhaar.in or service stopped,1
"IRCTC PNR 8567123490 confirmed. Train 12951, Coach S12, Seat 45",0
Jio lucky draw winner! Claim Rs 10000 recharge: jio-luckydraw.in,1
SBI: Rs 2500 credited to Acct No. XXXXX1234. Balance Rs 15234. Ref: 987654321,0
Amazon Order #404-1234567-8901234 shipped. Delivery 05-Feb,0
PhonePe transaction OTP: 836471,0
Jio: Mandatory Aadhaar verification pending. Complete at jio-aadhaar.in,1
India Post: Parcel held due to Rs 299 customs fee. Pay at indiapost-parcel.in,1
BSES: Electricity connection suspended. Clear Rs 1200 at bses-payment.in,1
Airtel: SIM not linked with Aadhaar. Re-link at airtel-aadhaar.in or service stopped,1
Axis Bank: FD matured Rs 50000 credited. Acct bal Rs 75234,0
Amazon Order #404-1234567-8901234 shipped. Delivery 05-Feb,0
Axis Bank Notice: Suspicious login from new device. Call 9876543210 share OTP,1
BJPPL: Electricity bill Rs 1245 due 15-Feb. Pay at bjppl.in/pay,0
Swiggy refund Rs 299 pending. Share UPI ID for processing,1
PNB account will be deactivated. Link mobile number: pnb-mobile-update.in,1
Flipkart Big Billion Days: You won Rs 5000 voucher. Redeem before expiry: flipkart-winners.in,1
Flipkart: Order confirmed #FLK987654321. Expected delivery tomorrow,0
Instant loan Rs 50000 approved. Share PAN for disbursement: instantloan.in/approve,1
Flipkart Big Billion Days: You won Rs 5000 voucher. Redeem before expiry: flipkart-winners.in,1
PNB account will be deactivated. Link mobile number: pnb-mobile-update.in,1
HDFC UPI: Rs 499 debited to abc@paytm. Merchant: Amazon. Date: 04-Feb-26,0
India Post: Parcel held due to Rs 299 customs fee. Pay at indiapost-parcel.in,1
You received Rs 201 by mistake from 9876543210@paytm. Please return Rs 2010 to same UPI,1
BSES: Electricity connection suspended. Clear Rs 1200 at bses-payment.in,1
PhonePe transaction OTP: 836471,0
PhonePe transaction OTP: 836471,0
PhonePe transaction OTP: 836471,0
Axis Bank Notice: Suspicious login from new device. Call 9876543210 share OTP,1
Axis Bank Notice: Suspicious login from new device. Call 9876543210 share OTP,1
PNB account will be deactivated. Link mobile number: pnb-mobile-update.in,1
Aadhaar OTP 927463 sent for address update,0
Aadhaar OTP 927463 sent for address update,0
BJPPL: Electricity bill Rs 1245 due 15-Feb. Pay at bjppl.in/pay,0
Axis Bank Notice: Suspicious login from new device. Call 9876543210 share OTP,1
Axis Bank: FD matured Rs 50000 credited. Acct bal Rs 75234,0
SBI: Rs 2500 credited to Acct No. XXXXX1234. Balance Rs 15234. Ref: 987654321,0
Passport Seva: Application status pending. Pay Rs 1500 verification fee at passport-seva.in/pay,1
Crypto investment: Rs 10000 â†’ Rs 30000 in 7 days. Invest via upi@cryptoind,1
EPFO: Contribution Rs 1800 credited for Jan 2026,0
Vodafone Idea: Number will deactivate in 24hrs. Submit Aadhaar at vi-aadhaar.in,1
EPFO: Contribution Rs 1800 credited for Jan 2026,0
India Post: Parcel held due to Rs 299 customs fee. Pay at indiapost-parcel.in,1
ICICI urgent: KYC documents expired. Update Aadhaar/PAN at icici-kyc.in or account frozen,1
Vodafone Idea: Number will deactivate in 24hrs. Submit Aadhaar at vi-aadhaar.in,1
BSES: Electricity connection suspended. Clear Rs 1200 at bses-payment.in,1
Swiggy: Order #SWG123456 placed successfully. ETA 25 mins,0
Jio lucky draw winner! Claim Rs 10000 recharge: jio-luckydraw.in,1
Your GPay transaction Rs 299 failed. Enter UPI PIN at gpay-secure.in/verify,1
SBI: Rs 2500 credited to Acct No. XXXXX1234. Balance Rs 15234. Ref: 987654321,0
Swiggy refund Rs 299 pending. Share UPI ID for processing,1
Swiggy: Order #SWG123456 placed successfully. ETA 25 mins,0
ICICI: Credit card payment Rs 1200 received. Next due: 20-Feb-26,0
BSES: Electricity connection suspended. Clear Rs 1200 at bses-payment.in,1
EPFO: PF withdrawal Rs 25000 approved. Share bank details at epfo-withdrawal.in,1
HDFC UPI: Rs 499 debited to abc@paytm. Merchant: Amazon. Date: 04-Feb-26,0
Airtel: SIM not linked with Aadhaar. Re-link at airtel-aadhaar.in or service stopped,1
India Post: Parcel held due to Rs 299 customs fee. Pay at indiapost-parcel.in,1
Swiggy: Order #SWG123456 placed successfully. ETA 25 mins,0
Jio: Mandatory Aadhaar verification pending. Complete at jio-aadhaar.in,1
India Post: Parcel held due to Rs 299 customs fee. Pay at indiapost-parcel.in,1
Ola: Cab booked. Driver Rajesh +91 98765 43210 arriving Rampur,0
Crypto investment: Rs 10000 â†’ Rs 30000 in 7 days. Invest via upi@cryptoind,1
HDFC Bank: High risk detected. Verify identity or account blocked: hdfc-verify.com,1
GPay login OTP: 159264. Expires in 5 mins,0
RBI Advisory: Mandatory KYC updation required. Visit rbi-mandkyc.in within 48 hours,1
Income Tax Department: ITR refund Rs 7842 pending. Claim at incometax-refund-portal.in,1
Axis Bank Notice: Suspicious login from new device. Call 9876543210 share OTP,1
EPFO: PF withdrawal Rs 25000 approved. Share bank details at epfo-withdrawal.in,1
Flipkart: Order confirmed #FLK987654321. Expected delivery tomorrow,0
ICICI: Credit card payment Rs 1200 received. Next due: 20-Feb-26,0
BJPPL: Electricity bill Rs 1245 due 15-Feb. Pay at bjppl.in/pay,0
Crypto investment: Rs 10000 â†’ Rs 30000 in 7 days. Invest via upi@cryptoind,1
RBI Advisory: Mandatory KYC updation required. Visit rbi-mandkyc.in within 48 hours,1
GPay login OTP: 159264. Expires in 5 mins,0
ICICI urgent: KYC documents expired. Update Aadhaar/PAN at icici-kyc.in or account frozen,1
EPFO: Contribution Rs 1800 credited for Jan 2026,0
PhonePe transaction OTP: 836471,0
ICICI urgent: KYC documents expired. Update Aadhaar/PAN at icici-kyc.in or account frozen,1
Income Tax Department: ITR refund Rs 7842 pending. Claim at incometax-refund-portal.in,1
PhonePe transaction OTP: 836471,0
Your GPay transaction Rs 299 failed. Enter UPI PIN at gpay-secure.in/verify,1
SBI Alert: Account XXXXX6789 suspended. Complete e-KYC within 24hrs at sbi-kyc-update.in,1
Airtel: SIM not linked with Aadhaar. Re-link at airtel-aadhaar.in or service stopped,1
BSES: Electricity connection suspended. Clear Rs 1200 at bses-payment.in,1
Instant loan Rs 50000 approved. Share PAN for disbursement: instantloan.in/approve,1
BSES: Electricity connection suspended. Clear Rs 1200 at bses-payment.in,1
Swiggy refund Rs 299 pending. Share UPI ID for processing,1
Flipkart Big Billion Days: You won Rs 5000 voucher. Redeem before expiry: flipkart-winners.in,1
"IRCTC PNR 8567123490 confirmed. Train 12951, Coach S12, Seat 45",0
"IRCTC PNR 8567123490 confirmed. Train 12951, Coach S12, Seat 45",0
RBI Advisory: Mandatory KYC updation required. Visit rbi-mandkyc.in within 48 hours,1
Aadhaar OTP 927463 sent for address update,0
ICICI: Credit card payment Rs 1200 received. Next due: 20-Feb-26,0
SBI Alert: Account XXXXX6789 suspended. Complete e-KYC within 24hrs at sbi-kyc-update.in,1
Ola: Cab booked. Driver Rajesh +91 98765 43210 arriving Rampur,0
"IRCTC PNR 8567123490 confirmed. Train 12951, Coach S12, Seat 45",0
HDFC UPI: Rs 499 debited to abc@paytm. Merchant: Amazon. Date: 04-Feb-26,0
ICICI: Credit card payment Rs 1200 received. Next due: 20-Feb-26,0
Ola: Cab booked. Driver Rajesh +91 98765 43210 arriving Rampur,0
Swiggy: Order #SWG123456 placed successfully. ETA 25 mins,0
EPFO: Contribution Rs 1800 credited for Jan 2026,0
HDFC UPI: Rs 499 debited to abc@paytm. Merchant: Amazon. Date: 04-Feb-26,0
Flipkart: Order confirmed #FLK987654321. Expected delivery tomorrow,0
Aadhaar OTP 927463 sent for address update,0
UPI refund of Rs 499 pending. Share transaction PIN to process refund@oksbi,1
Amazon Pay Rs 999 cashback credited. Minimum Rs 5000 spend required: amazon-cashback.in,1
Axis Bank: FD matured Rs 50000 credited. Acct bal Rs 75234,0
Passport Seva: Application status pending. Pay Rs 1500 verification fee at passport-seva.in/pay,1
Airtel: SIM not linked with Aadhaar. Re-link at airtel-aadhaar.in or service stopped,1
EPFO: PF withdrawal Rs 25000 approved. Share bank details at epfo-withdrawal.in,1
Ola: Cab booked. Driver Rajesh +91 98765 43210 arriving Rampur,0
Passport Seva: Application status pending. Pay Rs 1500 verification fee at passport-seva.in/pay,1
Vodafone Idea: Number will deactivate in 24hrs. Submit Aadhaar at vi-aadhaar.in,1
Jio: Mandatory Aadhaar verification pending. Complete at jio-aadhaar.in,1
Jio lucky draw winner! Claim Rs 10000 recharge: jio-luckydraw.in,1
Aadhaar OTP 927463 sent for address update,0
Axis Bank Notice: Suspicious login from new device. Call 9876543210 share OTP,1
ICICI urgent: KYC documents expired. Update Aadhaar/PAN at icici-kyc.in or account frozen,1
Your OTP is 748392. Valid for 2 minutes. Do not share with anyone,0
Vodafone Idea: Number will deactivate in 24hrs. Submit Aadhaar at vi-aadhaar.in,1
Ola: Cab booked. Driver Rajesh +91 98765 43210 arriving Rampur,0
Crypto investment: Rs 10000 â†’ Rs 30000 in 7 days. Invest via upi@cryptoind,1
Axis Bank Notice: Suspicious login from new device. Call 9876543210 share OTP,1
EPFO: PF withdrawal Rs 25000 approved. Share bank details at epfo-withdrawal.in,1
BSES: Electricity connection suspended. Clear Rs 1200 at bses-payment.in,1
Flipkart: Order confirmed #FLK987654321. Expected delivery tomorrow,0
Vodafone Idea: Number will deactivate in 24hrs. Submit Aadhaar at vi-aadhaar.in,1
Amazon Order #404-1234567-8901234 shipped. Delivery 05-Feb,0
BSES: Electricity connection suspended. Clear Rs 1200 at bses-payment.in,1
Axis Bank: FD matured Rs 50000 credited. Acct bal Rs 75234,0
PhonePe transaction OTP: 836471,0
Passport Seva: Application status pending. Pay Rs 1500 verification fee at passport-seva.in/pay,1
Amazon Pay Rs 999 cashback credited. Minimum Rs 5000 spend required: amazon-cashback.in,1
GPay login OTP: 159264. Expires in 5 mins,0
HDFC UPI: Rs 499 debited to abc@paytm. Merchant: Amazon. Date: 04-Feb-26,0
Amazon Pay Rs 999 cashback credited. Minimum Rs 5000 spend required: amazon-cashback.in,1
SBI Alert: Account XXXXX6789 suspended. Complete e-KYC within 24hrs at sbi-kyc-update.in,1
Your OTP is 748392. Valid for 2 minutes. Do not share with anyone,0
Amazon Pay Rs 999 cashback credited. Minimum Rs 5000 spend required: amazon-cashback.in,1
India Post: Parcel held due to Rs 299 customs fee. Pay at indiapost-parcel.in,1
You received Rs 201 by mistake from 9876543210@paytm. Please return Rs 2010 to same UPI,1
RBI Advisory: Mandatory KYC updation required. Visit rbi-mandkyc.in within 48 hours,1
EPFO: Contribution Rs 1800 credited for Jan 2026,0
UPI refund of Rs 499 pending. Share transaction PIN to process refund@oksbi,1
GPay login OTP: 159264. Expires in 5 mins,0
GPay login OTP: 159264. Expires in 5 mins,0
SBI: Rs 2500 credited to Acct No. XXXXX1234. Balance Rs 15234. Ref: 987654321,0
Income Tax Department: ITR refund Rs 7842 pending. Claim at incometax-refund-portal.in,1
BJPPL: Electricity bill Rs 1245 due 15-Feb. Pay at bjppl.in/pay,0
Swiggy refund Rs 299 pending. Share UPI ID for processing,1
HDFC Bank: High risk detected. Verify identity or account blocked: hdfc-verify.com,1
GPay login OTP: 159264. Expires in 5 mins,0
Your GPay transaction Rs 299 failed. Enter UPI PIN at gpay-secure.in/verify,1
BJPPL: Electricity bill Rs 1245 due 15-Feb. Pay at bjppl.in/pay,0
Ola: Cab booked. Driver Rajesh +91 98765 43210 arriving Rampur,0
ICICI: Credit card payment Rs 1200 received. Next due: 20-Feb-26,0
Amazon Pay Rs 999 cashback credited. Minimum Rs 5000 spend required: amazon-cashback.in,1
"IRCTC PNR 8567123490 confirmed. Train 12951, Coach S12, Seat 45",0
HDFC UPI: Rs 499 debited to abc@paytm. Merchant: Amazon. Date: 04-Feb-26,0
EPFO: PF withdrawal Rs 25000 approved. Share bank details at epfo-withdrawal.in,1
Flipkart Big Billion Days: You won Rs 5000 voucher. Redeem before expiry: flipkart-winners.in,1
Your OTP is 748392. Valid for 2 minutes. Do not share with anyone,0
SBI Alert: Account XXXXX6789 suspended. Complete e-KYC within 24hrs at sbi-kyc-update.in,1
Jio lucky draw winner! Claim Rs 10000 recharge: jio-luckydraw.in,1
Passport Seva: Application status pending. Pay Rs 1500 verification fee at passport-seva.in/pay,1
ICICI urgent: KYC documents expired. Update Aadhaar/PAN at icici-kyc.in or account frozen,1
Your GPay transaction Rs 299 failed. Enter UPI PIN at gpay-secure.in/verify,1
Swiggy: Order #SWG123456 placed successfully. ETA 25 mins,0
GPay login OTP: 159264. Expires in 5 mins,0
Your GPay transaction Rs 299 failed. Enter UPI PIN at gpay-secure.in/verify,1
PhonePe transaction OTP: 836471,0
India Post: Parcel held due to Rs 299 customs fee. Pay at indiapost-parcel.in,1
Amazon Order #404-1234567-8901234 shipped. Delivery 05-Feb,0
GPay login OTP: 159264. Expires in 5 mins,0
Swiggy refund Rs 299 pending. Share UPI ID for processing,1
Vodafone Idea: Number will deactivate in 24hrs. Submit Aadhaar at vi-aadhaar.in,1
BJPPL: Electricity bill Rs 1245 due 15-Feb. Pay at bjppl.in/pay,0
Jio lucky draw winner! Claim Rs 10000 recharge: jio-luckydraw.in,1
Swiggy: Order #SWG123456 placed successfully. ETA 25 mins,0
UPI refund of Rs 499 pending. Share transaction PIN to process refund@oksbi,1
Your GPay transaction Rs 299 failed. Enter UPI PIN at gpay-secure.in/verify,1
Accidental UPI payment Rs 100 sent. Return Rs 1000 via UPI refund@paytm,1
Ola: Cab booked. Driver Rajesh +91 98765 43210 arriving Rampur,0
Instant loan Rs 50000 approved. Share PAN for disbursement: instantloan.in/approve,1
Amazon Order #404-1234567-8901234 shipped. Delivery 05-Feb,0
EPFO: PF withdrawal Rs 25000 approved. Share bank details at epfo-withdrawal.in,1
Jio lucky draw winner! Claim Rs 10000 recharge: jio-luckydraw.in,1
Income Tax Department: ITR refund Rs 7842 pending. Claim at incometax-refund-portal.in,1
Amazon Pay Rs 999 cashback credited. Minimum Rs 5000 spend required: amazon-cashback.in,1
Aadhaar OTP 927463 sent for address update,0
HDFC UPI: Rs 499 debited to abc@paytm. Merchant: Amazon. Date: 04-Feb-26,0
Axis Bank: FD matured Rs 50000 credited. Acct bal Rs 75234,0
"IRCTC PNR 8567123490 confirmed. Train 12951, Coach S12, Seat 45",0
ICICI urgent: KYC documents expired. Update Aadhaar/PAN at icici-kyc.in or account frozen,1
Flipkart: Order confirmed #FLK987654321. Expected delivery tomorrow,0
GPay login OTP: 159264. Expires in 5 mins,0
BJPPL: Electricity bill Rs 1245 due 15-Feb. Pay at bjppl.in/pay,0
Crypto investment: Rs 10000 â†’ Rs 30000 in 7 days. Invest via upi@cryptoind,1
Jio: Mandatory Aadhaar verification pending. Complete at jio-aadhaar.in,1
Your OTP is 748392. Valid for 2 minutes. Do not share with anyone,0
Axis Bank Notice: Suspicious login from new device. Call 9876543210 share OTP,1
SBI: Rs 2500 credited to Acct No. XXXXX1234. Balance Rs 15234. Ref: 987654321,0
Your OTP is 748392. Valid for 2 minutes. Do not share with anyone,0
PhonePe Rs 501 overcharged. Refund Rs 5100 to refund@phonepe,1
Income Tax Department: ITR refund Rs 7842 pending. Claim at incometax-refund-portal.in,1
EPFO: PF withdrawal Rs 25000 approved. Share bank details at epfo-withdrawal.in,1
Your OTP is 748392. Valid for 2 minutes. Do not share with anyone,0
India Post: Parcel held due to Rs 299 customs fee. Pay at indiapost-parcel.in,1
Flipkart Big Billion Days: You won Rs 5000 voucher. Redeem before expiry: flipkart-winners.in,1
SBI Alert: Account XXXXX6789 suspended. Complete e-KYC within 24hrs at sbi-kyc-update.in,1
PhonePe transaction OTP: 836471,0
GPay login OTP: 159264. Expires in 5 mins,0
Swiggy: Order #SWG123456 placed successfully. ETA 25 mins,0
ICICI: Credit card payment Rs 1200 received. Next due: 20-Feb-26,0
BJPPL: Electricity bill Rs 1245 due 15-Feb. Pay at bjppl.in/pay,0
BSES: Electricity connection suspended. Clear Rs 1200 at bses-payment.in,1
Jio: Mandatory Aadhaar verification pending. Complete at jio-aadhaar.in,1
Flipkart: Order confirmed #FLK987654321. Expected delivery tomorrow,0
Crypto investment: Rs 10000 â†’ Rs 30000 in 7 days. Invest via upi@cryptoind,1
PNB account will be deactivated. Link mobile number: pnb-mobile-update.in,1
"IRCTC PNR 8567123490 confirmed. Train 12951, Coach S12, Seat 45",0
ICICI: Credit card payment Rs 1200 received. Next due: 20-Feb-26,0
Jio: Mandatory Aadhaar verification pending. Complete at jio-aadhaar.in,1
PNB account will be deactivated. Link mobile number: pnb-mobile-update.in,1
Your OTP is 748392. Valid for 2 minutes. Do not share with anyone,0
HDFC UPI: Rs 499 debited to abc@paytm. Merchant: Amazon. Date: 04-Feb-26,0
Axis Bank: FD matured Rs 50000 credited. Acct bal Rs 75234,0
Income Tax Department: ITR refund Rs 7842 pending. Claim at incometax-refund-portal.in,1
"IRCTC PNR 8567123490 confirmed. Train 12951, Coach S12, Seat 45",0
GPay login OTP: 159264. Expires in 5 mins,0
PNB account will be deactivated. Link mobile number: pnb-mobile-update.in,1
PhonePe Rs 501 overcharged. Refund Rs 5100 to refund@phonepe,1
Instant loan Rs 50000 approved. Share PAN for disbursement: instantloan.in/approve,1
PNB account will be deactivated. Link mobile number: pnb-mobile-update.in,1
BJPPL: Electricity bill Rs 1245 due 15-Feb. Pay at bjppl.in/pay,0
HDFC UPI: Rs 499 debited to abc@paytm. Merchant: Amazon. Date: 04-Feb-26,0
PhonePe Rs 501 overcharged. Refund Rs 5100 to refund@phonepe,1
HDFC UPI: Rs 499 debited to abc@paytm. Merchant: Amazon. Date: 04-Feb-26,0
Instant loan Rs 50000 approved. Share PAN for disbursement: instantloan.in/approve,1
SBI: Rs 2500 credited to Acct No. XXXXX1234. Balance Rs 15234. Ref: 987654321,0
Axis Bank Notice: Suspicious login from new device. Call 9876543210 share OTP,1
Passport Seva: Application status pending. Pay Rs 1500 verification fee at passport-seva.in/pay,1
Amazon Pay Rs 999 cashback credited. Minimum Rs 5000 spend required: amazon-cashback.in,1
Income Tax Department: ITR refund Rs 7842 pending. Claim at incometax-refund-portal.in,1
ICICI: Credit card payment Rs 1200 received. Next due: 20-Feb-26,0
Income Tax Department: ITR refund Rs 7842 pending. Claim at incometax-refund-portal.in,1
SBI Alert: Account XXXXX6789 suspended. Complete e-KYC within 24hrs at sbi-kyc-update.in,1
UPI refund of Rs 499 pending. Share transaction PIN to process refund@oksbi,1
Ola: Cab booked. Driver Rajesh +91 98765 43210 arriving Rampur,0
Your OTP is 748392. Valid for 2 minutes. Do not share with anyone,0
Flipkart Big Billion Days: You won Rs 5000 voucher. Redeem before expiry: flipkart-winners.in,1
Amazon Pay Rs 999 cashback credited. Minimum Rs 5000 spend required: amazon-cashback.in,1
India Post: Parcel held due to Rs 299 customs fee. Pay at indiapost-parcel.in,1
Your GPay transaction Rs 299 failed. Enter UPI PIN at gpay-secure.in/verify,1
Amazon Pay Rs 999 cashback credited. Minimum Rs 5000 spend required: amazon-cashback.in,1
ICICI: Credit card payment Rs 1200 received. Next due: 20-Feb-26,0
India Post: Parcel held due to Rs 299 customs fee. Pay at indiapost-parcel.in,1
Airtel: SIM not linked with Aadhaar. Re-link at airtel-aadhaar.in or service stopped,1
SBI Alert: Account XXXXX6789 suspended. Complete e-KYC within 24hrs at sbi-kyc-update.in,1
Vodafone Idea: Number will deactivate in 24hrs. Submit Aadhaar at vi-aadhaar.in,1
HDFC Bank: High risk detected. Verify identity or account blocked: hdfc-verify.com,1
Aadhaar OTP 927463 sent for address update,0
HDFC Bank: High risk detected. Verify identity or account blocked: hdfc-verify.com,1
SBI Alert: Account XXXXX6789 suspended. Complete e-KYC within 24hrs at sbi-kyc-update.in,1
Amazon Order #404-1234567-8901234 shipped. Delivery 05-Feb,0
Ola: Cab booked. Driver Rajesh +91 98765 43210 arriving Rampur,0
SBI: Rs 2500 credited to Acct No. XXXXX1234. Balance Rs 15234. Ref: 987654321,0
ICICI: Credit card payment Rs 1200 received. Next due: 20-Feb-26,0
BSES: Electricity connection suspended. Clear Rs 1200 at bses-payment.in,1
Flipkart: Order confirmed #FLK987654321. Expected delivery tomorrow,0
PhonePe transaction OTP: 836471,0
RBI Advisory: Mandatory KYC updation required. Visit rbi-mandkyc.in within 48 hours,1
Jio lucky draw winner! Claim Rs 10000 recharge: jio-luckydraw.in,1
Jio: Mandatory Aadhaar verification pending. Complete at jio-aadhaar.in,1
EPFO: Contribution Rs 1800 credited for Jan 2026,0
Passport Seva: Application status pending. Pay Rs 1500 verification fee at passport-seva.in/pay,1
Airtel: SIM not linked with Aadhaar. Re-link at airtel-aadhaar.in or service stopped,1
Swiggy: Order #SWG123456 placed successfully. ETA 25 mins,0
"IRCTC PNR 8567123490 confirmed. Train 12951, Coach S12, Seat 45",0
EPFO: PF withdrawal Rs 25000 approved. Share bank details at epfo-withdrawal.in,1
EPFO: PF withdrawal Rs 25000 approved. Share bank details at epfo-withdrawal.in,1
Flipkart: Order confirmed #FLK987654321. Expected delivery tomorrow,0
"IRCTC PNR 8567123490 confirmed. Train 12951, Coach S12, Seat 45",0
Swiggy: Order #SWG123456 placed successfully. ETA 25 mins,0
Jio: Mandatory Aadhaar verification pending. Complete at jio-aadhaar.in,1
EPFO: PF withdrawal Rs 25000 approved. Share bank details at epfo-withdrawal.in,1
Your OTP is 748392. Valid for 2 minutes. Do not share with anyone,0
Instant loan Rs 50000 approved. Share PAN for disbursement: instantloan.in/approve,1
Vodafone Idea: Number will deactivate in 24hrs. Submit Aadhaar at vi-aadhaar.in,1
Flipkart: Order confirmed #FLK987654321. Expected delivery tomorrow,0
PNB account will be deactivated. Link mobile number: pnb-mobile-update.in,1
HDFC UPI: Rs 499 debited to abc@paytm. Merchant: Amazon. Date: 04-Feb-26,0
GPay login OTP: 159264. Expires in 5 mins,0
GPay login OTP: 159264. Expires in 5 mins,0
Flipkart: Order confirmed #FLK987654321. Expected delivery tomorrow,0
PhonePe transaction OTP: 836471,0
UPI refund of Rs 499 pending. Share transaction PIN to process refund@oksbi,1
Axis Bank Notice: Suspicious login from new device. Call 9876543210 share OTP,1
UPI refund of Rs 499 pending. Share transaction PIN to process refund@oksbi,1
RBI Advisory: Mandatory KYC updation required. Visit rbi-mandkyc.in within 48 hours,1
Crypto investment: Rs 10000 â†’ Rs 30000 in 7 days. Invest via upi@cryptoind,1
ICICI: Credit card payment Rs 1200 received. Next due: 20-Feb-26,0
Ola: Cab booked. Driver Rajesh +91 98765 43210 arriving Rampur,0
RBI Advisory: Mandatory KYC updation required. Visit rbi-mandkyc.in within 48 hours,1
Flipkart Big Billion Days: You won Rs 5000 voucher. Redeem before expiry: flipkart-winners.in,1
Aadhaar OTP 927463 sent for address update,0
Your GPay transaction Rs 299 failed. Enter UPI PIN at gpay-secure.in/verify,1
Swiggy refund Rs 299 pending. Share UPI ID for processing,1
"IRCTC PNR 8567123490 confirmed. Train 12951, Coach S12, Seat 45",0
Jio lucky draw winner! Claim Rs 10000 recharge: jio-luckydraw.in,1
"IRCTC PNR 8567123490 confirmed. Train 12951, Coach S12, Seat 45",0
ICICI urgent: KYC documents expired. Update Aadhaar/PAN at icici-kyc.in or account frozen,1
Jio: Mandatory Aadhaar verification pending. Complete at jio-aadhaar.in,1
PNB account will be deactivated. Link mobile number: pnb-mobile-update.in,1
SBI: Rs 2500 credited to Acct No. XXXXX1234. Balance Rs 15234. Ref: 987654321,0
SBI: Rs 2500 credited to Acct No. XXXXX1234. Balance Rs 15234. Ref: 987654321,0
Axis Bank Notice: Suspicious login from new device. Call 9876543210 share OTP,1
Passport Seva: Application status pending. Pay Rs 1500 verification fee at passport-seva.in/pay,1
PhonePe transaction OTP: 836471,0
Jio lucky draw winner! Claim Rs 10000 recharge: jio-luckydraw.in,1
Swiggy refund Rs 299 pending. Share UPI ID for processing,1
SBI Alert: Account XXXXX6789 suspended. Complete e-KYC within 24hrs at sbi-kyc-update.in,1
Amazon Order #404-1234567-8901234 shipped. Delivery 05-Feb,0
HDFC UPI: Rs 499 debited to abc@paytm. Merchant: Amazon. Date: 04-Feb-26,0
RBI Advisory: Mandatory KYC updation required. Visit rbi-mandkyc.in within 48 hours,1
Amazon Pay Rs 999 cashback credited. Minimum Rs 5000 spend required: amazon-cashback.in,1
Flipkart: Order confirmed #FLK987654321. Expected delivery tomorrow,0
Amazon Order #404-1234567-8901234 shipped. Delivery 05-Feb,0
Your GPay transaction Rs 299 failed. Enter UPI PIN at gpay-secure.in/verify,1
Ola: Cab booked. Driver Rajesh +91 98765 43210 arriving Rampur,0
Income Tax Department: ITR refund Rs 7842 pending. Claim at incometax-refund-portal.in,1
Vodafone Idea: Number will deactivate in 24hrs. Submit Aadhaar at vi-aadhaar.in,1
HDFC Bank: High risk detected. Verify identity or account blocked: hdfc-verify.com,1
Jio lucky draw winner! Claim Rs 10000 recharge: jio-luckydraw.in,1
Crypto investment: Rs 10000 â†’ Rs 30000 in 7 days. Invest via upi@cryptoind,1
Passport Seva: Application status pending. Pay Rs 1500 verification fee at passport-seva.in/pay,1
BJPPL: Electricity bill Rs 1245 due 15-Feb. Pay at bjppl.in/pay,0
UPI refund of Rs 499 pending. Share transaction PIN to process refund@oksbi,1
EPFO: PF withdrawal Rs 25000 approved. Share bank details at epfo-withdrawal.in,1
PhonePe transaction OTP: 836471,0
Axis Bank: FD matured Rs 50000 credited. Acct bal Rs 75234,0
Accidental UPI payment Rs 100 sent. Return Rs 1000 via UPI refund@paytm,1
HDFC Bank: High risk detected. Verify identity or account blocked: hdfc-verify.com,1
HDFC Bank: High risk detected. Verify identity or account blocked: hdfc-verify.com,1
RBI Advisory: Mandatory KYC updation required. Visit rbi-mandkyc.in within 48 hours,1
Jio lucky draw winner! Claim Rs 10000 recharge: jio-luckydraw.in,1
HDFC UPI: Rs 499 debited to abc@paytm. Merchant: Amazon. Date: 04-Feb-26,0
SBI: Rs 2500 credited to Acct No. XXXXX1234. Balance Rs 15234. Ref: 987654321,0
Your OTP is 748392. Valid for 2 minutes. Do not share with anyone,0
India Post: Parcel held due to Rs 299 customs fee. Pay at indiapost-parcel.in,1
Passport Seva: Application status pending. Pay Rs 1500 verification fee at passport-seva.in/pay,1
Airtel: SIM not linked with Aadhaar. Re-link at airtel-aadhaar.in or service stopped,1
Crypto investment: Rs 10000 â†’ Rs 30000 in 7 days. Invest via upi@cryptoind,1
EPFO: PF withdrawal Rs 25000 approved. Share bank details at epfo-withdrawal.in,1
ICICI urgent: KYC documents expired. Update Aadhaar/PAN at icici-kyc.in or account frozen,1
Jio: Mandatory Aadhaar verification pending. Complete at jio-aadhaar.in,1
SBI: Rs 2500 credited to Acct No. XXXXX1234. Balance Rs 15234. Ref: 987654321,0
Axis Bank Notice: Suspicious login from new device. Call 9876543210 share OTP,1
RBI Advisory: Mandatory KYC updation required. Visit rbi-mandkyc.in within 48 hours,1
Axis Bank: FD matured Rs 50000 credited. Acct bal Rs 75234,0
Axis Bank Notice: Suspicious login from new device. Call 9876543210 share OTP,1
Your OTP is 748392. Valid for 2 minutes. Do not share with anyone,0
Swiggy refund Rs 299 pending. Share UPI ID for processing,1
Instant loan Rs 50000 approved. Share PAN for disbursement: instantloan.in/approve,1
Your OTP is 748392. Valid for 2 minutes. Do not share with anyone,0
Flipkart: Order confirmed #FLK987654321. Expected delivery tomorrow,0
Axis Bank: FD matured Rs 50000 credited. Acct bal Rs 75234,0
Amazon Pay Rs 999 cashback credited. Minimum Rs 5000 spend required: amazon-cashback.in,1
Axis Bank Notice: Suspicious login from new device. Call 9876543210 share OTP,1
Jio lucky draw winner! Claim Rs 10000 recharge: jio-luckydraw.in,1
UPI refund of Rs 499 pending. Share transaction PIN to process refund@oksbi,1
Amazon Order #404-1234567-8901234 shipped. Delivery 05-Feb,0
EPFO: Contribution Rs 1800 credited for Jan 2026,0
Jio: Mandatory Aadhaar verification pending. Complete at jio-aadhaar.in,1
Ola: Cab booked. Driver Rajesh +91 98765 43210 arriving Rampur,0
BJPPL: Electricity bill Rs 1245 due 15-Feb. Pay at bjppl.in/pay,0
Jio lucky draw winner! Claim Rs 10000 recharge: jio-luckydraw.in,1
Aadhaar OTP 927463 sent for address update,0
Accidental UPI payment Rs 100 sent. Return Rs 1000 via UPI refund@paytm,1
SBI: Rs 2500 credited to Acct No. XXXXX1234. Balance Rs 15234. Ref: 987654321,0
UPI refund of Rs 499 pending. Share transaction PIN to process refund@oksbi,1
HDFC UPI: Rs 499 debited to abc@paytm. Merchant: Amazon. Date: 04-Feb-26,0
GPay login OTP: 159264. Expires in 5 mins,0
Flipkart: Order confirmed #FLK987654321. Expected delivery tomorrow,0
Accidental UPI payment Rs 100 sent. Return Rs 1000 via UPI refund@paytm,1
Jio: Mandatory Aadhaar verification pending. Complete at jio-aadhaar.in,1
Ola: Cab booked. Driver Rajesh +91 98765 43210 arriving Rampur,0
Your GPay transaction Rs 299 failed. Enter UPI PIN at gpay-secure.in/verify,1
Aadhaar OTP 927463 sent for address update,0
EPFO: Contribution Rs 1800 credited for Jan 2026,0
India Post: Parcel held due to Rs 299 customs fee. Pay at indiapost-parcel.in,1
Instant loan Rs 50000 approved. Share PAN for disbursement: instantloan.in/approve,1
SBI: Rs 2500 credited to Acct No. XXXXX1234. Balance Rs 15234. Ref: 987654321,0
ICICI: Credit card payment Rs 1200 received. Next due: 20-Feb-26,0
Your OTP is 748392. Valid for 2 minutes. Do not share with anyone,0
EPFO: PF withdrawal Rs 25000 approved. Share bank details at epfo-withdrawal.in,1
You received Rs 201 by mistake from 9876543210@paytm. Please return Rs 2010 to same UPI,1
Aadhaar OTP 927463 sent for address update,0
Airtel: SIM not linked with Aadhaar. Re-link at airtel-aadhaar.in or service stopped,1
SBI: Rs 2500 credited to Acct No. XXXXX1234. Balance Rs 15234. Ref: 987654321,0
Aadhaar OTP 927463 sent for address update,0
EPFO: PF withdrawal Rs 25000 approved. Share bank details at epfo-withdrawal.in,1
Ola: Cab booked. Driver Rajesh +91 98765 43210 arriving Rampur,0
EPFO: Contribution Rs 1800 credited for Jan 2026,0
Instant loan Rs 50000 approved. Share PAN for disbursement: instantloan.in/approve,1
Income Tax Department: ITR refund Rs 7842 pending. Claim at incometax-refund-portal.in,1
Airtel: SIM not linked with Aadhaar. Re-link at airtel-aadhaar.in or service stopped,1
Crypto investment: Rs 10000 â†’ Rs 30000 in 7 days. Invest via upi@cryptoind,1
BJPPL: Electricity bill Rs 1245 due 15-Feb. Pay at bjppl.in/pay,0
Swiggy refund Rs 299 pending. Share UPI ID for processing,1
"IRCTC PNR 8567123490 confirmed. Train 12951, Coach S12, Seat 45",0
Accidental UPI payment Rs 100 sent. Return Rs 1000 via UPI refund@paytm,1
ICICI: Credit card payment Rs 1200 received. Next due: 20-Feb-26,0
SBI Alert: Account XXXXX6789 suspended. Complete e-KYC within 24hrs at sbi-kyc-update.in,1
Accidental UPI payment Rs 100 sent. Return Rs 1000 via UPI refund@paytm,1
Vodafone Idea: Number will deactivate in 24hrs. Submit Aadhaar at vi-aadhaar.in,1
Swiggy: Order #SWG123456 placed successfully. ETA 25 mins,0
PhonePe Rs 501 overcharged. Refund Rs 5100 to refund@phonepe,1
Amazon Order #404-1234567-8901234 shipped. Delivery 05-Feb,0
Ola: Cab booked. Driver Rajesh +91 98765 43210 arriving Rampur,0
Swiggy: Order #SWG123456 placed successfully. ETA 25 mins,0
EPFO: Contribution Rs 1800 credited for Jan 2026,0
Your GPay transaction Rs 299 failed. Enter UPI PIN at gpay-secure.in/verify,1
HDFC Bank: High risk detected. Verify identity or account blocked: hdfc-verify.com,1
Your GPay transaction Rs 299 failed. Enter UPI PIN at gpay-secure.in/verify,1
BJPPL: Electricity bill Rs 1245 due 15-Feb. Pay at bjppl.in/pay,0
You received Rs 201 by mistake from 9876543210@paytm. Please return Rs 2010 to same UPI,1
Aadhaar OTP 927463 sent for address update,0
PhonePe transaction OTP: 836471,0
PhonePe Rs 501 overcharged. Refund Rs 5100 to refund@phonepe,1
Crypto investment: Rs 10000 â†’ Rs 30000 in 7 days. Invest via upi@cryptoind,1
ICICI: Credit card payment Rs 1200 received. Next due: 20-Feb-26,0
GPay login OTP: 159264. Expires in 5 mins,0
PhonePe Rs 501 overcharged. Refund Rs 5100 to refund@phonepe,1
Instant loan Rs 50000 approved. Share PAN for disbursement: instantloan.in/approve,1
"IRCTC PNR 8567123490 confirmed. Train 12951, Coach S12, Seat 45",0
RBI Advisory: Mandatory KYC updation required. Visit rbi-mandkyc.in within 48 hours,1
PhonePe transaction OTP: 836471,0
Swiggy refund Rs 299 pending. Share UPI ID for processing,1
ICICI: Credit card payment Rs 1200 received. Next due: 20-Feb-26,0
Crypto investment: Rs 10000 â†’ Rs 30000 in 7 days. Invest via upi@cryptoind,1
Jio lucky draw winner! Claim Rs 10000 recharge: jio-luckydraw.in,1
Accidental UPI payment Rs 100 sent. Return Rs 1000 via UPI refund@paytm,1
Amazon Order #404-1234567-8901234 shipped. Delivery 05-Feb,0
Flipkart: Order confirmed #FLK987654321. Expected delivery tomorrow,0
You received Rs 201 by mistake from 9876543210@paytm. Please return Rs 2010 to same UPI,1
HDFC Bank: High risk detected. Verify identity or account blocked: hdfc-verify.com,1
EPFO: Contribution Rs 1800 credited for Jan 2026,0
SBI: Rs 2500 credited to Acct No. XXXXX1234. Balance Rs 15234. Ref: 987654321,0
ICICI urgent: KYC documents expired. Update Aadhaar/PAN at icici-kyc.in or account frozen,1
UPI refund of Rs 499 pending. Share transaction PIN to process refund@oksbi,1
ICICI: Credit card payment Rs 1200 received. Next due: 20-Feb-26,0
Swiggy: Order #SWG123456 placed successfully. ETA 25 mins,0
BSES: Electricity connection suspended. Clear Rs 1200 at bses-payment.in,1
Flipkart: Order confirmed #FLK987654321. Expected delivery tomorrow,0
Your GPay transaction Rs 299 failed. Enter UPI PIN at gpay-secure.in/verify,1
BJPPL: Electricity bill Rs 1245 due 15-Feb. Pay at bjppl.in/pay,0
ICICI urgent: KYC documents expired. Update Aadhaar/PAN at icici-kyc.in or account frozen,1
Flipkart Big Billion Days: You won Rs 5000 voucher. Redeem before expiry: flipkart-winners.in,1
Instant loan Rs 50000 approved. Share PAN for disbursement: instantloan.in/approve,1
Flipkart Big Billion Days: You won Rs 5000 voucher. Redeem before expiry: flipkart-winners.in,1
Vodafone Idea: Number will deactivate in 24hrs. Submit Aadhaar at vi-aadhaar.in,1
Swiggy refund Rs 299 pending. Share UPI ID for processing,1
ICICI urgent: KYC documents expired. Update Aadhaar/PAN at icici-kyc.in or account frozen,1
Vodafone Idea: Number will deactivate in 24hrs. Submit Aadhaar at vi-aadhaar.in,1
India Post: Parcel held due to Rs 299 customs fee. Pay at indiapost-parcel.in,1
Crypto investment: Rs 10000 â†’ Rs 30000 in 7 days. Invest via upi@cryptoind,1
SBI: Rs 2500 credited to Acct No. XXXXX1234. Balance Rs 15234. Ref: 987654321,0
"IRCTC PNR 8567123490 confirmed. Train 12951, Coach S12, Seat 45",0
PNB account will be deactivated. Link mobile number: pnb-mobile-update.in,1
"IRCTC PNR 8567123490 confirmed. Train 12951, Coach S12, Seat 45",0
GPay login OTP: 159264. Expires in 5 mins,0
Axis Bank: FD matured Rs 50000 credited. Acct bal Rs 75234,0
Passport Seva: Application status pending. Pay Rs 1500 verification fee at passport-seva.in/pay,1
SBI Alert: Account XXXXX6789 suspended. Complete e-KYC within 24hrs at sbi-kyc-update.in,1
PhonePe transaction OTP: 836471,0
You received Rs 201 by mistake from 9876543210@paytm. Please return Rs 2010 to same UPI,1
Crypto investment: Rs 10000 â†’ Rs 30000 in 7 days. Invest via upi@cryptoind,1
BSES: Electricity connection suspended. Clear Rs 1200 at bses-payment.in,1
You received Rs 201 by mistake from 9876543210@paytm. Please return Rs 2010 to same UPI,1
Amazon Pay Rs 999 cashback credited. Minimum Rs 5000 spend required: amazon-cashback.in,1
Aadhaar OTP 927463 sent for address update,0
EPFO: Contribution Rs 1800 credited for Jan 2026,0
Amazon Order #404-1234567-8901234 shipped. Delivery 05-Feb,0
Amazon Order #404-1234567-8901234 shipped. Delivery 05-Feb,0
Airtel: SIM not linked with Aadhaar. Re-link at airtel-aadhaar.in or service stopped,1
HDFC Bank: High risk detected. Verify identity or account blocked: hdfc-verify.com,1
Flipkart: Order confirmed #FLK987654321. Expected delivery tomorrow,0
Swiggy: Order #SWG123456 placed successfully. ETA 25 mins,0
Swiggy: Order #SWG123456 placed successfully. ETA 25 mins,0
India Post: Parcel held due to Rs 299 customs fee. Pay at indiapost-parcel.in,1
BSES: Electricity connection suspended. Clear Rs 1200 at bses-payment.in,1
HDFC Bank: High risk detected. Verify identity or account blocked: hdfc-verify.com,1
BJPPL: Electricity bill Rs 1245 due 15-Feb. Pay at bjppl.in/pay,0
Airtel: SIM not linked with Aadhaar. Re-link at airtel-aadhaar.in or service stopped,1
PhonePe Rs 501 overcharged. Refund Rs 5100 to refund@phonepe,1
BJPPL: Electricity bill Rs 1245 due 15-Feb. Pay at bjppl.in/pay,0
EPFO: Contribution Rs 1800 credited for Jan 2026,0
Swiggy refund Rs 299 pending. Share UPI ID for processing,1
EPFO: Contribution Rs 1800 credited for Jan 2026,0
GPay login OTP: 159264. Expires in 5 mins,0
Ola: Cab booked. Driver Rajesh +91 98765 43210 arriving Rampur,0
Your OTP is 748392. Valid for 2 minutes. Do not share with anyone,0
PNB account will be deactivated. Link mobile number: pnb-mobile-update.in,1
Jio: Mandatory Aadhaar verification pending. Complete at jio-aadhaar.in,1
ICICI urgent: KYC documents expired. Update Aadhaar/PAN at icici-kyc.in or account frozen,1
PNB account will be deactivated. Link mobile number: pnb-mobile-update.in,1
You received Rs 201 by mistake from 9876543210@paytm. Please return Rs 2010 to same UPI,1
PhonePe Rs 501 overcharged. Refund Rs 5100 to refund@phonepe,1
UPI refund of Rs 499 pending. Share transaction PIN to process refund@oksbi,1
Your GPay transaction Rs 299 failed. Enter UPI PIN at gpay-secure.in/verify,1
Vodafone Idea: Number will deactivate in 24hrs. Submit Aadhaar at vi-aadhaar.in,1
PhonePe Rs 501 overcharged. Refund Rs 5100 to refund@phonepe,1
Amazon Pay Rs 999 cashback credited. Minimum Rs 5000 spend required: amazon-cashback.in,1
SBI Alert: Account XXXXX6789 suspended. Complete e-KYC within 24hrs at sbi-kyc-update.in,1
PhonePe transaction OTP: 836471,0
Instant loan Rs 50000 approved. Share PAN for disbursement: instantloan.in/approve,1
SBI: Rs 2500 credited to Acct No. XXXXX1234. Balance Rs 15234. Ref: 987654321,0
ICICI: Credit card payment Rs 1200 received. Next due: 20-Feb-26,0
HDFC Bank: High risk detected. Verify identity or account blocked: hdfc-verify.com,1
Instant loan Rs 50000 approved. Share PAN for disbursement: instantloan.in/approve,1
RBI Advisory: Mandatory KYC updation required. Visit rbi-mandkyc.in within 48 hours,1
BSES: Electricity connection suspended. Clear Rs 1200 at bses-payment.in,1
Accidental UPI payment Rs 100 sent. Return Rs 1000 via UPI refund@paytm,1
Axis Bank: FD matured Rs 50000 credited. Acct bal Rs 75234,0
Swiggy: Order #SWG123456 placed successfully. ETA 25 mins,0
Accidental UPI payment Rs 100 sent. Return Rs 1000 via UPI refund@paytm,1
Passport Seva: Application status pending. Pay Rs 1500 verification fee at passport-seva.in/pay,1
ICICI urgent: KYC documents expired. Update Aadhaar/PAN at icici-kyc.in or account frozen,1
Amazon Order #404-1234567-8901234 shipped. Delivery 05-Feb,0
Axis Bank Notice: Suspicious login from new device. Call 9876543210 share OTP,1
Instant loan Rs 50000 approved. Share PAN for disbursement: instantloan.in/approve,1
Axis Bank: FD matured Rs 50000 credited. Acct bal Rs 75234,0
Axis Bank Notice: Suspicious login from new device. Call 9876543210 share OTP,1
Flipkart: Order confirmed #FLK987654321. Expected delivery tomorrow,0
Your GPay transaction Rs 299 failed. Enter UPI PIN at gpay-secure.in/verify,1
ICICI urgent: KYC documents expired. Update Aadhaar/PAN at icici-kyc.in or account frozen,1
BSES: Electricity connection suspended. Clear Rs 1200 at bses-payment.in,1
Axis Bank: FD matured Rs 50000 credited. Acct bal Rs 75234,0
please do not share your otp,0
never tell anyone your bank otp,0
bank will never ask for otp,0
beware of fraud calls,0
do not share your otp,0
please do not share your otp with anyone,0
bank will never ask for your otp,0
never tell your atm pin to anyone,0
do not click unknown links for kyc,0
rbi advises customers to stay alert,0
beware of fraud calls asking otp,0
rbi has warned against fake kyc calls,0
do not update kyc via unknown links,0
your bank will not call for kyc details,0
ignore messages claiming account block,0
trai has issued advisory on spam calls,0
cyber crime helpline number is 1930,0
report fraud on cybercrime.gov.in,0
government warns against digital fraud,0
beware of fake courier delivery messages,0
india post does not ask for otp on call,0
do not pay customs charges via whatsapp,0
never approve unknown upi collect requests,0
upi id cannot debit money without approval,0
banks do not ask you to reverse transactions,0
ignore messages claiming lottery wins,0
no genuine company gives free prizes,0
government warns against lucky draw scams,0
please stay alert against online fraud,0
do not share login credentials with anyone,0
report suspicious messages immediately,0
